{
	"menu_jowi" : "威克",
	"hud_int_hold_grab_the_bag" : "按住 $INTERACT 捡起 $BAG",
	"shavehud_dialog_force_start_title" : "是否要强制开始游戏？",
	"shavehud_dialog_force_start_desc" : "真的要强制游戏开始吗？\n\n请最好在大厅出 Bug，或者有玩家在挂机时使用这个\n确保每个人都有足够的时间选择他的装备。\n\n谢谢 :）",
	"shavehud_dialog_install_title" : "安装: $NAME",
	"shavehud_dialog_install_desc" : "是否要安装 '$NAME'？",
	"shavehud_dialog_remind_later" : "稍后再说",
	"shavehud_dialog_install_fed_inv_desc" : "Federal Inventory 为官方覆盖型 Mod,用彩色图标显示您的武器的面具和部署物\n与CustomHUD搭配使用时效果不错。它会在 BLT 更新器里自动更新。",
	"shavehud_dialog_rename_inv_tab" : "重命名库存页面",
	"shavehud_dialog_rename_inv_tab_desc" : "请输入库存页面的新名称。",
	"shavehud_dialog_save" : "保存",
	"shavehud_dialog_requires_superblt_title" : "[ShaveHUD] 未检测到 SuperBLT！",
	"shavehud_dialog_requires_superblt_desc_long" : "ShaveHUD 需要 SuperBLT 才能工作。\nSuperBLT 为 PAYDAY 2 老 BLT 模组加载器的分支版本，并且有许多重大的改进。 \n它完全向后兼容原版的 BLT Mods。\n\n您可在此链接中查看更多信息与安装介绍： \n$URL",
	"shavehud_dialog_requires_superblt_desc_short" : "ShaveHUD 将不再支持老版本 BLT\n若要继续使用，请更新到 SuperBLT\n您可在此处下载 SuperBLT： '$URL'。",
	"shavehud_dialog_update_install_folder_title" : "[ShaveHUD] 无法启用自动更新！",
	"shavehud_dialog_update_install_folder_desc" : "若要启用自动更新，请将 ShaveHUD 的安装目录重命名为 'ShaveHUD-master'。 \n（当前文件夹名为为 '$FOLDER'）",
	"shavehud_notification_disabled_override_title" : "ShaveHUD: $NAME 当前已禁用。",
	"shavehud_notification_disabled_override_desc" : "如果您改变了主意，点击这里再次询问。",
	"shavehud_notification_restart_override_title" : "ShaveHUD：准备安装 $NAME。",
	"shavehud_notification_restart_override_desc" : "将在重启游戏后开始下载。",
	"shavehud_int_locked" : "按 $BTN_CANCEL 中断",
	"shavehud_int_locked_pager" : "按 $BTN_CANCEL 中断\n（将触发警报）",
	"shavehud_preplanning_save" : "保存计划",
	"shavehud_preplanning_load" : "载入计划",
	"shavehud_preplanning_reset" : "重置计划",
	"shavehud_preplanning_reset_all" : "重置所有计划",
	"shavehud_preplanning_delete" : "删除计划",
	"shavehud_preplanning_save_tooltip_title" : "保存当前的计划:",
	"shavehud_preplanning_save_tooltip_desc" : "保存当前的计划，下次使用时更轻松。",
	"shavehud_preplanning_load_tooltip_title" : "载入已保存的计划:",
	"shavehud_preplanning_load_tooltip_desc" : "打开已保存的计划菜单。",
	"shavehud_preplanning_reset_tooltip_title" : "重置当前的计划:",
	"shavehud_preplanning_reset_tooltip_desc" : "重置当前计划中您的所有花费以及点数。",
	"shavehud_preplanning_reset_all_tooltip_title" : "重置完成的计划:",
	"shavehud_preplanning_reset_all_tooltip_desc" : "重置当前计划中所有人的花费以及点数。",
	"shavehud_preplanning_delete_tooltip_title" : "删除已保存的计划",
	"shavehud_preplanning_delete_tooltip_desc" : "打开删除已保存的计划菜单。",
	"shavehud_preplanning_manager_title" : "预计划管理器",
	"shavehud_preplanning_error_no_saved_plans" : "没有找到已保存的计划。",
	"shavehud_preplanning_error_max_plans_reached" : "计划达到最大数量。",
	"shavehud_preplanning_votes_title" : "点数:",
	"shavehud_preplanning_assets_title" : "花费:",
	"shavehud_preplanning_dialog_save" : "要保存这套计划吗？",
	"shavehud_preplanning_dialog_save_desc" : "$PLAN\n\n\n请为这套计划命名\n（使用已有名称将覆盖原计划）",
	"shavehud_preplanning_dialog_delete" : "要删除这套计划吗？",
	"shavehud_preplanning_dialog_delete_desc" : "您确定要删除 '$NAME' 这套计划吗？",
	"shavehud_preplanning_msg_saved_success" : "这套计划已成功保存。",
	"shavehud_preplanning_msg_saved_failed" : "保存这套计划时发生错误。",
	"shavehud_preplanning_msg_no_save_slot" : "计划达到最大数量。",
	"shavehud_preplanning_msg_no_current_plan" : "您没有计划可以修改。",
	"shavehud_preplanning_msg_loaded_success" : "这套计划已成功加载。",
	"shavehud_preplanning_msg_loaded_failed" : "加载这套计划时发生错误。",
	"shavehud_preplanning_msg_loaded_partitially" : "只能载入部分计划: $ERRORMSG",
	"shavehud_preplanning_msg_loaded_missing_skill" : "缺少技能",
	"shavehud_preplanning_msg_loaded_missing_favours" : "没有足够的点数",
	"shavehud_preplanning_msg_loaded_missing_money" : "没有足够的现金",
	"shavehud_preplanning_msg_reseted_success" : "当前计划已重置。",
	"shavehud_preplanning_msg_reseted_failed" : "重置当前计划时发生错误。",
	"shavehud_preplanning_msg_deleted_success" : "这套计划已成功删除。",
	"shavehud_preplanning_msg_deleted_failed" : "删除这套计划时发生错误。",
	"shavehud_preplanning_msg_folder_creation_failed" : "无法创建文件夹: $FOLDER \n请确保游戏具有所需的权限或手动创建。",
	"shavehud_preplanning_msg_file_creation_failed" : "文件创建失败: $FILE \n请确保游戏具有所需的权限或手动创建。",
	"shavehud_inv_tab_rename_hint" : "双击所选的“库存”选项卡将其重命名。",
	"shavehud_loadout_hours_played" : "$HOURS 小时。",
    "shavehud_profile_switch_title" : "切换配置文件",
    "shavehud_profile_switch_title_profiles" : "配置文件：",
	"victory_most_damage" : "最高伤害：",
	"victory_session_damage" : "总伤害：",
	"shavehud_advassault_phase_title" : "突击状态： ",
	"shavehud_advassault_spawns_title" : "警察数量： ",
	"shavehud_advassault_time_title" : "剩余时间： ",
	"shavehud_advassault_phase_anticipation" : "即将",
	"shavehud_advassault_phase_build" : "构建",
	"shavehud_advassault_phase_sustain" : "持续",
	"shavehud_advassault_phase_fade" : "撤退",
	"shavehud_advassault_time_overdue" : "逾期",
	"shavehud_locked_assault" : "无尽警方突击进行中！！！        ///        尽快撤离这里！！！",
	"shavehud_customhud_interaction_done" : "完成",
	"shavehud_customhud_interaction_aborted" : "终止",
	"shavehud_hudlist_device_timer" : "计时器",
	"shavehud_hudlist_device_drill" : "电钻",
	"shavehud_hudlist_device_hack" : "骇入",
	"shavehud_hudlist_device_saw" : "电锯",
	"shavehud_hudlist_device_security" : "骇入",
	"shavehud_hudlist_device_security_bar" : "骇入 $CURRENT/$TOTAL",
	"shavehud_hudlist_loot_armor" : "护甲",
	"shavehud_hudlist_loot_bomb" : "炸弹",
	"shavehud_hudlist_loot_weapon" : "武器",
	"shavehud_hudlist_loot_diamond" : "钻石",
	"shavehud_hudlist_loot_evidence" : "证据",
	"shavehud_hudlist_loot_toast" : "面包",
	"shavehud_hudlist_loot_crate" : "木箱",
	"shavehud_hudlist_loot_toothbrush" : "牙刷",
	"shavehud_hudlist_loot_bag" : "包",
	"shavehud_hudlist_loot_shoes" : "鞋",
	"shavehud_hudlist_loot_toy" : "玩具",
	"shavehud_hudlist_loot_vr" : "VR",
	"shavehud_hudlist_loot_egg" : "彩蛋",
	"shavehud_hudlist_loot_treasure" : "珍宝",
	"shavehud_hudlist_showcase" : "展示柜",
	"shavehud_hudlist_buff_basic" : "基础",
	"shavehud_hudlist_buff_aced" : "精通",
	"shavehud_hudlist_buff_boost" : "提升",
	"shavehud_hudlist_buff_revive" : "恢复",
	"shavehud_hudlist_buff_crew_inspire_debuff" : "AI复活",
	"shavehud_hudlist_buff_dmg_inc" : "伤害加成",
	"shavehud_hudlist_buff_dmg_dec" : "伤害减免",
	"shavehud_hudlist_buff_mdmg_inc" : "近战伤害",
	"shavehud_hudlist_buff_phealth_reg" : "+HP",
	"shavehud_hudlist_buff_tot_dodge" : "%闪避几率",
	"shavehud_tabstats_total_damage" : "总共伤害:",
	"shavehud_tabstats_tanks_killed" : "击杀防爆特警数:",
	"shavehud_tabstats_cloakers_killed" : "击杀幻影特工数:",
	"shavehud_tabstats_shields_killed" : "击杀盾牌特警数:",
	"shavehud_tabstats_snipers_killed" : "击杀狙击手数:",
	"shavehud_tabstats_tasers_killed" : "击杀泰瑟特警数:",
	"shavehud_tabstats_gensec_killed" : "击杀金赛克数:",
	"shavehud_tabstats_medic_killed" : "击杀医护特警数:",
	"shavehud_tabstats_melee_kills" : "近战击杀数:",
	"shavehud_tabstats_explosion_kills" : "爆破击杀数:",
	"shavehud_tabstats_nonspecial_kills" : "普通击杀数:",
	"shavehud_tabstats_total_kills" : "Total Kills:",
	"shavehud_tabstats_total_revives" : "所有复活（玩家/电脑）:",
	"shavehud_tabstats_alltime_stat" : "全部时间:",
	"shavehud_enemy_civilian" : "平民",
	"shavehud_enemy_mariachi" : "流浪乐团成员",
	"shavehud_enemy_gangster" : "黑帮",
	"shavehud_enemy_biker" : "飞车党",
	"shavehud_enemy_bolivian_security_mex" : "科尤帕黑帮",
	"shavehud_enemy_bolivian_security" : "索萨保安",
	"shavehud_enemy_bolivian_thug" : "索萨暴徒",
	"shavehud_enemy_mobster" : "俄罗斯黑帮",
	"shavehud_enemy_security" : "保安",
	"shavehud_enemy_gensec" : "金赛克部队",
	"shavehud_enemy_cop" : "警察",
	"shavehud_enemy_fbi" : "FBI 特警",
	"shavehud_enemy_swat" : "特警",
	"shavehud_enemy_heavy_swat" : "重型特警",
    "shavehud_enemy_heavy_swat_sniper" : "重型特警狙击手",
	"shavehud_enemy_city_swat" : "城市精英部队/莫奇沃特",
	"shavehud_enemy_shield" : "盾牌特警",
	"shavehud_enemy_spook" : "幻影特工",
	"shavehud_enemy_shadow_spook" :"暗影幻影特工",
	"shavehud_enemy_taser" : "泰瑟特警",
	"shavehud_enemy_sniper" : "狙击手",
	"shavehud_enemy_medic" : "医护特警",
	"shavehud_enemy_tank" : "防爆特警",
	"shavehud_enemy_tank_hw" : "无头防爆特警",
	"shavehud_enemy_tank_medic" : "医护防爆特警",
	"shavehud_enemy_tank_mini" : "机枪防爆特警",
	"shavehud_enemy_phalanx_minion" : "冬日持盾者",
	"shavehud_enemy_phalanx_vip" : "冬日队长",
	"shavehud_enemy_swat_van" : "特警炮塔",
	"shavehud_enemy_ceiling_turret" : "炮塔",
	"shavehud_enemy_aa_turret" : "防空炮塔",
	"shavehud_enemy_crate_turret" : "炮塔",
	"shavehud_enemy_sentry_gun" : "哨戒机枪",
	"shavehud_enemy_mobster_boss" : "政委",
	"shavehud_enemy_chavez_boss" : "查维斯",
	"shavehud_enemy_druglord_boss" : "索萨",
	"shavehud_enemy_druglord_boss_stealth" : "索萨",
	"shavehud_enemy_biker_boss" : "飞车党老大",
	"shavehud_enemy_bank_manager" : "银行经理",
	"shavehud_enemy_dah_ralph" : "拉尔夫·加内特",
	"shavehud_enemy_inside_man" : "内应",
	"shavehud_enemy_escort_undercover" : "税务官",
	"shavehud_enemy_escort_heatstreet" : "马特",
	"shavehud_enemy_escort_chinese_prisoner" : "和夫",
	"shavehud_enemy_escort_cfo" : "加内特 CFO",
	"shavehud_enemy_escort_reservoirdogs" : "粉先生",
	"shavehud_enemy_escort_bain_locke" : "洛克 / 贝恩",
	"shavehud_enemy_drunk_pilot" : "醉酒飞行员",
	"shavehud_enemy_escort" : "护送",
	"shavehud_enemy_boris" : "鲍里斯",
	"shavehud_enemy_spa_vip" : "卡戎",
	"shavehud_enemy_spa_vip_hurt" : "卡戎（负伤）",
	"shavehud_enemy_old_hoxton_mission" : "霍斯顿",
	"shavehud_enemy_locke_mission" : "洛克",
	"shavehud_enemy_hector_boss" : "武装赫克特",
	"shavehud_enemy_hector_boss_no_armor" : "赫克特",
	"shavehud_enemy_reservoirdogs" : "金先生",
	"shavehud_enemy_crew" : "帮派成员",
	"shavehud_enemy_butler" : "奥斯通",
	"shavehud_enemy_vlad" : "弗拉德",
	"shavehud_enemy_kento" : "坚斗",
	"shavehud_enemy_boom" : "掷弹兵",
	"shavehud_enemy_omnia_lpf" : "OMNIA L.P.F.",
	"shavehud_enemy_summers" : "夏日队长",
	"shavehud_enemy_boom_summers" : "莫莉大人",
	"shavehud_enemy_taser_summers" : "工程师 Electrika",
	"shavehud_enemy_medic_summers" : "军士长",
	"shavehud_enemy_spring" : "春日队长",
	"shavehud_enemy_fbi_vet" : "老兵警察",
	"shavehud_enemy_deathvox_light" : "狂热神射手",
	"shavehud_enemy_deathvox_heavy" : "重型狂热神射手",
	"shavehud_multiselect_all" : "全部",
	"shavehud_multiselect_none" : "无",
	"shavehud_multiselect_disabled" : "禁用",
	"shavehud_multiselect_random" : "随机",
	"shavehud_multiselect_left" : "左",
	"shavehud_multiselect_center" : "中",
	"shavehud_multiselect_right" : "右",
	"shavehud_colors_white"  : "白色",
	"shavehud_colors_light_yellow"  : "浅黄色",
	"shavehud_colors_light_orange"  : "浅橘色",
	"shavehud_colors_light_red"  : "浅红色",
	"shavehud_colors_light_purple"  : "浅紫色",
	"shavehud_colors_light_green"  : "浅绿色",
	"shavehud_colors_light_blue"  : "浅蓝色",
	"shavehud_colors_light_gray" : "浅灰色",
	"shavehud_colors_yellow"  : "黄色",
	"shavehud_colors_orange"  : "橘色",
	"shavehud_colors_red" : "红色",
	"shavehud_colors_purple" : "紫色",
	"shavehud_colors_green" : "绿色",
	"shavehud_colors_blue" : "蓝色",
	"shavehud_colors_gray" : "灰色",
	"shavehud_colors_black" : "黑色",
	"shavehud_colors_rainbow" : "彩色",
	"shavehud_options_name" : "ShaveHUD 设置",
	"shavehud_options_help" : "按照个人喜好定制您的 ShaveHUD",
	"shavehud_language_title" : "语言",
	"shavehud_language_desc" : "选择ShaveHUD的本地化语言。\n（重新载入地图生效...）",
	"shavehud_languages_english" : "英语 - English",
	"shavehud_languages_german" : "德语 - German",
	"shavehud_languages_dutch" : "荷兰语 - Dutch",
	"shavehud_languages_french" : "法语 - French",
	"shavehud_languages_italian" : "意大利语 - Italian",
	"shavehud_languages_spanish" : "西班牙语 - Spanish",
	"shavehud_languages_portuguese" : "葡萄牙语 - Portugese",
	"shavehud_languages_russian" : "俄语 - Russian",
	"shavehud_languages_chinese" : "汉语 - Chinese",
	"shavehud_languages_korean" : "韩语 - Korean",
	"shavehud_straight_to_main_menu_title" : "Straight to Main Menu",
	"shavehud_straight_to_main_menu_desc" : "Automatically skips intros and goes straight to the main menu.",
	"shavehud_skip_blackscreen_title" : "跳过任务开场说明",
	"shavehud_skip_blackscreen_desc" : "自动跳过任务开场说明，直接开始任务。\n（仅主机）",
	"shavehud_instant_restart_title" : "立即重启",
	"shavehud_instant_restart_desc" : "自动跳过在线房间里重新开始的5秒倒计时。\n（仅主机）",
	"shavehud_stat_screen_speedup_title" : "结算页面加速",
	"shavehud_stat_screen_speedup_desc" : "自动加快经验结算速度，无需按住空格。",
	"shavehud_stat_screen_delay_title" : "结算界面延迟",
	"shavehud_stat_screen_delay_desc" : "在任务奖励结算后，推迟X秒继续。\n（仅主机）",
	"shavehud_loot_screen_pick_card_title" : "自动选择卡牌",
	"shavehud_loot_screen_pick_card_desc" : "在选择卡牌界面，自动选择一张卡牌",
	"shavehud_loot_screen_pick_specific_card_title" : "自动选择特定的卡牌",
	"shavehud_loot_screen_pick_specific_card_desc" : "指定要自动选择的卡牌",
	"shavehud_loot_screen_instant_cardflip_title" : "Instant Cardflip",
	"shavehud_loot_screen_instant_cardflip_desc" : "Instantly flip selected card.",
	"shavehud_loot_screen_delay_title" : "抽卡界面延迟",
	"shavehud_loot_screen_delay_desc" : "获得一张卡牌后，推迟X秒结束。\n（仅主机，0 = 禁用）",
	"shavehud_replace_weapon_names_title" : "真实武器名字",
	"shavehud_replace_weapon_names_desc" : "更换武器名字，与真实武器的名称相同。\n（重新载入地图生效...）",
	"shavehud_inventory_tab_names_title" : "使用库存标签名称",
	"shavehud_inventory_tab_names_desc" : "自定义您的库存标签名称。\n（通过编辑 '/mods/saves/ShaveHUD_InventoryNames.txt' 自定义您的标签名称）",
	"shavehud_inventory_names_title" : "显示库存框名称",
	"shavehud_inventory_names_desc" : "在其清单内显示您的武器、护甲、装备等的名称。",
	"shavehud_skill_names_title" : "显示技能名称",
	"shavehud_skill_names_desc" : "总是在技能树里面显示技能名字。",
	"shavehud_show_contractor_job_heat_title":"显示合约联系人加成",
	"shavehud_show_contractor_job_heat_desc":"在合约联系人列表中显示合约加成。",
	"shavehud_show_mini_icons_title" : "始终显示小图标",
	"shavehud_show_mini_icons_desc" : "总是显示所有武器的MOD图标，可选多个。",
	"shavehud_no_slowmotion_title" : "关闭慢动作",
	"shavehud_no_slowmotion_desc" : "当您戴上面具和倒地的时候，不会出现慢动作。",
	"shavehud_reset_options_title" : "重置设置",
	"shavehud_reset_options_desc" : "重置所有设置，恢复为默认值。",
	"shavehud_reset_options_confirm" : "您真的确定要重置所有设置，使之恢复为默认值吗？",
	"shavehud_panels_options_name" : "HUD 选项",
	"shavehud_panels_options_help" : "HUD 的一般选项，如自定义 HUD、潜入侦测度、伤害指示器、驾驶 HUD 等等。",
	"shavehud_use_customhud_title" : "使用自定义 HUD",
	"shavehud_use_customhud_desc" : "使用由 Se7en 制作的高级的自定义 HUD 代替默认的HUD\n（重新载入地图生效...）",
	"shavehud_adv_assault_title" : "高级突击横幅",
	"shavehud_adv_assault_desc" : "在突击进行时，主机显示突击阶段，时间和剩余突击时间\n该功能不支持\"联合汉化\"（仅主机）",
	"shavehud_assault_position_title": "突击横幅位置",
	"shavehud_assault_position_desc" : "调整突击横幅的水平位置",
	"shavehud_pacified_civs_title" : "显示控制平民",
	"shavehud_pacified_civs_desc" : "将倒在地上的平民用蓝色对勾符号表示",
	"shavehud_use_realammo_title" : "使用真实弹药",
	"shavehud_use_realammo_desc" : "显示剩余的备用弹药，不包括当前枪支上正在使用的弹药。",
	"shavehud_auto_discard_parachute_title" : "Auto Discard Parachute",
	"shavehud_auto_discard_parachute_desc" : "Automatically discard parachute after landing.",	
	"shavehud_enable_burstmode_title" : "启用连发模式",
	"shavehud_enable_burstmode_desc" : "启用武器连发射击模式",
	"shavehud_playerpanel_options_name" : "玩家面板",
	"shavehud_playerpanel_options_help" : "设置自己的 HUD 面板。",
	"shavehud_teampanels_options_name" : "队友面板",
	"shavehud_teampanels_options_help" : "设置队友的 HUD 面板。",
	"shavehud_panels_position_title" : "位置",
	"shavehud_panels_position_desc" : "HUD面板的水平位置。",
	"shavehud_panels_scale_title" : "缩放",
	"shavehud_panels_scale_desc" : "HUD面板的缩放比例。",
	"shavehud_panels_oppacity_title" : "透明度",
	"shavehud_panels_oppacity_desc" : "设置HUD面板的透明度。",
	"shavehud_panels_show_name_title" : "显示名字",
	"shavehud_panels_show_name_desc" : "显示玩家名字。",
	"shavehud_panels_show_rank_title" : "显示等级",
	"shavehud_panels_rank_name_desc" : "显示玩家等级。",
	"shavehud_panels_truncate_tags_title" : "截断标签。",
	"shavehud_panels_truncate_tags_desc" : "尝试截断玩家名称中的队名标签（如[CN]等）。",
	"shavehud_panels_show_char_title" : "显示角色",
	"shavehud_panels_show_char_desc" : "显示玩家所选的角色。",
	"shavehud_panels_show_ping_title" : "显示延迟",
	"shavehud_panels_show_ping_desc" : "为您显示玩家延迟。",
	"shavehud_panels_show_status_title" : "显示状态",
	"shavehud_panels_show_status_desc" : "显示玩家状态 （生命、护甲等）。",
	"shavehud_panels_condition_icon_color_title" : "状态图标颜色",
	"shavehud_panels_condition_icon_color_desc" : "设置状态图标的颜色（倒地，拘留，天鹅绝唱等）。",
	"shavehud_panels_show_equip_title" : "显示玩家装备",
	"shavehud_panels_show_equip_desc" : "显示玩家可选装备物。",
	"shavehud_panels_show_special_equip_title" : "显示特殊装备",
	"shavehud_panels_show_special_equip_desc" : "显示玩家捡起的特殊装备物。",
	"shavehud_panels_special_equip_rows_title" : "显示装备行",
	"shavehud_panels_special_equip_rows_desc" : "携带装备项目，放置在一个行列。",
	"shavehud_panels_show_callsign_title" : "显示互动圈",
	"shavehud_panels_show_callsign_desc" : "显示该玩家的互动圈。",
	"shavehud_panels_show_stamina_title" : "显示耐力圈",
	"shavehud_panels_show_stamina_desc" : "将耐力圈显示在您的生命圈内侧。",
	"shavehud_panels_show_downcounter_title" : "显示倒地计数器",
	"shavehud_panels_show_downcounter_desc" : "为每一个非AI玩家显示倒地计数器，计数器显示您与队友的剩余倒地次数。",
	"shavehud_panels_show_carry_title" : "显示携带物品",
	"shavehud_panels_show_carry_desc" : "显示携带物品信息。",
	"shavehud_panels_build_show_title" : "显示配置",
	"shavehud_panels_build_show_desc" : "当玩家加入游戏时，显示其配置。",
	"shavehud_panels_build_time_title" : "配置显示时间",
	"shavehud_panels_build_time_desc" : "加入房间玩家的配置将显示X秒。\n（0 = 总是）",
	"shavehud_panels_weapon_icon_title" : "武器图标",
	"shavehud_panels_weapon_icon_desc" : "您想看哪种武器图标？",
	"shavehud_panels_weapon_name_title" : "武器名称",
	"shavehud_panels_weapon_name_desc" : "是否显示武器名称？",
	"shavehud_panels_weapon_ammo_title" : "武器弹药量",
	"shavehud_panels_weapon_ammo_desc" : "武器弹药量的显示模式。",
	"shavehud_panels_weapon_firemode_title" : "武器射击模式",
	"shavehud_panels_weapon_firemode_desc" : "显示或隐藏武器射击模式。",
	"shavehud_panels_hide" : "隐藏",
	"shavehud_panels_selected" : "仅显示正在使用的",
	"shavehud_panels_unselected" : "仅显示未使用的",
	"shavehud_panels_both" : "两个都显示",
	"shavehud_panels_ammo_total" : "只显示总弹量",
	"shavehud_panels_show_interaction_title" : "显示互动",
	"shavehud_panels_show_interaction_desc" : "显示您与队友的互动状态。",
	"shavehud_panels_show_interaction_number_title" : "互动计时器",
	"shavehud_panels_show_interaction_number_desc" : "显示数字计时器",
	"shavehud_panels_show_interaction_text_title" : "互动文字",
	"shavehud_panels_show_interaction_text_desc" : "显示互动文字",
	"shavehud_panels_interaction_time_title" : "最小互动时间",
	"shavehud_panels_interaction_time_desc" : "如果超过X秒，那么只显示队友的互动圈。",
	"shavehud_panels_use_ai_color_title" : "使用自定义机器人颜色",
	"shavehud_panels_use_ai_color_desc" : "使用自定义颜色的AI的名称。（这也影响伤害弹出窗口）",
	"shavehud_panels_ai_color_title" : "自定义机器人颜色",
	"shavehud_panels_ai_color_desc" : "设置用于AI名称的自定义颜色。（这也影响伤害弹出窗口）",
	"shavehud_chat_options_name" : "聊天选项",
	"shavehud_chat_options_help" : "自定义聊天对话框。",
	"shavehud_chat_waittime_title" : "聊天文字淡化时间",
	"shavehud_chat_waittime_desc" : "聊天文字淡化的时间。\n（0 = 从不淡化）",
	"shavehud_chat_fontsize_title" : "聊天字体大小",
	"shavehud_chat_fontsize_desc" : "聊天框中的字体大小。",
	"shavehud_chat_outputlines_title" : "最大文字行数",
	"shavehud_chat_outputlines_desc" : "启用上下滚动查看之前的文字记录。",
	"shavehud_spam_filter_title" : "聊天过滤器",
	"shavehud_spam_filter_desc" : "从您的聊天框中移除PocoHUD和[NGBTO]等多余的MOD前缀信息。\n（如果您真的了解这些信息来自MOD）",
	"shavehud_chat_width_title" : "聊天框宽度",
	"shavehud_chat_width_desc" : "聊天窗口的宽度。",
	"shavehud_chat_inputlines_title" : "聊天框最大输入行数",
	"shavehud_chat_inputlines_desc" : "可以输入的文本行数。",
	"shavehud_chat_colored_bg_title" : "彩色背景",
	"shavehud_chat_colored_bg_desc" : "根据消息源对行信息进行着色。",
	"shavehud_chat_scrollbar_align_title" : "滚动条对齐",
	"shavehud_chat_scrollbar_align_desc" : "对滚动条进行对齐。",
	"shavehud_suspicion_options_name" : "警戒度设置",
	"shavehud_suspicion_options_help" : "设置警戒度显示的大小、以及其他可选组件。",
	"shavehud_suspicion_scale_title" : "警戒度显示",
	"shavehud_suspicion_scale_desc" : "警戒度显示的大小比例。",
	"shavehud_susp_eye_title" : "显示猜疑眼",
	"shavehud_susp_eye_desc" : "显示默认的探测元素。",
	"shavehud_susp_numeric_title" : "警戒度数值显示",
	"shavehud_susp_numeric_desc" : "用数值显示警戒度。",
	"shavehud_susp_numeric_outline_title" : "黑色轮廓",
	"shavehud_susp_numeric_outline_desc" : "为警戒度数值文本添加黑色轮廓",
	"shavehud_killcounter_options_name" : "击杀计数器选项",
	"shavehud_killcounter_options_help" : "击杀计数器的外观选项。",
	"shavehud_killcounter_player_show_killcount_title" : "显示击杀计数器",
	"shavehud_killcounter_player_show_killcount_desc" : "在您的HUD中显示击杀计数器。",
	"shavehud_killcounter_player_color_title" : "计数器颜色",
	"shavehud_killcounter_player_color_desc" : "为击杀计数器设置颜色。",
	"shavehud_killcounter_player_show_special_title" : "特殊敌人计数",
	"shavehud_killcounter_player_show_special_desc" : "单独计数特殊敌人击杀。",
	"shavehud_killcounter_player_show_head_title" : "爆头计数",
	"shavehud_killcounter_player_show_head_desc" : "单独计数爆头击杀。",
	"shavehud_killcounter_player_show_accuracy_title" : "显示命中率",
	"shavehud_killcounter_player_show_accuracy_desc" : "在您的HUD中显示您当前的命中率。",
	"shavehud_killcounter_team_show_killcount_title" : "显示队友计杀器",
	"shavehud_killcounter_team_show_killcount_desc" : "在您的HUD中显示队友的击杀计数器。",
	"shavehud_killcounter_team_color_title" : "队友计数器颜色",
	"shavehud_killcounter_team_color_desc" : "为队友击杀计数器设置颜色。",
	"shavehud_killcounter_team_show_special_title" : "队友的特殊敌人击杀",
	"shavehud_killcounter_team_show_special_desc" : "单独计数队友的特殊敌人击杀。",
	"shavehud_killcounter_team_show_head_title" : "队友爆头计数",
	"shavehud_killcounter_team_show_head_desc" : "单独计数队友的爆头击杀。",
	"shavehud_killcounter_team_show_ai_title" : "AI计数器",
	"shavehud_killcounter_team_show_ai_desc" : "要将AI击杀也要进行计数吗？",
	"shavehud_corpse_limit_title" : "尸体数限制",
	"shavehud_corpse_limit_desc" : "在同一时间内，允许显示多少尸体数？\n（重新载入地图生效...）",
	"shavehud_drivinghud_options_name" : "驾驶 HUD 选项",
	"shavehud_drivinghud_options_help" : "与驾驶 HUD 有关的选项。",
	"shavehud_show_drivinghud_title" : "显示驾驶HUD",
	"shavehud_show_drivinghud_desc" : "驾驶过程中，在右下角显示一个HUD。\n（重新载入地图生效...）",
	"shavehud_drivinghud_scale_title" : "大小比例",
	"shavehud_drivinghud_scale_desc" : "驾驶HUD的大小比例。",
	"shavehud_drivinghud_show_vehicle_title" : "显示车辆图像",
	"shavehud_drivinghud_show_vehicle_desc" : "显示一个有关车辆和车上玩家的小图像。",
	"shavehud_drivinghud_show_health_title" : "显示车辆耐久值",
	"shavehud_drivinghud_show_health_desc" : "显示车辆的耐久值。",
	"shavehud_drivinghud_show_loot_title" : "显示容量",
	"shavehud_drivinghud_show_loot_desc" : "显示车辆当前装载的战利品数量以及可装载的最大值。",
	"shavehud_drivinghud_show_passengers_title" : "显示乘客",
	"shavehud_drivinghud_show_passengers_desc" : "显示车辆的乘客数量和座位总数。",
	"shavehud_drivinghud_show_gear_title" : "显示档位",
	"shavehud_drivinghud_show_gear_desc" : "显示您正使用的档位。",
	"shavehud_drivinghud_show_speed_title" : "显示速度",
	"shavehud_drivinghud_show_speed_desc" : "显示车辆当前的行驶速度。",
	"shavehud_drivinghud_speed_in_mph_title" : "使用英制速度值",
	"shavehud_drivinghud_speed_in_mph_desc" : "使用英制单位显示速度值\n（否则使用公制速度值）",
	"shavehud_drivinghud_show_rpm_title" : "显示转速",
	"shavehud_drivinghud_show_rpm_desc" : "显示车辆的每分钟转数。",
	"shavehud_infopanels_options_name" : "HUD 信息选项",
	"shavehud_infopanels_options_help" : "HUD 列表的信息框选项。",
	"shavehud_use_hudlist_title" : "使用 HUD 列表",
	"shavehud_use_hudlist_desc" : "HUD 列表可以显示很多有用的信息，包括钻机计时器，敌人或战利品计数，地图上的物资等。\n（重新载入地图生效...）",
	"shavehud_hudlist_scale_right_title" : "右侧列表大小比例",
	"shavehud_hudlist_scale_right_desc" : "缩放右侧列表的大小比例。",
	"shavehud_hudlist_scale_left_title" : "左侧列表大小比例",
	"shavehud_hudlist_scale_left_desc" : "缩放左侧列表的大小比例。",
	"shavehud_hudlist_scale_buff_title" : "Buff列表大小",
	"shavehud_hudlist_scale_buff_desc" : "缩放Buff列表的大小比例。",
	"shavehud_hudlist_box_color_title" : "列表字体颜色",
	"shavehud_hudlist_box_color_desc" : "修改左/右列表内的字体颜色。\n（重新载入地图生效...）",
	"shavehud_hudlist_box_bg_color_title" : "列表内背景颜色",
	"shavehud_hudlist_box_bg_color_desc" : "修改左/右列表内的背景颜色。\n（重新载入地图生效...）",
	"shavehud_hudlist_civcolor_title" : "平民颜色",
	"shavehud_hudlist_civcolor_desc" : "修改平民和人质计数器的颜色。",
	"shavehud_hudlist_thugcolor_title" : "黑帮颜色",
	"shavehud_hudlist_thugcolor_desc" : "修改黑帮计数器的颜色。",
	"shavehud_hudlist_copcolor_title" : "敌人颜色",
	"shavehud_hudlist_copcolor_desc" : "修改警察、特警、重装特警、敌人计数器的颜色。",
	"shavehud_hudlist_specialcolor_title" : "特殊敌人颜色",
	"shavehud_hudlist_specialcolor_desc" : "修改特殊敌人和炮塔计数器的颜色。",
	"shavehud_hudlist_progress_alpha_left_title" : "左侧列表提示框透明度",
	"shavehud_hudlist_progress_alpha_left_desc" : "左侧列表提示框透明度。",
	"shavehud_hudlist_progress_alpha_right_title" : "右侧列表提示框透明度",
	"shavehud_hudlist_progress_alpha_right_desc" : "右侧列表提示框透明度。",
	"shavehud_hudlist_progress_alpha_buff_title" : "Buff列表提示框透明度",
	"shavehud_hudlist_progress_alpha_buff_desc" : "Buff列表提示框透明度。",
	"shavehud_hudlist_timers_in_seconds_title" : "计时器以秒计时",
	"shavehud_hudlist_timers_in_second_desc" : "计时器始终以秒单位计时。",
	"shavehud_infopanels_left_options_name" : "左侧列表选项",
	"shavehud_infopanels_left_options_help" : "设置左侧列表内容显示的信息。",
	"shavehud_hudlist_show_timers_title" : "显示计时器",
	"shavehud_hudlist_show_timers_desc" : "显示钻机、电脑入侵等的时间。",
	"shavehud_hudlist_show_equipment_desc" : "是否在您的屏幕右边显示装备。",
	"shavehud_hudlist_show_ammo_bags_title" : "显示弹药包",
	"shavehud_hudlist_show_doc_bags_title" : "显示医疗箱",
	"shavehud_hudlist_show_first_aid_kits_title" : "显示急救包",
	"shavehud_hudlist_show_body_bags_title" : "显示尸体袋",
	"shavehud_hudlist_show_grenade_crates_title" : "显示投掷物",
	"shavehud_hudlist_sentries_title" : "显示哨戒机枪",
	"shavehud_hudlist_sentries_desc" : "显示哨戒机枪的耐久值和剩余弹药。",
	"shavehud_hudlist_hide_empty_sentries_title" : "隐藏无弹药机枪",
	"shavehud_hudlist_hide_empty_sentries_desc" : "隐藏无弹药的哨戒机枪。",
	"shavehud_hudlist_show_ecms_title" : "显示ECM",
	"shavehud_hudlist_show_ecms_desc" : "显示ECM的激活时间",
	"shavehud_hudlist_show_ecm_retrigger_title" : "显示可再次触发的ECM",
	"shavehud_hudlist_show_ecm_retrigger_desc" : "当ECM可以重新触发时重新显示。",
	"shavehud_hudlist_show_minions_title" : "显示变节敌人",
	"shavehud_hudlist_show_minions_desc" : "显示所有变节敌人的血量。",
	"shavehud_hudlist_show_own_minions_only_title" : "自己的变节敌人",
	"shavehud_hudlist_show_own_minions_only_desc" : "只显示自己的变节敌人。",
	"shavehud_hudlist_show_pagers_title" : "显示对讲机",
	"shavehud_hudlist_show_pagers_desc" : "在触发警报前，显示对讲机的剩余时间。",
	"shavehud_hudlist_show_tape_loop_title" : "显示摄像头循环",
	"shavehud_hudlist_show_tape_loop_desc" : "显示摄像头循环的剩余时间。",
	"shavehud_hudlist_remove_answered_pagers_title" : "移除对讲机图标",
	"shavehud_hudlist_remove_answered_pagers_desc" : "如果有玩家回答，就移除掉对讲机图标。",
	"shavehud_infopanels_right_options_name" : "右侧列表选项",
	"shavehud_infopanels_right_options_help" : "设置右侧列表内容显示的信息。\n您可能需要花费一些时间了解图标代表的信息。",
	"shavehud_hudlist_show_enemies_title" : "显示敌人",
	"shavehud_hudlist_show_enemies_desc" : "显示地图上所有敌人的数量。",
	"shavehud_hudlist_aggregate_enemies_title" : "敌人总数",
	"shavehud_hudlist_aggregate_enemies_desc" : "在一个HUD中显示全部敌人。",
	"shavehud_hudlist_show_turrets_title" : "显示炮塔",
	"shavehud_hudlist_show_turrets_desc" : "在地图上显示炮塔车辆。",
	"shavehud_hudlist_show_civilians_title" : "显示平民",
	"shavehud_hudlist_show_civilians_desc" : "显示地图上所有平民数量。",
	"shavehud_hudlist_show_hostages_title" : "显示人质",
	"shavehud_hudlist_show_hostages_desc" : "显示人质数量。",
	"shavehud_hudlist_aggregate_hostages_title" : "人质总数",
	"shavehud_hudlist_aggregate_hostages_desc" : "将所有类型的人质显示在一个信息框中。",
	"shavehud_hudlist_show_minion_count_title" : "显示警察人质",
	"shavehud_hudlist_show_minion_count_desc" : "显示警察人质数量。",
	"shavehud_hudlist_show_pager_count_title" : "显示对讲机数量",
	"shavehud_hudlist_show_pager_count_desc" : "在潜行过程中，显示已回答的对讲机数量。",
	"shavehud_hudlist_show_cam_count_title" : "显示摄像头数量",
	"shavehud_hudlist_show_cam_count_desc" : "在潜行过程中，显示正在工作的摄像头数量。",
	"shavehud_hudlist_show_bodybags_count_title" : "显示尸体袋数量",
	"shavehud_hudlist_show_bodybags_count_desc" : "在潜行过程中，显示尸体袋扩展库存。",
	"shavehud_hudlist_show_corpse_count_title" : "显示尸体数量",
	"shavehud_hudlist_show_corpse_count_desc" : "在潜行过程中，显示尸体与袋装尸体的数量。",
	"shavehud_hudlist_show_loot_title" : "显示战利品",
	"shavehud_hudlist_show_loot_desc" : "显示当前地图上可获取的战利品数量。",
	"shavehud_hudlist_aggregate_loot_title" : "战利品计数",
	"shavehud_hudlist_aggregate_loot_desc" : "在一个计数器中统计所有的战利品类型。",
	"shavehud_hudlist_separate_bagged_loot_title" : "区分装袋战利品",
	"shavehud_hudlist_separate_bagged_loot_desc" : "未装袋和装袋的战利品分开计数。",
	"shavehud_hudlist_show_potential_loot_title" : "显示潜在的战利品",
	"shavehud_hudlist_show_potential_loot_desc" : "显示地图上的箱子里潜在的战利品数量。\n（可能里面啥都没有...）",
	"shavehud_hudlist_show_special_pickups_title" : "显示可捡起的特殊物品",
	"shavehud_hudlist_show_special_pickups_desc" : "显示地图上所有的化学品、钥匙卡和其他的材料数量。",
	"shavehud_hudlist_show_mission_pickups_title" : "显示任务的特殊物品",
	"shavehud_hudlist_show_mission_pickups_desc" : "在地图上显示化学品，钥匙卡，木板和其他任务特殊物品的数量。",
	"shavehud_hudlist_show_collectables_pickups_title" : "显示收藏品",
	"shavehud_hudlist_show_collectables_pickups_desc" : "显示地图上盖奇包、特别行动任务的武器箱/钥匙之类物品的数量。",
	"shavehud_hudlist_show_valuables_pickups_title" : "显示特殊战利品",
	"shavehud_hudlist_show_valuables_pickups_desc" : "显示有价值的物品，如地图上的钱包或项链。",
	"shavehud_infopanels_buff_options_name" : "Buff 列表选项",
	"shavehud_infopanels_buff_options_help" : "关于 Buff 信息列表的选项。",
	"shavehud_infopanels_buff_mastermind_options_name" : "黑手技能",
	"shavehud_infopanels_buff_mastermind_options_help" : "启用或禁用显示黑手技能 BUFF。\n（重新载入地图生效...）",
	"shavehud_infopanels_buff_enforcer_options_name" : "暴徒技能",
	"shavehud_infopanels_buff_enforcer_options_help" : "启用或禁用显示暴徒技能 BUFF。\n（重新载入地图生效...）",
	"shavehud_infopanels_buff_technician_options_name" : "技师技能",
	"shavehud_infopanels_buff_technician_options_help" : "启用或禁用显示技师技能 BUFF。\n（重新载入地图生效...）",
	"shavehud_infopanels_buff_ghost_options_name" : "幽灵技能",
	"shavehud_infopanels_buff_ghost_options_help" : "启用或禁用显示幽灵技能 BUFF。\n（重新载入地图生效...）",
	"shavehud_infopanels_buff_fugitive_options_name" : "逃犯技能",
	"shavehud_infopanels_buff_fugitive_options_help" : "启用或禁用显示逃犯技能 BUFF。\n（重新载入地图生效...）",
	"shavehud_infopanels_buff_perkdecks_options_name" : "天赋牌组",
	"shavehud_infopanels_buff_perkdecks_options_help" : "启用或禁用显示天赋牌组技能 BUFF。\n（重新载入地图生效...）",
	"shavehud_infopanels_buff_gageboosts_options_name" : "盖奇加强",
	"shavehud_infopanels_buff_gageboosts_options_help" : "启用或禁用显示盖奇加强。",
	"shavehud_infopanels_buff_henchmen_options_name" : "AI技能或加成",
	"shavehud_infopanels_buff_henchmen_options_help" : "启用或禁用显示AI技能或加成。",
	"shavehud_hudlist_show_buffs_title" : "显示 Buffs",
	"shavehud_hudlist_show_buffs_desc" : "在屏幕的底部中间，显示激活的 Buffs。",
	"shavehud_hudlist_damage_increase_compbuff_title" : "伤害提升 Buff",
	"shavehud_hudlist_damage_increase_compbuff_desc" : "综合 Buff 项目，显示已加入的所有的技能伤害提高值。",
	"shavehud_hudlist_damage_reduction_compbuff_title" : "伤害减免 Buff",
	"shavehud_hudlist_damage_reduction_compbuff_desc" : "综合 Buff 项目，显示已加入的所有的技能伤害减免值。",
	"shavehud_hudlist_melee_damage_increase_compbuff_title" : "近战伤害提高 Buff",
	"shavehud_hudlist_melee_damage_increase_compbuff_desc" : "综合 Buff 项目，显示已加入的所有的技能近战伤害提高值。",
	"shavehud_hudlist_passive_health_regen_compbuff_title" : "被动生命恢复",
	"shavehud_hudlist_passive_health_regen_compbuff_desc" : "综合 Buff 项目，显示已加入的所有的技能生命恢复效果值。",
	"shavehud_hudlist_total_dodge_chance_compbuff_title" : "总闪避几率",
	"shavehud_hudlist_total_dodge_chance_compbuff_desc" : "综合 Buff 项目，显示所有闪避增加技能的附加值。",
	"shavehud_hudlist_aggressive_reload_aced_buff_title" : "迅猛装填",
	"shavehud_hudlist_aggressive_reload_aced_buff_desc" : "",
	"shavehud_hudlist_ammo_efficiency_buff_title" : "节约弹药",
	"shavehud_hudlist_ammo_efficiency_buff_desc" : "",
	"shavehud_hudlist_armor_break_invulnerable_buff_title" : "闪电战（反动派）",
	"shavehud_hudlist_armor_break_invulnerable_buff_desc" : "",
	"shavehud_hudlist_berserker_buff_title" : "狂战士",
	"shavehud_hudlist_berserker_buff_desc" : "",
	"shavehud_hudlist_biker_buff_title" : "远景眺望（飞车党恢复）",
	"shavehud_hudlist_biker_buff_desc" : "",
	"shavehud_hudlist_bloodthirst_basic_buff_title" : "嗜血（基础）",
	"shavehud_hudlist_bloodthirst_basic_buff_desc" : "",
	"shavehud_hudlist_bloodthirst_aced_buff_title" : "嗜血（精通）",
	"shavehud_hudlist_bloodthirst_aced_buff_desc" : "",
	"shavehud_hudlist_bullet_storm_buff_title" : "子弹风暴",
	"shavehud_hudlist_bullet_storm_buff_desc" : "",
	"shavehud_hudlist_close_contact_buff_title" : "近身格斗术（渗透者）",
	"shavehud_hudlist_close_contact_buff_desc" : "",
	"shavehud_hudlist_combat_medic_buff_title" : "战地医疗（主动）",
	"shavehud_hudlist_combat_medic_buff_desc" : "",
	"shavehud_hudlist_combat_medic_passive_buff_title" : "战地医疗（被动）",
	"shavehud_hudlist_combat_medic_passive_buff_desc" : "",
	"shavehud_hudlist_desperado_buff_title" : "亡命之徒",
	"shavehud_hudlist_desperado_buff_desc" : "",
	"shavehud_hudlist_die_hard_buff_title" : "威武不屈",
	"shavehud_hudlist_die_hard_buff_desc" : "",
	"shavehud_hudlist_dire_need_buff_title" : "缓兵之计",
	"shavehud_hudlist_dire_need_buff_desc" : "",
	"shavehud_hudlist_frenzy_buff_title" : "狂乱",
	"shavehud_hudlist_frenzy_buff_desc" : "",
	"shavehud_hudlist_grinder_buff_title" : "生命恢复（冲锋手）",
	"shavehud_hudlist_grinder_buff_desc" : "",
	"shavehud_hudlist_chico_injector_buff_title" : "注射器持续时间（金并）",
	"shavehud_hudlist_chico_injector_buff_desc" : "",
	"shavehud_hudlist_damage_control_debuff_title" : "忍耐（修士）",
	"shavehud_hudlist_damage_control_debuff_desc" : "",
	"shavehud_hudlist_delayed_damage_buff_title" : "伤害延迟（修士）",
	"shavehud_hudlist_delayed_damage_buff_desc" : "",
	"shavehud_hudlist_hostage_situation_buff_title" : "劫持事件（领队）",
	"shavehud_hudlist_hostage_situation_buff_desc" : "",
	"shavehud_hudlist_hostage_taker_buff_title" : "绑架大师",
	"shavehud_hudlist_hostage_taker_buff_desc" : "",
	"shavehud_hudlist_inspire_buff_title" : "领袖鼓舞（移速增益）",
	"shavehud_hudlist_inspire_buff_desc" : "",
	"shavehud_hudlist_lock_n_load_buff_title" : "子弹上膛",
	"shavehud_hudlist_lock_n_load_buff_desc" : "",
	"shavehud_hudlist_melee_stack_damage_buff_title" : "近战攻击命中加伤叠加（渗透者）",
	"shavehud_hudlist_melee_stack_damage_buff_desc" : "",
	"shavehud_hudlist_maniac_buff_title" : "出声者死（反社会者）",
	"shavehud_hudlist_maniac_buff_desc" : "",
	"shavehud_hudlist_muscle_regen_buff_title" : "回血（肌肉男）",
	"shavehud_hudlist_muscle_regen_buff_desc" : "",
	"shavehud_hudlist_messiah_buff_title" : "弥赛亚",
	"shavehud_hudlist_messiah_buff_desc" : "",
	"shavehud_hudlist_overdog_buff_title" : "略占上风（渗透者）",
	"shavehud_hudlist_overdog_buff_desc" : "",
	"shavehud_hudlist_overkill_buff_title" : "大开杀戒",
	"shavehud_hudlist_overkill_buff_desc" : "",
	"shavehud_hudlist_painkiller_buff_title" : "镇痛剂",
	"shavehud_hudlist_painkiller_buff_desc" : "",
	"shavehud_hudlist_partner_in_crime_buff_title" : "犯罪团伙",
	"shavehud_hudlist_partner_in_crime_buff_desc" : "",
	"shavehud_hudlist_running_from_death_buff_title" : "逃离死劫",
	"shavehud_hudlist_running_from_death_buff_desc" : "",
	"shavehud_hudlist_pocket_ecm_jammer_buff_title" : "便携式ECM持续时间（黑客）",
	"shavehud_hudlist_pocket_ecm_jammer_buff_desc" : "",
	"shavehud_hudlist_pocket_ecm_kill_dodge_buff_title" : "便携式ECM闪避（黑客）",
	"shavehud_hudlist_pocket_ecm_kill_dodge_buff_desc" : "",
	"shavehud_hudlist_quick_fix_buff_title" : "应急处理",
	"shavehud_hudlist_quick_fix_buff_desc" : "",
	"shavehud_hudlist_second_wind_buff_title" : "卷土重来",
	"shavehud_hudlist_second_wind_buff_desc" : "",
	"shavehud_hudlist_sixth_sense_buff_title" : "第六感",
	"shavehud_hudlist_sixth_sense_buff_desc" : "",
	"shavehud_hudlist_sicario_dodge_buff_title" : "额外闪避加成（行者）",
	"shavehud_hudlist_sicario_dodge_buff_desc" : "",
	"shavehud_hudlist_smoke_screen_buff_title" : "烟雾弹（行者）",
	"shavehud_hudlist_smoke_screen_buff_desc" : "",
	"shavehud_hudlist_tag_team_buff_title" : "电子烟（双人搭档）",
	"shavehud_hudlist_tag_team_buff_desc" : "",
	"shavehud_hudlist_swan_song_buff_title" : "九命猫",
	"shavehud_hudlist_swan_song_buff_desc" : "",
	"shavehud_hudlist_tooth_and_claw_buff_title" : "张牙舞爪（杀手）",
	"shavehud_hudlist_tooth_and_claw_buff_desc" : "",
	"shavehud_hudlist_trigger_happy_buff_title" : "好战分子",
	"shavehud_hudlist_trigger_happy_buff_desc" : "",
	"shavehud_hudlist_underdog_buff_title" : "困兽之斗",
	"shavehud_hudlist_underdog_buff_desc" : "",
	"shavehud_hudlist_unseen_strike_buff_title" : "暗中打击",
	"shavehud_hudlist_unseen_strike_buff_desc" : "",
	"shavehud_hudlist_up_you_go_buff_title" : "重获新生",
	"shavehud_hudlist_up_you_go_buff_desc" : "",
	"shavehud_hudlist_uppers_buff_title" : "兴奋剂",
	"shavehud_hudlist_uppers_buff_desc" : "",
	"shavehud_hudlist_yakuza_buff_title" : "回甲速度（极道）",
	"shavehud_hudlist_yakuza_buff_desc" : "",
	"shavehud_hudlist_anarchist_armor_recovery_debuff_title" : "求生欲望（反动派）",
	"shavehud_hudlist_anarchist_armor_recovery_debuff_desc" : "",
	"shavehud_hudlist_ammo_give_out_debuff_title" : "弹药分享（赌徒）",
	"shavehud_hudlist_ammo_give_out_debuff_desc" : "",
	"shavehud_hudlist_bullseye_debuff_title" : "正中靶心",
	"shavehud_hudlist_bullseye_debuff_desc" : "",
	"shavehud_hudlist_inspire_debuff_title" : "春哥战吼",
	"shavehud_hudlist_inspire_debuff_desc" : "",
	"shavehud_hudlist_inspire_revive_debuff_title" : "战吼冷却",
	"shavehud_hudlist_inspire_revive_debuff_desc" : "",
	"shavehud_hudlist_life_drain_debuff_title" : "生命汲取（渗透者）",
	"shavehud_hudlist_life_drain_debuff_desc" : "",
	"shavehud_hudlist_medical_supplies_debuff_title" : "医疗补给（赌徒）",
	"shavehud_hudlist_medical_supplies_debuff_desc" : "",
	"shavehud_hudlist_sociopath_debuff_title" : "反社会者恢复相关的BUFF",
	"shavehud_hudlist_sociopath_debuff_desc" : "",
	"shavehud_hudlist_armorer_teambuff_title" : "液态装甲（军械士）",
	"shavehud_hudlist_armorer_teambuff_desc" : "",
	"shavehud_hudlist_bulletproof_teambuff_title" : "震撼与敬畏",
	"shavehud_hudlist_bulletproof_teambuff_desc" : "",
	"shavehud_hudlist_crew_chief_teambuff_title" : "团队属性加成（领队）",
	"shavehud_hudlist_crew_chief_teambuff_desc" : "",
	"shavehud_hudlist_forced_friendship_teambuff_title" : "强制友谊",
	"shavehud_hudlist_forced_friendship_teambuff_desc" : "",
	"shavehud_hudlist_life_steal_gage_debuff_title" : "生命偷取（盖奇）",
	"shavehud_hudlist_life_steal_gage_debuff_desc" : "",
	"shavehud_hudlist_invulnerable_gage_buff_title" : "无敌（盖奇）",
	"shavehud_hudlist_invulnerable_gage_buff_desc" : "",
	"shavehud_hudlist_crew_inspire_debuff_title" : "精神鼓舞（AI全队技能）",
	"shavehud_hudlist_crew_inspire_debuff_desc" : "",
	"shavehud_hudlist_crew_throwable_regen_buff_title" : "囤积者（AI全队加成）",
	"shavehud_hudlist_crew_throwable_regen_buff_desc" : "",
	"shavehud_hudlist_crew_health_regen_buff_title" : "治疗者（AI全队加成）",
	"shavehud_hudlist_crew_health_regen_buff_desc" : "",
	"shavehud_waypoints_options_name" : "自定义标识选项",
	"shavehud_waypoints_options_help" : "该选项用来配置一些自定义标识。",
	"shavehud_waypoints_color_title" : "标识颜色",
	"shavehud_waypoints_color_desc" : "为标识设置默认颜色。",
	"shavehud_waypoints_show_ammo_bag_title" : "弹药包",
	"shavehud_waypoints_show_ammo_bag_desc" : "为弹药包显示所在位置与剩余百分比。",
	"shavehud_waypoints_show_doc_bag_title" : "医疗箱标识",
	"shavehud_waypoints_show_doc_bag_desc" : "为医疗箱显示所在位置与剩余次数。",
	"shavehud_waypoints_show_first_aid_kit_title" : "急救包",
	"shavehud_waypoints_show_first_aid_kit_desc" : "为急救包显示所在位置与技能作用范围。",
	"shavehud_waypoints_show_body_bag_title" : "尸体袋箱",
	"shavehud_waypoints_show_body_bag_desc" : "为尸体袋箱显示所在位置与剩余尸体袋数量。",
	"shavehud_waypoints_show_grenade_crate_title" : "投掷物补给箱",
	"shavehud_waypoints_show_grenade_crate_desc" : "为投掷物补给箱显示所在位置与剩余弹量。",
	"shavehud_waypoints_show_sentries_title" : "哨戒机枪",
	"shavehud_waypoints_show_sentries_desc" : "为哨戒机枪显示所在位置与剩余弹量。",
	"shavehud_waypoints_show_ecms_title" : "ECM",
	"shavehud_waypoints_show_ecms_desc" : "为ECM显示所在位置与剩余屏蔽/反馈时间。",
	"shavehud_waypoints_show_timers_title" : "计时器",
	"shavehud_waypoints_show_timers_desc" : "为计时器显示所在位置、剩余时间与可用升级。",
	"shavehud_waypoints_show_loot_title" : "战利品袋",
	"shavehud_waypoints_show_loot_desc" : "为您附近的战利品袋显示战利品名称。",
	"shavehud_waypoints_loot_icon_title" : "战利品图标",
	"shavehud_waypoints_loot_icon_desc" : "在已打包的战利品上显示袋子图标。",
	"shavehud_waypoints_loot_offset_title" : "战利品高度偏移",
	"shavehud_waypoints_loot_offset_desc" : "设置战利品上文字的高度偏移量。",
	"shavehud_waypoints_loot_bagged_offset_title" : "袋装战利品高度偏移",
	"shavehud_waypoints_loot_bagged_offset_desc" : "设置袋装战利品上文字的高度偏移。",
	"shavehud_waypoints_loot_angle_title" : "可见角度",
	"shavehud_waypoints_loot_angle_desc" : "设置文本标签可见的角度。",
	"shavehud_waypoints_show_special_equipment_title" : "显示特殊装备",
	"shavehud_waypoints_show_special_equipment_desc" : "显示各种不同装备的标识。方便记住所有不同的位置。",
	"shavehud_waypoints_show_minions_title" : "显示转化警察",
	"shavehud_waypoints_show_minions_desc" : "在转化警察的头上显示名字，用颜色区别是谁转化了他，同时也显示他的击杀计数器。",
	"shavehud_waypoints_show_pager_title" : "显示对讲机",
	"shavehud_waypoints_show_pager_desc" : "显示所在位置与激活的对讲机标识。当有人回答它时则改变颜色。",
	"shavehud_tabstats_options_name" : "TAB 统计选项",
	"shavehud_tabstats_options_help" : "配置您的 TAB 统计面板外观。",
	"shavehud_tabstats_clock_mode_title" : "时间模式",
	"shavehud_tabstats_clock_mode_desc" : "您想使用哪种时间模式？",
	"shavehud_tabstats_clock_mode_a" : "12 小时制",
	"shavehud_tabstats_clock_mode_b" : "24 小时制",
	"shavehud_tabstats_clock_mode_c" : "劫案时间",
	"shavehud_use_tabstats_title" : "使用 TAB 统计",
	"shavehud_use_tabstats_desc" : "按 TAB 键显示统计数据，而不是普通的统计及任务简报。\n（重新载入地图生效...）",
	"shavehud_tabstats_font_size_title" : "列表字体大小",
	"shavehud_tabstats_font_size_desc" : "设置高级统计列表的字体大小。",
	"shavehud_tabstats_color_title" : "列表颜色",
	"shavehud_tabstats_color_desc" : "设置高级统计列表的颜色。",
	"shavehud_tabstats_actual_mask_title" : "使用真实面具",
	"shavehud_tabstats_actual_mask_desc" : "用您实际使用的面具代替您当前使用角色的图片。",
	"shavehud_tabstats_numeric_loot_title" : "战利品计数器",
	"shavehud_tabstats_numeric_loot_desc" : "停用袋子图标计数，直接用数字显示。",
	"shavehud_crewloadout_options_name" : "队友装备选项",
	"shavehud_crewloadout_options_help" : "选择在哪显示队友的装备和技能。",
	"shavehud_crewloadout_lobby_title" : "在大厅显示",
	"shavehud_crewloadout_lobby_desc" : "在大厅屏幕上添加一个按钮，可以显示您和您队友的装备。",
	"shavehud_crewloadout_cs_lobby_title" : "在罪无止境大厅显示",
	"shavehud_crewloadout_cs_lobby_desc" : "在罪无止境大厅的配置和奖励旁边添加一个新的标签。",
	"shavehud_crewloadout_briefing_title" : "在简报中更换",
	"shavehud_crewloadout_briefing_desc" : "替换任务简报中的默认“队友装备”面板。",
	"shavehud_crewloadout_tabscreen_title" : "在标签屏幕上显示",
	"shavehud_crewloadout_tabscreen_desc" : "在大厅中显示技能，天赋和当前玩家延迟。\n（如果您使用Lobby Player Info的功能，则为禁用）",
    "shavehud_profilemenu_replace_title" : "更换配置文件菜单",
    "shavehud_profilemenu_replace_desc" : "用 ShaveHUD 的配置文件菜单替换默认的菜单。",
	"shavehud_dmgindicator_options_name" : "伤害指示器",
	"shavehud_dmgindicator_options_help" : "为您的伤害指示器设置淡化时间、大小和颜色。",
	"shavehud_show_dmg_indicator_title" : "动态伤害指示器",
	"shavehud_show_dmg_indicator_desc" : "将4个静态伤害指示器，分成若干动态的，根据您的位置和造成伤害的方向进行移动。",
	"shavehud_dmg_ind_time_title" : "指示器持续时间",
	"shavehud_dmg_ind_time_desc" : "决定指示器显示的时间。",
	"shavehud_dmg_ind_size_title" : "指示器大小",
	"shavehud_dmg_ind_size_desc" : "决定指示器圆的大小以及位置。",
	"shavehud_dmg_indicator_max_count_title" : "指示器最大数值",
	"shavehud_dmg_indicator_max_count_desc" : "指定屏幕上伤害的最大值。",
	"shavehud_dmg_shield_color_title" : "护甲颜色",
	"shavehud_dmg_shield_color_desc" : "这是当您的护甲未被消耗完、被击中时的颜色。",
	"shavehud_dmg_health_color_title" : "血量颜色",
	"shavehud_dmg_health_color_desc" : "当您无护甲，被击中时的血量颜色。",
	"shavehud_dmg_crit_color_title" : "低血量颜色",
	"shavehud_dmg_crit_color_desc" : "当您的血量很低，且无护甲，再被击中时的颜色。",
	"shavehud_dmg_vehicle_color_title" : "车辆颜色",
	"shavehud_dmg_vehicle_color_desc" : "当您的驾驶车辆被击中时的颜色。",
	"shavehud_dmg_friendlyfire_color_title" : "友军误伤颜色",
	"shavehud_dmg_friendlyfire_color_desc" : "当您被队友所制造出来的火、爆炸受伤时的颜色。",
	"shavehud_dmgpopup_options_name" : "敌人伤害弹窗",
	"shavehud_dmgpopup_options_help" : "在敌人附近弹窗，显示所造成的伤害。",
	"shavehud_show_dmg_popup_title" : "显示伤害弹窗",
	"shavehud_show_dmg_popup_desc" : "开启伤害弹窗。",
	"shavehud_dmg_popup_player" : "队友",
	"shavehud_dmg_popup_all" : "每个人",
	"shavehud_dmg_popup_scale_title" : "弹窗尺寸",
	"shavehud_dmg_popup_scale_desc" : "改变伤害弹窗的大小。",
	"shavehud_dmg_popup_skull_scale_title" : "头像图标大小",
	"shavehud_dmg_popup_skull_scale_desc" : "击杀致死时，改变头像图标的大小。",
	"shavehud_dmg_popup_skull_align_title" : "头像图标对齐",
	"shavehud_dmg_popup_skull_align_desc" : "击杀致死时，改变头像图标的对齐方式。",
	"shavehud_dmg_popup_time_title" : "弹窗时间",
	"shavehud_dmg_popup_time_desc" : "决定弹窗滞留时间。",
	"shavehud_dmg_popup_height_title" : "弹窗高度",
	"shavehud_dmg_popup_height_desc" : "设置击中敌人时，弹窗所在的高度。",
	"shavehud_dmg_popup_alpha_title" : "弹窗不透明度",
	"shavehud_dmg_popup_alpha_desc" : "设置弹窗的不透明度。",
	"shavehud_dmg_popup_color_title" : "击中身体弹窗颜色",
	"shavehud_dmg_popup_color_desc" : "设置击中敌军身体时，弹出窗口的颜色。（除头部）",
	"shavehud_dmg_popup_critical_color_title" : "暴击弹窗颜色",
	"shavehud_dmg_popup_critical_color_desc" : "设置暴击时，弹出窗口的颜色。",
	"shavehud_dmg_popup_headshot_color_title" : "爆头弹窗颜色",
	"shavehud_dmg_popup_headshot_color_desc" : "设置击中敌军头部时，弹出窗口的颜色。",
	"shavehud_enemyhealthbar_options_name" : "敌人生命条",
	"shavehud_enemyhealthbar_options_help" : "决定哪些类型敌人显示生命条。",
	"shavehud_show_floatinghealthbar_title" : "Show Floating Enemy Healthbar",
	"shavehud_show_floatinghealthbar_desc" : "Display Floating Enemy Healthbar at the top enter, when aiming at an enemy.",
	"shavehud_show_enemyhealthbar_title" : "显示敌人生命条",
	"shavehud_show_enemyhealthbar_desc" : "瞄准敌人时，显示敌人生命条。\n（重新载入地图生效...）",
	"shavehud_show_civhealthbar_title" : "平民生命条",
	"shavehud_show_civhealthbar_desc" : "显示平民和队友AI的生命条。",
	"shavehud_show_carhealthbar_title" : "显示车辆生命条",
	"shavehud_show_carhealthbar_desc" : "为可驾驶的车辆显示生命条。",
	"shavehud_show_healthbar_pointer_title" : "显示指针",
	"shavehud_show_healthbar_pointer_desc" : "在血条下显示指针以指示当前血量。",
	"shavehud_interaction_options_name" : "互动选项",
	"shavehud_interaction_options_help" : "选择您的个人喜好的互动方式",
	"shavehud_press2hold_lock_mode_title" : "锁定模式",
	"shavehud_press2hold_lock_mode_desc" : "超过多少秒锁定正在进行的互动（进行）。\n锁定超过多少秒总时间的互动（全部）。",
	"shavehud_press2hold_lock_mode_a" : "进行",
	"shavehud_press2hold_lock_mode_b" : "全部",
	"shavehud_press2hold_lock_mode_c" : "对讲机+开锁器",
	"shavehud_press2hold_lock_mode_d" : "只有对讲机",
	"shavehud_press2hold_min_timer_duration_title" : "最小锁定时间",
	"shavehud_press2hold_min_timer_duration_desc" : "锁定互动的最小时间。",
	"shavehud_press2hold_show_lockindicator_title" : "显示锁定指示器",
	"shavehud_press2hold_show_lockindicator_desc" : "红圈表示互动被锁定/绿圈表示互动未被锁定。",
	"shavehud_press2hold_equipment_cancel_title" : "放置装备中断",
	"shavehud_press2hold_equipment_cancel_desc" : "放置装备时按一下自动按住。（再按一下即可中断）",
	"shavehud_press2hold_interrupt_hint_title" : "显示中断提示",
	"shavehud_press2hold_interrupt_hint_desc" : "显示文本提醒您，按哪个键会打断您的互动。",
	"shavehud_press2hold_show_timer_title" : "显示剩余时间",
	"shavehud_press2hold_show_timer_desc" : "在互动圆圈内显示剩余时间。",
	"shavehud_press2hold_show_circle_title" : "显示互动圈",
	"shavehud_press2hold_show_circle_desc" : "决定是否显示标准的互动圆圈。",
	"shavehud_press2hold_circle_scale_title" : "圆圈大小",
	"shavehud_press2hold_circle_scale_desc" : "缩放互动圆圈大小及中间计时器。",
	"shavehud_press2hold_timer_scale_title" : "计时器大小",
	"shavehud_press2hold_timer_scale_desc" : "中心计时器的缩放比例。",
	"shavehud_press2hold_text_scale_title" : "文字大小",
	"shavehud_press2hold_text_scale_desc" : "缩放圆圈下方的互动文本。",
	"shavehud_press2hold_show_reload_circle_title" : "显示装填计时器",
	"shavehud_press2hold_show_reload_circle_desc" : "决定是否显示装填时的计时器。",
	"shavehud_press2hold_show_melee_circle_title" : "显示近战蓄力",
	"shavehud_press2hold_show_melee_circle_desc" : "决定是否显示近战最大蓄力时的计时器。",
	"shavehud_press2hold_timer_color_start_title" : "计时器开始颜色",
	"shavehud_press2hold_timer_color_start_desc" : "设置计时器开始时的颜色。",
	"shavehud_press2hold_timer_color_title" : "计时完成颜色",
	"shavehud_press2hold_timer_color_desc" : "在计时时间完成时的颜色。\n（例如：当互动圆圈结束时）",
	"shavehud_press2hold_show_timer_outline_title" : "黑色轮廓",
	"shavehud_press2hold_show_timer_outline_desc" : "在剩余时间文本周围显示黑色轮廓。",
	"shavehud_doubletap_nades_stealth_title" : "隐身抑制能手",
	"shavehud_doubletap_nades_stealth_desc" : "选中此项后，潜入时大部分不消音的东西都需要双击,以防止事故。",
	"shavehud_hold_to_pick_title" : "自动拾取",
	"shavehud_hold_to_pick_desc" : "Automatically pick up small loot.",
	"shavehud_press_to_mask_title" : "Press to Mask Up",
	"shavehud_press_to_mask_desc" : "When checked, you only have to press (rather than hold) to mask up.",
	"shavehud_inventory_options_name" : "装备调整选项",
	"shavehud_inventory_options_help" : "设置您的装备在游戏中的默认状态。",
	"shavehud_equipment_senty_auto_ap_title" : "炮台自动开启 AP 模式",
	"shavehud_equipment_senty_auto_ap_desc" : "如果您有相关技能，当炮台放置时，会自动开启 AP 模式。",
	"shavehud_equipment_tripmine_auto_sensor_stealth_title" : "诡雷自动开启感应模式",
	"shavehud_equipment_tripmine_auto_sensor_stealth_desc" : "当您在潜行中放置诡雷，诡雷将自动开启感应模式。",
	"shavehud_equipment_ecm_feedback_disabled_stealth_title" : "关闭 ECM 反馈",
	"shavehud_equipment_ecm_feedback_disabled_stealth_desc" : "当您在潜行过程中，ECM 反馈会被关闭。",
	"shavehud_equipment_shaped_charge_disabled_stealth_title" : "C4 开门",
	"shavehud_equipment_shaped_charge_disabled_stealth_desc" : "勾选后，您需要双击才能在潜行中部署\n以防止事故。",
	"shavehud_equipment_keycard_doors_disabled_title" : "钥匙卡禁用",
	"shavehud_equipment_keycard_doors_disabled_desc" : "越狱第二天需要双击才能关闭门\n以防止事故。",
	"shavehud_override_fedinv" : "启用 Federal Inventory（彩色装备库）",
	"shavehud_override_fedinv_desc" : "启用彩色装备库图标。\n需要重启游戏才能完全生效。",
	"shavehud_gadget_options_name" : "武器配件设置",
	"shavehud_gadget_options_help" : "自定义激光颜色。",
	"shavehud_laser_autoon_title" : "自动打开激光",
	"shavehud_laser_autoon_desc" : "每局开头前，自动将带有激光武器打开激光。",
	"shavehud_show_angled_sight_title" : "显示角度视野",
	"shavehud_show_angled_sight_desc" : "当启用角度视野时，您的手中的武器将会倾斜。",
	"shavehud_gadget_player_laser_options_name" : "玩家的激光",
	"shavehud_gadget_player_laser_options_help" : "设置自己的激光颜色。",
	"shavehud_gadget_player_sentry_laser_options_name" : "玩家的哨戒机枪",
	"shavehud_gadget_player_sentry_laser_options_help" : "设置您的哨戒机枪激光颜色。",
	"shavehud_gadget_team_laser_options_name" : "队友的激光",
	"shavehud_gadget_team_laser_options_help" : "设置队友的激光颜色。",
	"shavehud_gadget_team_sentry_laser_options_name" : "队友哨戒机枪激光",
	"shavehud_gadget_team_sentry_laser_options_help" : "设置队友哨戒机枪的激光颜色。",
	"shavehud_gadget_sniper_laser_options_name" : "狙击手激光",
	"shavehud_gadget_sniper_laser_options_help" : "设置狙击手的激光颜色。",
	"shavehud_gadget_turret_laser_active_options_name" : "炮塔激光 （激活）",
	"shavehud_gadget_turret_laser_active_options_help" : "设置炮塔激光的激光颜色。",
	"shavehud_gadget_turret_laser_rearming_options_name" : "炮塔激光 （重新装弹）",
	"shavehud_gadget_turret_laser_rearming_options_help" : "设置炮塔激光装填弹药时的激光颜色。",
	"shavehud_gadget_turret_laser_mad_options_name" : "炮塔激光 （疯狂）",
	"shavehud_gadget_turret_laser_mad_options_help" : "设置炮塔激光疯狂时的激光颜色。",
	"shavehud_gadget_player_flashlight_options_name" : "玩家手电筒",
	"shavehud_gadget_player_flashlight_options_help" : "设置您的手电筒。",
	"shavehud_gadget_team_flashlight_options_name" : "队友手电筒",
	"shavehud_gadget_team_flashlight_options_help" : "设置队友的手电筒。",
	"shavehud_gadgets_enabled_title" : "覆盖颜色设置",
	"shavehud_gadgets_enabled_desc" : "使用这里的设置，覆盖游戏中原定的设置。",
	"shavehud_gadgets_beam_r_title" : "激光光束（红）",
	"shavehud_gadgets_beam_r_desc" : "激光颜色的红色分量。",
	"shavehud_gadgets_beam_g_title" : "激光光束（绿）",
	"shavehud_gadgets_beam_g_desc" : "激光颜色的绿色分量。",
	"shavehud_gadgets_beam_b_title" : "激光光束（蓝）",
	"shavehud_gadgets_beam_b_desc" : "激光颜色的蓝色分量。",
	"shavehud_gadgets_beam_a_title" : "激光光束透明度",
	"shavehud_gadgets_beam_a_desc" : "激光光束的透明度。",
	"shavehud_gadgets_dot_match_title" : "映射点颜色",
	"shavehud_gadgets_dot_match_desc" : "激光点应匹配光束的颜色。",
	"shavehud_gadgets_dot_r_title" : "激光点（红）",
	"shavehud_gadgets_dot_r_desc" : "激光点颜色的红色分量。",
	"shavehud_gadgets_dot_g_title" : "激光点（绿）",
	"shavehud_gadgets_dot_g_desc" : "激光点颜色的绿色分量。",
	"shavehud_gadgets_dot_b_title" : "激光点（蓝）",
	"shavehud_gadgets_dot_b_desc" : "激光点颜色的蓝色分量。",
	"shavehud_gadgets_dot_a_title" : "激光点透明度",
	"shavehud_gadgets_dot_a_desc" : "激光点的透明度。",
	"shavehud_gadgets_glow_match_title" : "光芒颜色",
	"shavehud_gadgets_glow_match_desc" : "激光光芒应匹配光束的颜色。",
	"shavehud_gadgets_glow_r_title" : "激光光芒（红）",
	"shavehud_gadgets_glow_r_desc" : "激光光芒颜色的红色分量。",
	"shavehud_gadgets_glow_g_title" : "激光光芒（绿）",
	"shavehud_gadgets_glow_g_desc" : "激光光芒颜色的绿色分量。",
	"shavehud_gadgets_glow_b_title" : "激光光芒（蓝）",
	"shavehud_gadgets_glow_b_desc" : "激光光芒颜色的蓝色分量。",
	"shavehud_gadgets_glow_a_title" : "激光光芒透明度",
	"shavehud_gadgets_glow_a_desc" : "激光光芒的透明度。",
	"shavehud_gadgets_light_r_title" : "手电筒（红）",
	"shavehud_gadgets_light_r_desc" : "手电筒颜色的红色分量。",
	"shavehud_gadgets_light_g_title" : "手电筒（绿）",
	"shavehud_gadgets_light_g_desc" : "手电筒颜色的绿色分量。",
	"shavehud_gadgets_light_b_title" : "手电筒（蓝）",
	"shavehud_gadgets_light_b_desc" : "手电筒颜色的蓝色分量。",
	"shavehud_gadgets_light_brightness_title" : "手电筒亮度",
	"shavehud_gadgets_light_brightness_desc" : "设置手电筒亮度。",
	"shavehud_gadgets_light_angle_title" : "手电筒光照角度",
	"shavehud_gadgets_light_angle_desc" : "设置手电筒的光照角度。",
	"shavehud_gadgets_light_range_title" : "手电筒的照射范围",
	"shavehud_gadgets_light_range_desc" : "设置手电筒可以覆盖的距离。",
	"shavehud_gadgets_rainbow_enabled_title" : "启用虹光",
	"shavehud_gadgets_rainbow_enabled_desc" : "启用虹光模式。",
	"shavehud_gadgets_rainbow_frequency_title" : "虹光频率",
	"shavehud_gadgets_rainbow_frequency_desc" : "配置虹光改变颜色的速度。",
	"shavehud_gadgets_pulse_enabled_title" : "启用脉冲",
	"shavehud_gadgets_pulse_enabled_desc" : "激活脉冲模式。",
	"shavehud_gadgets_pulse_min_title" : "脉冲最小透明度",
	"shavehud_gadgets_pulse_min_desc" : "最小透明度修正值。",
	"shavehud_gadgets_pulse_max_title" : "脉冲最大透明度",
	"shavehud_gadgets_pulse_max_desc" : "最大透明度修正值。",
	"shavehud_gadgets_pulse_frequency_title" : "脉冲频率",
	"shavehud_gadgets_pulse_frequency_desc" : "从最小透明度到最大透明度所需的脉冲时间。",
	"shavehud_skipit_options_name" : "跳过选项",
	"shavehud_skipit_options_help" : "自动跳过不必要的菜单，节省您的时间。",
	"shavehud_assaultbanner_options_name" : "突击横幅选项",
	"shavehud_assaultbanner_options_help" : "更改突击横幅的选项。",
	"shavehud_create_empty_lobby_title" : "Create Empty Lobby",
	"shavehud_create_empty_lobby_desc" : "Create a contractless multiplayer lobby.\n(defaults to friends-only, changeable to public or private)",
	"shavehud_item_insta_custody_mod_id" : "Go into custody",
	"shavehud_item_insta_custody_mod_desc" : "Do you want to go into custody?",
	"shavehud_chat_insta_custody_mod_msg" : "\"Instant Custody\" mod was used.",
	"shavehud_dialog_insta_custody_mod_yes" : "Yes",
	"shavehud_dialog_insta_custody_mod_no" : "No",
	"shavehud_autokick_cheat_mods_title": "Autokick Cheat Mods",
    "shavehud_autokick_cheat_mods_desc": "Automatically kick players using cheat mods (that can impact your gameplay)",
    "shavehud_badass_camera_title": "Badass Camera",
    "shavehud_badass_camera_desc": "Enable cinematic camera effects in main menu",
    "shavehud_bag_tilt_removal_title": "Bag Carry Tilt Removal",
    "shavehud_bag_tilt_removal_desc": "Disable the camera tilt when carrying bags",
    "shavehud_bigger_better_replaced_title": "Bigger Better Replaced",
    "shavehud_bigger_better_replaced_desc": "Replaces \"The Bigger The Better\" with \"SpecOps Suppressor\" (model only)",
    "shavehud_bullet_decapitations_title": "Bullet Dismemberment",
    "shavehud_bullet_decapitations_desc": "Improved gore effects",
    "shavehud_clear_descriptions_title": "Clear Descriptions",
    "shavehud_clear_descriptions_desc": "Improved descriptions for weapon gadgets and special ammo",
    "shavehud_correct_armor_sorting_title": "Correct Armor Sorting",
    "shavehud_correct_armor_sorting_desc": "Order armor by protection in ascending order",
    "shavehud_fix_counter_taser_title": "Counter-Taser Animation",
    "shavehud_fix_counter_taser_desc": "Restore the counter-taser animation",
    "shavehud_difficulty_animation_title": "Blackscreen Difficulty Animation",
    "shavehud_difficulty_animation_desc": "Animated difficulty indicator on blackscreen",
    "shavehud_disable_telemetry_title": "Disable Spyware",
    "shavehud_disable_telemetry_desc": "Disable the game's built-in telemetry",
    "shavehud_enable_akimbo_mode_title": "Akimbo Firemode Toggle",
    "shavehud_enable_akimbo_mode_desc": "Activate Akimbo Firemode Toggle Keybind",
    "shavehud_fix_ability_use_title": "Perkdeck Ability Use Fix",
    "shavehud_fix_ability_use_desc": "Allow using perkdeck abilities while driving or shooting",
    "shavehud_fix_auto_fire_sound_title": "Autofire Sound Fix",
    "shavehud_fix_auto_fire_sound_desc": "Prevent duplicate sound playback on single shots",
    "shavehud_fix_bot_bullet_collision_title": "Disable Bot Bullet Collision",
    "shavehud_fix_bot_bullet_collision_desc": "Allow player shots to pass through Team AI",
    "shavehud_fix_bullet_push_title": "Disable Killing Bullet Push",
    "shavehud_fix_bullet_push_desc": "Disable the killing bullet push that causes visual glitches (Shotguns and Stealth unaffected)",
    "shavehud_fix_cloaker_cam_lock_title": "Disable Cloaker Camera Lock",
    "shavehud_fix_cloaker_cam_lock_desc": "Prevents Cloakers from locking your camera",
    "shavehud_fix_correct_diff_enemies_title": "Correct Difficulty Enemies",
    "shavehud_fix_correct_diff_enemies_desc": "Prevent wrong enemies spawning",
    "shavehud_fix_crimespree_crash_loss_title": "Crimespree Crash Loss Fix",
    "shavehud_fix_crimespree_crash_loss_desc": "Prevents losing your crimespree after crashing",
    "shavehud_fix_crimespree_phalanx_spawn_limit_title": "Crimespree Phalanx Spawn Limit",
    "shavehud_fix_crimespree_phalanx_spawn_limit_desc": "Forces Phalanx Shields to adhere to spawn limits",
    "shavehud_fix_crimespree_rankspread_filter_title": "Crimespree Rank Spread Filter Fix",
    "shavehud_fix_crimespree_rankspread_filter_desc": "Fixes the Rank Spread Filter",
    "shavehud_fix_diff_check_fallback_title": "Difficulty Check Fallback Fix",
    "shavehud_fix_diff_check_fallback_desc": "Fixes scripted spawns which are broken on Mayhem/Death Sentence",
    "shavehud_fix_dozer_sprint_title": "Bulldozer Sprint Fix",
    "shavehud_fix_dozer_sprint_desc": "Prevent Bulldozers from sprinting near players, as originally intended",
    "shavehud_fix_keep_heist_outfits_title": "Keep specific heist outfits",
    "shavehud_fix_keep_heist_outfits_desc": "Override outfits if the heist has a specific one (client-side only)",
    "shavehud_fix_logical_heist_outfits_title": "Extend specific heist outfits",
    "shavehud_fix_logical_heist_outfits_desc": "Use Parka for Boiling Point, Legacy Tactical for Slaughterhouse",
    "shavehud_fix_reload_speed_boost_title": "Reload Speed Boost Fix",
    "shavehud_fix_reload_speed_boost_desc": "Allow reload speed boost affectig single reload weapons",
    "shavehud_fix_shotgun_reload_title": "Shotgun Reload Fix",
    "shavehud_fix_shotgun_reload_desc": "Fix an issue where Shotguns and similar weapons only reload one round",
    "shavehud_fix_stale_lobby_title": "Stale Lobby Contract Fix",
    "shavehud_fix_stale_lobby_desc": "Report lobby as contractless to Steam rather than the last finished heist",
    "shavehud_fixes_options_name": "Fixes",
    "shavehud_hidden_dlc_title": "Hide Latest DLC ad",
    "shavehud_hidden_dlc_desc": "Hide latest DLC advertisement on main menu",
    "shavehud_hidden_updates_title": "Hide Content Updates",
    "shavehud_hidden_updates_desc": "Hide Content Updates on main menu",
    "shavehud_instant_custody_title": "Instant Custody",
    "shavehud_instant_custody_desc": "Enables menu option to go into custody voluntarily",
    "shavehud_instant_pick_gage_title": "Instant Gage Package Pickup",
    "shavehud_instant_pick_gage_desc": "Instantly pick up Gage packages",
    "shavehud_inventory_count_title": "Inventory Count",
    "shavehud_inventory_count_desc": "Display additional information for throwables and equipment",
    "shavehud_kick_friend_title": "Don't Ban Friends",
    "shavehud_kick_friend_desc": "Allow friends to rejoin your lobby after a kick",
    "shavehud_ladder_improvements_title": "Ladder Improvements",
    "shavehud_ladder_improvements_desc": "Makes ladder handling much more intuitive, see modwork.shop/23192",
    "shavehud_mask_in_outfit_screen_title": "Show Mask in outfit screen",
    "shavehud_mask_in_outfit_screen_desc": "Display your mask in outfit screen",
    "shavehud_misc_options_name": "Other",
    "shavehud_mod_list_lite_title": "Modlist Lite",
    "shavehud_mod_list_lite_desc": "Prevent modlist from loading icons",
    "shavehud_no_fade_title": "Disable Fade to Black",
    "shavehud_no_fade_desc": "Remove Fade to Black in main menu",
    "shavehud_no_red_lasers_title": "No Red Teammate Lasers",
    "shavehud_no_red_lasers_desc": "Replaces red teammate lasers with the default green",
    "shavehud_no_sway_title": "Disable Fake Weapon Sway",
    "shavehud_no_sway_desc": "Remove fake weapon sway when aiming down sights",
    "shavehud_no_weapon_rotation_title": "Disable Weapon Rotation",
    "shavehud_no_weapon_rotation_desc": "Remove Weapon Preview Rotation in the Blackmarket",
    "shavehud_player_blood_title": "Player Bloodsplats",
    "shavehud_player_blood_desc": "Generate bloodsplats when players are hit",
    "shavehud_redundant_card_removal_title": "Remove Redundant Cards",
    "shavehud_redundant_card_removal_desc": "Remove money and experience from the loot table",
    "shavehud_returnable_mask_components_title": "Return Mask Components",
    "shavehud_returnable_mask_components_desc": "Allow returning mask components",
    "shavehud_shield_despawn_timer_title": "Shield Despawn Timer",
    "shavehud_shield_despawn_timer_desc": "Despawn dead Shields after a timeout",
    "shavehud_shield_despawn_timer_value_title": "Despawn Timeout",
    "shavehud_shield_despawn_timer_value_desc": "Timeout in seconds for despawning dead Shields",
    "shavehud_skin_hider_title": "Hide Skins in Lobby",
    "shavehud_skin_hider_desc": "Display Infamy cards instad of skins in lobby (where applicable)",
    "shavehud_starring_title": "Blackscreen Starring",
    "shavehud_starring_desc": "Display player and character names on blackscreen",
    "shavehud_vehicle_fov_title": "Vehicle FOV",
    "shavehud_vehicle_fov_desc": "Override FOV for all vehicles",
    "shavehud_vehicle_fov_value_title": "Override Value",
    "shavehud_vehicle_fov_value_desc": "Set FOV for all vehicles to this",
	"shavehud_fix_third_person_recoil_title": "Third Person Recoil",
	"shavehud_fix_third_person_recoil_desc": "Enable firing/recoil animations for most weapons in third person"
}