{
	"menu_jowi": "Wick",
	"hud_int_hold_grab_the_bag": "Houd $INTERACT vast om $BAG te pakken",
	"shavehud_dialog_force_start_title": "Forceer starten van de game?",
	"shavehud_dialog_force_start_desc": "Weet je zeker dat je de game wilt forceren om te starten?\n\nGebruik dit alleen als de lobby gebug'd is of er een speler afwezig is.\nWees er zeker van dat iedereen de tijd heeft gehad om zijn uitrusting te kiezen.\n\nDankjewel :)",
	"shavehud_dialog_install_title": "Installeer: $NAME",
	"shavehud_dialog_install_desc": "Wil je '$NAME' installeren?",
	"shavehud_dialog_remind_later": "Vraag me later weer",
	"shavehud_dialog_install_fed_inv_desc": "Federal Inventory is an override mod, that gives you colorized icons for your weapons masks and deployables.\nIt looks great in when used with CustomHUD and will use BLTs Updater.",
	"shavehud_dialog_rename_inv_tab": "Rename Inventory Page",
	"shavehud_dialog_rename_inv_tab_desc": "Please enter the new name for this Inventory page.",
	"shavehud_dialog_save": "Save",
	"shavehud_dialog_requires_superblt_title": "[ShaveHUD] No SuperBLT detected!",
	"shavehud_dialog_requires_superblt_desc_long": "ShaveHUD requires SuperBLT in order to work.\nSuperBLT is a fork of the BLT mod-loading hook for PAYDAY 2, with a number of major improvements. \nIt is fully backwards-compatable with regular BLT mods.\n\nYou can find further information and installation instructions here: \n$URL",
	"shavehud_dialog_requires_superblt_desc_short": "ShaveHUD is no longer compatable with regular BLT.\nPlease update to SuperBLT to continue using it.\nYou can find SuperBLT at '$URL'.",
	"shavehud_dialog_update_install_folder_title": "[ShaveHUD] Auto-Updates compromised!",
	"shavehud_dialog_update_install_folder_desc": "For automatic updates, ShaveHUD's install folder \nneeds to be named 'mods/ShaveHUD/'. \n(Currently its 'mods/$FOLDER/')",
	"shavehud_notification_disabled_override_title": "ShaveHUD: $NAME is currently disabled.",
	"shavehud_notification_disabled_override_desc": "If you changed your mind, click here to get asked again.",
	"shavehud_notification_restart_override_title": "ShaveHUD: $NAME is ready to install.",
	"shavehud_notification_restart_override_desc": "Please restart your game to start the download.",
	"shavehud_int_locked": "PRESS $BTN_CANCEL TO INTERRUPT",
	"shavehud_int_locked_pager": "PRESS $BTN_CANCEL TO INTERRUPT\n(TRIGGERS ALARM)",
	"shavehud_preplanning_save": "Save Plan",
	"shavehud_preplanning_load": "Load Plan",
	"shavehud_preplanning_reset": "Reset Plan",
	"shavehud_preplanning_reset_all": "Reset All",
	"shavehud_preplanning_delete": "Delete Plan",
	"shavehud_preplanning_save_tooltip_title": "Save current Plan:",
	"shavehud_preplanning_save_tooltip_desc": "Save your current Plan, and have an easier time next time on this mission.",
	"shavehud_preplanning_load_tooltip_title": "Load last Plan:",
	"shavehud_preplanning_load_tooltip_desc": "Opens a menu with all your saved plans.",
	"shavehud_preplanning_reset_tooltip_title": "Reset current Plan:",
	"shavehud_preplanning_reset_tooltip_desc": "Removes all your assets from the current plan, as well as your votes.",
	"shavehud_preplanning_reset_all_tooltip_title": "Reset complete Plan:",
	"shavehud_preplanning_reset_all_tooltip_desc": "Removes everyones assets from the current plan, as well as your votes.",
	"shavehud_preplanning_delete_tooltip_title": "Delete saved Plan",
	"shavehud_preplanning_delete_tooltip_desc": "Clean up your saved plans and delete a few.",
	"shavehud_preplanning_manager_title": "Preplanning Manager",
	"shavehud_preplanning_error_no_saved_plans": "No saved Plans found.",
	"shavehud_preplanning_error_max_plans_reached": "Maximum amount of saved Plans reached.",
	"shavehud_preplanning_votes_title": "Votes:",
	"shavehud_preplanning_assets_title": "Assets:",
	"shavehud_preplanning_dialog_save": "Save Plan?",
	"shavehud_preplanning_dialog_save_desc": "$PLAN\n\n\nPlease enter a name for this plan.\n(Using an existing name will overwrite that plan.)",
	"shavehud_preplanning_dialog_delete": "Delete Plan?",
	"shavehud_preplanning_dialog_delete_desc": "Are you sure you want to delete Plan '$NAME'?",
	"shavehud_preplanning_msg_saved_success": "Current plan was saved successfully.",
	"shavehud_preplanning_msg_saved_failed": "An error occurred while saving plan.",
	"shavehud_preplanning_msg_no_save_slot": "Maximum amount of saved Plans reached.",
	"shavehud_preplanning_msg_no_current_plan": "You have nothing planned, that can be saved.",
	"shavehud_preplanning_msg_loaded_success": "Plan was loaded successfully.",
	"shavehud_preplanning_msg_loaded_failed": "An error occurred while loading plan.",
	"shavehud_preplanning_msg_loaded_partitially": "Plan was loaded partially: $ERRORMSG",
	"shavehud_preplanning_msg_loaded_missing_skill": "Missing a Skill",
	"shavehud_preplanning_msg_loaded_missing_favours": "Not enough favours",
	"shavehud_preplanning_msg_loaded_missing_money": "Not enough money",
	"shavehud_preplanning_msg_reseted_success": "Current Plan reset.",
	"shavehud_preplanning_msg_reseted_failed": "An error occurred while resetting current plan.",
	"shavehud_preplanning_msg_deleted_success": "Plan was deleted successfully.",
	"shavehud_preplanning_msg_deleted_failed": "An error occurred while deleting saved plan.",
	"shavehud_preplanning_msg_folder_creation_failed": "Failed to create folder: $FOLDER \nPlease make sure the game has the required permissions or create it manually.",
	"shavehud_preplanning_msg_file_creation_failed": "Failed to create file: $FILE \nPlease make sure the game has the required permissions or create it manually.",
	"shavehud_inv_tab_rename_hint": "Double click the selected Inventory tab to rename it.",
	"shavehud_loadout_hours_played": "$HOURS hrs.",
    "shavehud_profile_switch_title": "Switch Profiles",
    "shavehud_profile_switch_title_profiles": "Profile:",
	"victory_most_damage": "Highest Damage:",
	"victory_session_damage": "Total Damage:",
	"shavehud_advassault_phase_title": "Assault Phase: ",
	"shavehud_advassault_spawns_title": "Spawns Left: ",
	"shavehud_advassault_time_title": "Time Left: ",
	"shavehud_advassault_phase_anticipation": "Anticipation",
	"shavehud_advassault_phase_build": "Build",
	"shavehud_advassault_phase_sustain": "Sustain",
	"shavehud_advassault_phase_fade": "Fade",
	"shavehud_advassault_time_overdue": "OVERDUE",
	"shavehud_locked_assault": "Endless Police Assault!!!  Get out as soon as possible!!!",
	"shavehud_customhud_interaction_done": "DONE",
	"shavehud_customhud_interaction_aborted": "ABORTED",
	"shavehud_hudlist_device_timer": "Timer",
	"shavehud_hudlist_device_drill": "Drill",
	"shavehud_hudlist_device_hack": "Hack",
	"shavehud_hudlist_device_saw": "Saw",
	"shavehud_hudlist_device_security": "Hacks",
	"shavehud_hudlist_device_security_bar": "Hack $CURRENT/$TOTAL",
	"shavehud_hudlist_loot_armor": "Armor",
	"shavehud_hudlist_loot_bomb": "Bomb",
	"shavehud_hudlist_loot_weapon": "Weapon",
	"shavehud_hudlist_loot_diamond": "Diamond",
	"shavehud_hudlist_loot_evidence": "Evidence",
	"shavehud_hudlist_loot_toast": "Toast",
	"shavehud_hudlist_loot_crate": "Crate",
	"shavehud_hudlist_loot_toothbrush": "Brush",
	"shavehud_hudlist_loot_bag": "Bag",
	"shavehud_hudlist_loot_shoes": "Shoes",
	"shavehud_hudlist_loot_toy": "Toy",
	"shavehud_hudlist_loot_vr": "Headset",
	"shavehud_hudlist_loot_egg": "Egg",
	"shavehud_hudlist_loot_treasure": "Treasure",
	"shavehud_hudlist_showcase": "Showcase",
	"shavehud_hudlist_buff_basic": "Basic",
	"shavehud_hudlist_buff_aced": "Aced",
	"shavehud_hudlist_buff_boost": "Boost",
	"shavehud_hudlist_buff_revive": "Revive",
	"shavehud_hudlist_buff_crew_inspire_debuff": "Revive (AI)",
	"shavehud_hudlist_buff_dmg_inc": "+Dmg",
	"shavehud_hudlist_buff_dmg_dec": "-Dmg",
	"shavehud_hudlist_buff_mdmg_inc": "+M.Dmg",
	"shavehud_hudlist_buff_phealth_reg": "+HP",
	"shavehud_hudlist_buff_tot_dodge": "%Dodge",
	"shavehud_tabstats_total_damage": "Total Damage:",
	"shavehud_tabstats_tanks_killed": "Bulldozers killed:",
	"shavehud_tabstats_cloakers_killed": "Cloakers killed:",
	"shavehud_tabstats_shields_killed": "Shields killed:",
	"shavehud_tabstats_snipers_killed": "Snipers killed:",
	"shavehud_tabstats_tasers_killed": "Tasers killed:",
	"shavehud_tabstats_gensec_killed": "GENSEC killed:",
	"shavehud_tabstats_medic_killed": "Medics killed:",
	"shavehud_tabstats_melee_kills": "Melee Kills:",
	"shavehud_tabstats_explosion_kills": "Explosion Kills:",
	"shavehud_tabstats_nonspecial_kills": "Non Special Kills:",
	"shavehud_tabstats_total_kills": "Total Kills:",
	"shavehud_tabstats_total_revives": "Total Revives (P/AI):",
	"shavehud_tabstats_alltime_stat": "All Time:",
	"shavehud_enemy_civilian": "Civilian",
	"shavehud_enemy_mariachi": "Mariachi Band Member",
	"shavehud_enemy_gangster": "Gangster",
	"shavehud_enemy_biker": "Biker",
	"shavehud_enemy_bolivian_security_mex": "Coyopa Security",
	"shavehud_enemy_bolivian_security": "Sosa Security",
	"shavehud_enemy_bolivian_thug": "Sosa Thug",
	"shavehud_enemy_mobster": "Russian Mobster",
	"shavehud_enemy_security": "Security Guard",
	"shavehud_enemy_gensec": "GENSEC Unit",
	"shavehud_enemy_cop": "Police Officer",
	"shavehud_enemy_fbi": "FBI Unit",
	"shavehud_enemy_swat": "SWAT Unit",
	"shavehud_enemy_heavy_swat": "Heavy SWAT",
    "shavehud_enemy_heavy_swat_sniper": "Heavy SWAT Sniper",
	"shavehud_enemy_city_swat": "Elite Unit",
	"shavehud_enemy_shield": "Shield",
	"shavehud_enemy_spook": "Cloaker",
	"shavehud_enemy_shadow_spook" :"Shadow Cloaker",
	"shavehud_enemy_taser": "Taser",
	"shavehud_enemy_sniper": "Sniper",
	"shavehud_enemy_medic": "Medic",
	"shavehud_enemy_tank": "Bulldozer",
	"shavehud_enemy_tank_hw": "Headless Dozer",
	"shavehud_enemy_tank_medic": "Medic Dozer",
	"shavehud_enemy_tank_mini": "Minigun Dozer",
	"shavehud_enemy_phalanx_minion": "Winters Shield",
	"shavehud_enemy_phalanx_vip": "Captain Winters",
	"shavehud_enemy_swat_van": "SWAT TURRET",
	"shavehud_enemy_ceiling_turret": "TURRET",
	"shavehud_enemy_aa_turret": "Anti-Air Turret",
	"shavehud_enemy_crate_turret": "Turret",
	"shavehud_enemy_sentry_gun": "SENTRY GUN",
	"shavehud_enemy_mobster_boss": "The Commissar",
	"shavehud_enemy_chavez_boss": "Chavez",
	"shavehud_enemy_druglord_boss": "Sosa Boss",
	"shavehud_enemy_druglord_boss_stealth": "Sosa Boss",
	"shavehud_enemy_biker_boss": "Biker Boss",
	"shavehud_enemy_bank_manager": "Bank Manager",
	"shavehud_enemy_dah_ralph": "Ralph Garnet",
	"shavehud_enemy_inside_man": "Inside Man",
	"shavehud_enemy_escort_undercover": "Taxman",
	"shavehud_enemy_escort_heatstreet": "Matt",
	"shavehud_enemy_escort_chinese_prisoner": "Kazo",
	"shavehud_enemy_escort_cfo": "Garnett CFO",
	"shavehud_enemy_escort_reservoirdogs": "Mr. Pink",
	"shavehud_enemy_escort_bain_locke": "Locke / Bain",
	"shavehud_enemy_drunk_pilot": "Drunk Pilot",
	"shavehud_enemy_escort": "Escort",
	"shavehud_enemy_boris": "Boris",
	"shavehud_enemy_spa_vip": "Charon",
	"shavehud_enemy_spa_vip_hurt": "Charon (Hurt)",
	"shavehud_enemy_old_hoxton_mission": "Hoxton",
	"shavehud_enemy_locke_mission": "Locke",
	"shavehud_enemy_hector_boss": "Armoured Hector",
	"shavehud_enemy_hector_boss_no_armor": "Hector",
	"shavehud_enemy_reservoirdogs": "Mr. Blonde",
	"shavehud_enemy_crew": "Crew Member",
	"shavehud_enemy_butler": "Aldstone",
	"shavehud_enemy_vlad": "Vlad",
	"shavehud_enemy_kento": "Kento",
	"shavehud_enemy_boom": "Grenadier",
	"shavehud_enemy_omnia_lpf": "OMNIA L.P.F.",
	"shavehud_enemy_summers": "Captain Summers",
	"shavehud_enemy_boom_summers": "Major Molly",
	"shavehud_enemy_taser_summers": "Engineer Electrika",
	"shavehud_enemy_medic_summers": "Sergeant Doc",
	"shavehud_enemy_spring": "Captain Spring",
	"shavehud_enemy_fbi_vet": "Veteran Cop",
	"shavehud_enemy_deathvox_light": "ZEAL Unit",
	"shavehud_enemy_deathvox_heavy": "Heavy ZEAL",
	"shavehud_multiselect_all": "All",
	"shavehud_multiselect_none": "None",
	"shavehud_multiselect_disabled": "Disabled",
	"shavehud_multiselect_random": "Random",
	"shavehud_multiselect_left": "Left",
	"shavehud_multiselect_center": "Center",
	"shavehud_multiselect_right": "Right",
	"shavehud_colors_white" : "White",
	"shavehud_colors_light_yellow" : "Light Yellow",
	"shavehud_colors_light_orange" : "Light Orange",
	"shavehud_colors_light_red" : "Light Red",
	"shavehud_colors_light_purple" : "Light Purple",
	"shavehud_colors_light_green" : "Light Green",
	"shavehud_colors_light_blue" : "Light Blue",
	"shavehud_colors_light_gray": "Light Gray",
	"shavehud_colors_yellow" : "Yellow",
	"shavehud_colors_orange" : "Orange",
	"shavehud_colors_red": "Red",
	"shavehud_colors_purple": "Purple",
	"shavehud_colors_green": "Green",
	"shavehud_colors_blue": "Blue",
	"shavehud_colors_gray": "Gray",
	"shavehud_colors_black": "Black",
	"shavehud_colors_rainbow": "Rainbow",
	"shavehud_options_name": "ShaveHUD Settings",
	"shavehud_options_help": "Customize ShaveHUD with your personal preferences.",
	"shavehud_language_title": "Language",
	"shavehud_language_desc": "Select a localization for ShaveHUD.\n(A Map change is needed to apply...)",
	"shavehud_languages_english": "English",
	"shavehud_languages_german": "German",
	"shavehud_languages_dutch": "Dutch",
	"shavehud_languages_french": "French",
	"shavehud_languages_italian": "Italian",
	"shavehud_languages_spanish": "Spanish",
	"shavehud_languages_portuguese": "Portugese",
	"shavehud_languages_russian": "Russian",
	"shavehud_languages_chinese": "Chinese",
	"shavehud_languages_korean": "Korean",
	"shavehud_straight_to_main_menu_title": "Straight to Main Menu",
	"shavehud_straight_to_main_menu_desc": "Automatically skips intros and goes straight to the main menu.",
	"shavehud_skip_blackscreen_title": "Skip Blackscreen",
	"shavehud_skip_blackscreen_desc": "Automatically skips the Blackscreen on Mission start.\n(Host only)",
	"shavehud_instant_restart_title": "Instant Restart",
	"shavehud_instant_restart_desc": "Automatically skips the 5 second timer before a restart in online lobbies.\n(Host only)",
	"shavehud_stat_screen_speedup_title": "Stat Screen Speed Up",
	"shavehud_stat_screen_speedup_desc": "Automatically speed up the experience counting, without needing to hold down space.",
	"shavehud_stat_screen_delay_title": "Stat Screen delay",
	"shavehud_stat_screen_delay_desc": "Proceeds X seconds, after your EXP got counted.\n(Host only)",
	"shavehud_loot_screen_pick_card_title": "Auto pick card",
	"shavehud_loot_screen_pick_card_desc": "Automatically pick a card, when the loot screen is displayed.",
	"shavehud_loot_screen_pick_specific_card_title": "Auto pick specific card",
	"shavehud_loot_screen_pick_specific_card_desc": "Specify which card to pick automatically.",
	"shavehud_loot_screen_instant_cardflip_title": "Instant Cardflip",
	"shavehud_loot_screen_instant_cardflip_desc": "Instantly flip selected card.",
	"shavehud_loot_screen_delay_title": "Card Screen delay",
	"shavehud_loot_screen_delay_desc": "Proceeds X seconds after you got your loot drop.\n(Host only, 0 = disabled)",
	"shavehud_replace_weapon_names_title": "Real Weapon Names",
	"shavehud_replace_weapon_names_desc": "Replace the Weapon Names with their Real-World counterparts.\n(A Map change is needed to apply...)",
	"shavehud_inventory_tab_names_title": "Use Inventory Tab Names",
	"shavehud_inventory_tab_names_desc": "Customize your Inventory Tab Names.\n(Change names by editing '/mods/saves/ShaveHUD_InventoryNames.txt')",
	"shavehud_inventory_names_title": "Show Inventory Box Names",
	"shavehud_inventory_names_desc": "Show the names of your weapons, armor, deployables, etc. inside its box in the inventory.",
	"shavehud_skill_names_title": "Show Skill Names",
	"shavehud_skill_names_desc": "Always show the names of skills in the skilltree view.",
	"shavehud_show_contractor_job_heat_title":"Show Contractor Heat",
	"shavehud_show_contractor_job_heat_desc":"Shows job heat in the contract broker list.",
	"shavehud_show_mini_icons_title": "Always show Mini-Icons",
	"shavehud_show_mini_icons_desc": "Always show the mod icons of all weapons, not just the selected one.",
	"shavehud_no_slowmotion_title": "No Slow Motion",
	"shavehud_no_slowmotion_desc": "Disable Slow Motion during mask up or when getting downed.",
	"shavehud_reset_options_title": "Reset Settings",
	"shavehud_reset_options_desc": "Reset all Settings to their default value.",
	"shavehud_reset_options_confirm": "Are you sure, you want to reset all Settings to their default value?",
	"shavehud_panels_options_name": "General HUD Panel Options",
	"shavehud_panels_options_help": "Options for all the general HUD panels, as CustomHUD, Suspicion, Damage Indicator, DrivingHUD and many more.",
	"shavehud_use_customhud_title": "Use CustomHUD",
	"shavehud_use_customhud_desc": "Replace the default HUD with the advanced CustomHUD, made by Se7en.\n(A Map change is needed to apply...)",
	"shavehud_adv_assault_title": "Advanced Assault Banner",
	"shavehud_adv_assault_desc": "Show assault phase, time and spawns left during assault.\n(Host Only)",
	"shavehud_assault_position_title": "Assault Position",
	"shavehud_assault_position_desc": "Horizontal position of the Assault banner.",
	"shavehud_pacified_civs_title": "Show Pacified Civilians",
	"shavehud_pacified_civs_desc": "Change the waypoint of untied civilians, while they are pacified.",
	"shavehud_use_realammo_title": "Use Real Ammo",
	"shavehud_use_realammo_desc": "Shows ammo left, not taking the rounds in your current magazine into account.",
	"shavehud_auto_discard_parachute_title": "Auto Discard Parachute",
	"shavehud_auto_discard_parachute_desc": "Automatically discard parachute after landing.",	
	"shavehud_enable_burstmode_title": "Enable Burst mode",
	"shavehud_enable_burstmode_desc": "Enable a burst fire mode for your weapons.",
	"shavehud_playerpanel_options_name": "Player Panel",
	"shavehud_playerpanel_options_help": "Setting for your own HUD Panel.",
	"shavehud_teampanels_options_name": "Teammate Panels",
	"shavehud_teampanels_options_help": "Settings for your Teammates HUD Panels.",
	"shavehud_panels_position_title": "Position",
	"shavehud_panels_position_desc": "Horizontal position of the HUD panel.",
	"shavehud_panels_scale_title": "Scale",
	"shavehud_panels_scale_desc": "Scaling factor of the HUD Panel.",
	"shavehud_panels_oppacity_title": "Opacity",
	"shavehud_panels_oppacity_desc": "Select the Opacity of the HUD panel.",
	"shavehud_panels_show_name_title": "Show Name",
	"shavehud_panels_show_name_desc": "Display the players name.",
	"shavehud_panels_show_rank_title": "Show Rank",
	"shavehud_panels_rank_name_desc": "Show the players rank.",
	"shavehud_panels_truncate_tags_title": "Truncate tags",
	"shavehud_panels_truncate_tags_desc": "Try to truncate clan tags from player names.",
	"shavehud_panels_show_char_title": "Show Character",
	"shavehud_panels_show_char_desc": "Show the players chosen character.",
	"shavehud_panels_show_ping_title": "Show Ping",
	"shavehud_panels_show_ping_desc": "Show the players ping to you.",
	"shavehud_panels_show_status_title": "Show Status",
	"shavehud_panels_show_status_desc": "Show the players status (health, armor, etc.)",
	"shavehud_panels_condition_icon_color_title": "Condition Icon Color",
	"shavehud_panels_condition_icon_color_desc": "Set the color of the condition icon (downed, in custody, swan song, etc.)",
	"shavehud_panels_show_equip_title": "Show Equipment",
	"shavehud_panels_show_equip_desc": "Show the players equipment.",
	"shavehud_panels_show_special_equip_title": "Show Special Equipment",
	"shavehud_panels_show_special_equip_desc": "Show the players picked up special equipment.",
	"shavehud_panels_special_equip_rows_title": "Special Equipment Rows",
	"shavehud_panels_special_equip_rows_desc": "Number of Special Equipment Items that get placed in one column.",
	"shavehud_panels_show_callsign_title": "Show Callsign",
	"shavehud_panels_show_callsign_desc": "Show a callsign for that player.",
	"shavehud_panels_show_stamina_title": "Show Stamina",
	"shavehud_panels_show_stamina_desc": "Shows a Stamina circle inside your Healthbar.",
	"shavehud_panels_show_downcounter_title": "Show Downcounter",
	"shavehud_panels_show_downcounter_desc": "Shows a downcounter for each non AI. \nThe counter shows your downs left and your teammates downs count.",
	"shavehud_panels_show_carry_title": "Show Carry",
	"shavehud_panels_show_carry_desc": "Show carry information.",
	"shavehud_panels_build_show_title": "Show Build",
	"shavehud_panels_build_show_desc": "Show a joining players build.",
	"shavehud_panels_build_time_title": "Display Build time",
	"shavehud_panels_build_time_desc": "Show a joining players build for X seconds.\n(0 = Always)",
	"shavehud_panels_weapon_icon_title": "Weapon Icons",
	"shavehud_panels_weapon_icon_desc": "Which weapon icons do you want to see?",
	"shavehud_panels_weapon_name_title": "Weapon Names",
	"shavehud_panels_weapon_name_desc": "Display weapon names?",
	"shavehud_panels_weapon_ammo_title": "Weapon Ammo",
	"shavehud_panels_weapon_ammo_desc": "Weapon ammo display mode.",
	"shavehud_panels_weapon_firemode_title": "Weapon Firemode",
	"shavehud_panels_weapon_firemode_desc": "Show weapon fire mode, or hide it.",
	"shavehud_panels_hide": "Hide",
	"shavehud_panels_selected": "Selected Only",
	"shavehud_panels_unselected": "Unselected Only",
	"shavehud_panels_both": "Both",
	"shavehud_panels_ammo_total": "Only total Ammo",
	"shavehud_panels_show_interaction_title": "Show Interaction",
	"shavehud_panels_show_interaction_desc": "Show your teammates interaction.",
	"shavehud_panels_show_interaction_number_title": "Interaction Timer",
	"shavehud_panels_show_interaction_number_desc": "Show a numerical indicator",
	"shavehud_panels_show_interaction_text_title": "Interaction Text",
	"shavehud_panels_show_interaction_text_desc": "Show interaction text",
	"shavehud_panels_interaction_time_title": "Min Interaction Duration",
	"shavehud_panels_interaction_time_desc": "Only show teammates interaction, if its longer than X seconds.",
	"shavehud_panels_use_ai_color_title": "Use custom bot color",
	"shavehud_panels_use_ai_color_desc": "Use a custom color for the names of bots. (This also affects dmg popups)",
	"shavehud_panels_ai_color_title": "Custom bot color",
	"shavehud_panels_ai_color_desc": "Set the custom color to use for the names of bots. (This also affects dmg popups)",
	"shavehud_chat_options_name": "Chat options",
	"shavehud_chat_options_help": "Options to customize chat behavior.",
	"shavehud_chat_waittime_title": "Chat Fade Time",
	"shavehud_chat_waittime_desc": "The time after which the chat fades out\n(0 = Never)",
	"shavehud_chat_fontsize_title": "Chat Font Size",
	"shavehud_chat_fontsize_desc": "Font Size for the ingame Chat-Box.",
	"shavehud_chat_outputlines_title": "Max Chat Output Lines",
	"shavehud_chat_outputlines_desc": "Max Lines to display before scrolling is enabled.",
	"shavehud_spam_filter_title": "Chat Spam Filter",
	"shavehud_spam_filter_desc": "Removes PocoHUD and [NGBTO] spam messages from your chat.",
	"shavehud_chat_width_title": "Chat Width",
	"shavehud_chat_width_desc": "Width of the chat window",
	"shavehud_chat_inputlines_title": "Max Chat Input Lines",
	"shavehud_chat_inputlines_desc": "Number of lines of text you can type",
	"shavehud_chat_colored_bg_title": "Colored Background",
	"shavehud_chat_colored_bg_desc": "Colorize the line bg based on the message source",
	"shavehud_chat_scrollbar_align_title": "Scrollbar Align",
	"shavehud_chat_scrollbar_align_desc": "Alignment of the scroll bar",
	"shavehud_suspicion_options_name": "Suspicion options",
	"shavehud_suspicion_options_help": "Options for the size of the suspicion panel, as well as its visible components.",
	"shavehud_suspicion_scale_title": "Suspicion Scale",
	"shavehud_suspicion_scale_desc": "Scaling factor for the suspicion panel elements.",
	"shavehud_susp_eye_title": "Display Suspicion Eye",
	"shavehud_susp_eye_desc": "Display the default suspicion elements.",
	"shavehud_susp_numeric_title": "Show numeric Suspicion",
	"shavehud_susp_numeric_desc": "Show numeric suspicion value.",
	"shavehud_susp_numeric_outline_title": "Black outline",
	"shavehud_susp_numeric_outline_desc": "Show a black outline around the numeric Suspicion text.",
	"shavehud_killcounter_options_name": "Killcounter Options",
	"shavehud_killcounter_options_help": "Options for the appearance of the kill counter",
	"shavehud_killcounter_player_show_killcount_title": "Display Player Killcounter",
	"shavehud_killcounter_player_show_killcount_desc": "Display a killcounter on your HUD.",
	"shavehud_killcounter_player_color_title": "Player Killcounter Color",
	"shavehud_killcounter_player_color_desc": "Select the color for your killcounter.",
	"shavehud_killcounter_player_show_special_title": "Count Player Special enemy kills",
	"shavehud_killcounter_player_show_special_desc": "Display kills of special enemies separately.",
	"shavehud_killcounter_player_show_head_title": "Count Player Headshots",
	"shavehud_killcounter_player_show_head_desc": "Display headshots separately.",
	"shavehud_killcounter_player_show_accuracy_title": "Show Player Accuracy",
	"shavehud_killcounter_player_show_accuracy_desc": "Display your current accuracy on your HUD.",
	"shavehud_killcounter_team_show_killcount_title": "Display Teammate Killcounter",
	"shavehud_killcounter_team_show_killcount_desc": "Display a killcounter on your teammates HUDs.",
	"shavehud_killcounter_team_color_title": "Teammate Killcounter Color",
	"shavehud_killcounter_team_color_desc": "Select the color of the killcounters for your teammates.",
	"shavehud_killcounter_team_show_special_title": "Count Teammate Special enemy kills",
	"shavehud_killcounter_team_show_special_desc": "Display kills of special enemies separately.",
	"shavehud_killcounter_team_show_head_title": "Count Teammate Headshots",
	"shavehud_killcounter_team_show_head_desc": "Display headshots separately.",
	"shavehud_killcounter_team_show_ai_title": "Killcounter for AI",
	"shavehud_killcounter_team_show_ai_desc": "Do Bots get a Killcounter too?",
	"shavehud_corpse_limit_title": "Corpse Limit",
	"shavehud_corpse_limit_desc": "How much corpses should we allow to lay around at the same time?\n(A Map change is needed to apply...)",
	"shavehud_drivinghud_options_name": "DrivingHUD Options",
	"shavehud_drivinghud_options_help": "Some options for DrivingHUD.",
	"shavehud_show_drivinghud_title": "Show Driving HUD",
	"shavehud_show_drivinghud_desc": "Show a little HUD in the bottom right while driving.\n(A Map change is needed to apply...)",
	"shavehud_drivinghud_scale_title": "Scale",
	"shavehud_drivinghud_scale_desc": "Scaling factor for DrivingHUD.",
	"shavehud_drivinghud_show_vehicle_title": "Show Vehicle Image",
	"shavehud_drivinghud_show_vehicle_desc": "Display a little image of the vehicle and masks of player driving with you.",
	"shavehud_drivinghud_show_health_title": "Show health",
	"shavehud_drivinghud_show_health_desc": "Display the vehicles health bar.",
	"shavehud_drivinghud_show_loot_title": "Show Loot",
	"shavehud_drivinghud_show_loot_desc": "Display the vehicles currently loaded and maximum loot numbers.",
	"shavehud_drivinghud_show_passengers_title": "Show Passengers",
	"shavehud_drivinghud_show_passengers_desc": "Show the amount of passengers in the vehicle and the total amount of seats.",
	"shavehud_drivinghud_show_gear_title": "Show Gear",
	"shavehud_drivinghud_show_gear_desc": "Display which gear you are driving in.",
	"shavehud_drivinghud_show_speed_title": "Show Speed",
	"shavehud_drivinghud_show_speed_desc": "Display the vehicles current speed.",
	"shavehud_drivinghud_speed_in_mph_title": "Speed in mph",
	"shavehud_drivinghud_speed_in_mph_desc": "Display the speed in mph.\n(Uses km/h otherwise.)",
	"shavehud_drivinghud_show_rpm_title": "Show RPM",
	"shavehud_drivinghud_show_rpm_desc": "Display the vehicles revolutions per minute.",
	"shavehud_infopanels_options_name": "HUD Info Options",
	"shavehud_infopanels_options_help": "Options for the info boxes of HUD List.",
	"shavehud_use_hudlist_title": "Use HUDList",
	"shavehud_use_hudlist_desc": "HUDList can display many useful things, incl. Drill timers, enemy or loot count, assets on the map, etc. (A Map change is needed to apply...)",
	"shavehud_hudlist_scale_right_title": "Right List Scale",
	"shavehud_hudlist_scale_right_desc": "Scaling factor of the right list items.",
	"shavehud_hudlist_scale_left_title": "Left List Scale",
	"shavehud_hudlist_scale_left_desc": "Scaling factor of the left list items.",
	"shavehud_hudlist_scale_buff_title": "Buff List Scale",
	"shavehud_hudlist_scale_buff_desc": "Scaling factor of the buff list items.",
	"shavehud_hudlist_box_color_title": "Box Font Color",
	"shavehud_hudlist_box_color_desc": "Front color for Left- and Right List Boxes.\n(Currently a Map change is needed to apply...)",
	"shavehud_hudlist_box_bg_color_title": "Box Background Color",
	"shavehud_hudlist_box_bg_color_desc": "Background color for Left- and Right List Boxes.\n(Currently a Map change is needed to apply...)",
	"shavehud_hudlist_civcolor_title": "Civilian Color",
	"shavehud_hudlist_civcolor_desc": "Color for Civilians and Hostages in EnemyCounter.",
	"shavehud_hudlist_thugcolor_title": "Thug Color",
	"shavehud_hudlist_thugcolor_desc": "Color for Thugs and Mobsters in EnemyCounter.",
	"shavehud_hudlist_copcolor_title": "Enemy Color",
	"shavehud_hudlist_copcolor_desc": "Color for Cops, SWATs and Heavy SWATs in EnemyCounter.",
	"shavehud_hudlist_specialcolor_title": "Special Color",
	"shavehud_hudlist_specialcolor_desc": "Color for Specials and Turrets in EnemyCounter.",
	"shavehud_hudlist_progress_alpha_left_title": "Left Progress Alpha",
	"shavehud_hudlist_progress_alpha_left_desc": "Alpha value for the progress bars on left list items.",
	"shavehud_hudlist_progress_alpha_right_title": "Right Progress Alpha",
	"shavehud_hudlist_progress_alpha_right_desc": "Alpha value for the progress bars on right list items.",
	"shavehud_hudlist_progress_alpha_buff_title": "Buff Progress Alpha",
	"shavehud_hudlist_progress_alpha_buff_desc": "Alpha value for the progress bars on buff list items.",
	"shavehud_hudlist_timers_in_seconds_title": "Timers in seconds",
	"shavehud_hudlist_timers_in_seconds_desc": "Always display timers in seconds.",
	"shavehud_infopanels_left_options_name": "Left List Options",
	"shavehud_infopanels_left_options_help": "Options for the left info list.",
	"shavehud_hudlist_show_timers_title": "Show Timers",
	"shavehud_hudlist_show_timers_desc": "Display Timers for Drills, Hacks, etc.",
	"shavehud_hudlist_show_equipment_desc": "Determine if we should display that equipment on the right side of your screen.",
	"shavehud_hudlist_show_ammo_bags_title": "Show Ammo Bags",
	"shavehud_hudlist_show_doc_bags_title": "Show Medic Bags",
	"shavehud_hudlist_show_first_aid_kits_title": "Show First Aid Kits",
	"shavehud_hudlist_show_body_bags_title": "Show Body Bags",
	"shavehud_hudlist_show_grenade_crates_title": "Show Grenades",
	"shavehud_hudlist_sentries_title": "Show Sentries",
	"shavehud_hudlist_sentries_desc": "Show Sentry health and ammo.",
	"shavehud_hudlist_hide_empty_sentries_title": "Hide empty Sentries",
	"shavehud_hudlist_hide_empty_sentries_desc": "Hide empty sentry Boxes.",
	"shavehud_hudlist_show_ecms_title": "Show ECMs",
	"shavehud_hudlist_show_ecms_desc": "Show Timer for ECM's ",
	"shavehud_hudlist_show_ecm_retrigger_title": "Show ECM retrigger",
	"shavehud_hudlist_show_ecm_retrigger_desc": "Show, when an ECM is ready to be retriggered.",
	"shavehud_hudlist_show_minions_title": "Show Jokers",
	"shavehud_hudlist_show_minions_desc": "Show health of all jokered Cops.",
	"shavehud_hudlist_show_own_minions_only_title": "Own Jokers Only",
	"shavehud_hudlist_show_own_minions_only_desc": "Only display your own jokered Cops.",
	"shavehud_hudlist_show_pagers_title": "Show Pager",
	"shavehud_hudlist_show_pagers_desc": "Show Timer for remaining pager time, before the alarm triggers.",
	"shavehud_hudlist_show_tape_loop_title": "Show Camera Loop",
	"shavehud_hudlist_show_tape_loop_desc": "Show camera loop countdown timer.",
	"shavehud_hudlist_remove_answered_pagers_title": "Remove Pager Contour",
	"shavehud_hudlist_remove_answered_pagers_desc": "Remove the pager contour, if it is already getting answered.",
	"shavehud_infopanels_right_options_name": "Right List Options",
	"shavehud_infopanels_right_options_help": "Options for the right info list.",
	"shavehud_hudlist_show_enemies_title": "Show Enemies",
	"shavehud_hudlist_show_enemies_desc": "Show the amount of Enemies on the map.",
	"shavehud_hudlist_aggregate_enemies_title": "Aggregate Enemies",
	"shavehud_hudlist_aggregate_enemies_desc": "Show one HUD Box for all Enemies.",
	"shavehud_hudlist_show_turrets_title": "Show Turrets",
	"shavehud_hudlist_show_turrets_desc": "Show amount of turret vans on the map.",
	"shavehud_hudlist_show_civilians_title": "Show Civilians",
	"shavehud_hudlist_show_civilians_desc": "Show amount of untied civilians on the map.",
	"shavehud_hudlist_show_hostages_title": "Show Hostages",
	"shavehud_hudlist_show_hostages_desc": "show amount of civilian hostages.",
	"shavehud_hudlist_aggregate_hostages_title": "Aggregate Hostages",
	"shavehud_hudlist_aggregate_hostages_desc": "Show all types of hostages in a singe info box.",
	"shavehud_hudlist_show_minion_count_title": "Show Minion Count",
	"shavehud_hudlist_show_minion_count_desc": "Show amount of cop hostages.",
	"shavehud_hudlist_show_pager_count_title": "Show Pager Count",
	"shavehud_hudlist_show_pager_count_desc": "Display the amount of triggered pagers while in stealth.",
	"shavehud_hudlist_show_cam_count_title": "Show Camera Count",
	"shavehud_hudlist_show_cam_count_desc": "Show the amount of active cameras while in stealth.",
	"shavehud_hudlist_show_bodybags_count_title": "Show Body Bag Count",
	"shavehud_hudlist_show_bodybags_count_desc": "Show the amount of bodybags in your extended inventory directly on your screen while in stealth.",
	"shavehud_hudlist_show_corpse_count_title": "Show Corpse Count",
	"shavehud_hudlist_show_corpse_count_desc": "Show the amount of Corpses and bagged bodies on the map while in stealth.",
	"shavehud_hudlist_show_loot_title": "Show Loot",
	"shavehud_hudlist_show_loot_desc": "Count the baggable Loot on the current map.",
	"shavehud_hudlist_aggregate_loot_title": "Aggregate Loot",
	"shavehud_hudlist_aggregate_loot_desc": "Show all loot types in one count value.",
	"shavehud_hudlist_separate_bagged_loot_title": "Separate bagged Loot",
	"shavehud_hudlist_separate_bagged_loot_desc": "Separate unbagged and bagged loot counter.",
	"shavehud_hudlist_show_potential_loot_title": "Show potential loot",
	"shavehud_hudlist_show_potential_loot_desc": "Show the amount of crates on the map in the loot counter. \n(Remember, crates might be empty...)",
	"shavehud_hudlist_show_special_pickups_title": "Show Special Pickups",
	"shavehud_hudlist_show_special_pickups_desc": "Show amount of chemicals, keycards and other stuff on the map.",
	"shavehud_hudlist_show_mission_pickups_title": "Show Mission Pickups",
	"shavehud_hudlist_show_mission_pickups_desc": "Show amount of chemicals, keycards, planks and other mission pickups on the map.",
	"shavehud_hudlist_show_collectables_pickups_title": "Show Collectable Pickups",
	"shavehud_hudlist_show_collectables_pickups_desc": "Show amount of Gage packages, Spec-Ops Cases & Keys et cetera on the map.",
	"shavehud_hudlist_show_valuables_pickups_title": "Show Loot Pickups",
	"shavehud_hudlist_show_valuables_pickups_desc": "Show amount of valuable items, like money bundles or necklaces on the map.",
	"shavehud_infopanels_buff_options_name": "Buff List Options",
	"shavehud_infopanels_buff_options_help": "Options for the buff info list.",
	"shavehud_infopanels_buff_mastermind_options_name": "Mastermind Skills",
	"shavehud_infopanels_buff_mastermind_options_help": "Enable or Disable visual indicators for Mastermind Skills.",
	"shavehud_infopanels_buff_enforcer_options_name": "Enforcer Skills",
	"shavehud_infopanels_buff_enforcer_options_help": "Enable or Disable visual indicators for Enforcer Skills.",
	"shavehud_infopanels_buff_technician_options_name": "Technician Skills",
	"shavehud_infopanels_buff_technician_options_help": "Enable or Disable visual indicators for Technician Skills.",
	"shavehud_infopanels_buff_ghost_options_name": "Ghost Skills",
	"shavehud_infopanels_buff_ghost_options_help": "Enable or Disable visual indicators for Ghost Skills.",
	"shavehud_infopanels_buff_fugitive_options_name": "Fugitive Skills",
	"shavehud_infopanels_buff_fugitive_options_help": "Enable or Disable visual indicators for Fugitive Skills.",
	"shavehud_infopanels_buff_perkdecks_options_name": "Perk Decks",
	"shavehud_infopanels_buff_perkdecks_options_help": "Enable or Disable visual indicators for Perk Decks.",
	"shavehud_infopanels_buff_gageboosts_options_name": "Gage Boosts",
	"shavehud_infopanels_buff_gageboosts_options_help": "Enable or Disable visual indicators for Gage Boosts.",
	"shavehud_infopanels_buff_henchmen_options_name": "Henchmen Skills",
	"shavehud_infopanels_buff_henchmen_options_help": "Enable or Disable visual indicators for Henchmen Skills.",
	"shavehud_hudlist_show_buffs_title": "Show Buffs",
	"shavehud_hudlist_show_buffs_desc": "Display active Buffs in the bottom center of your screen.",
	"shavehud_hudlist_damage_increase_compbuff_title": "Damage Increase Buff",
	"shavehud_hudlist_damage_increase_compbuff_desc": "Composite Buff item, displays added value of all damage increasing skills.",
	"shavehud_hudlist_damage_reduction_compbuff_title": "Damage Reduction Buff",
	"shavehud_hudlist_damage_reduction_compbuff_desc": "Composite Buff item, displays added value of all damage reducing skills.",
	"shavehud_hudlist_melee_damage_increase_compbuff_title": "Melee Damage Increase Buff",
	"shavehud_hudlist_melee_damage_increase_compbuff_desc": "Composite Buff item, displays added value of all melee damage increasing skills.",
	"shavehud_hudlist_passive_health_regen_compbuff_title": "Passive Health Regeneration",
	"shavehud_hudlist_passive_health_regen_compbuff_desc": "Composite Buff item, displays added value of all passive Health regeneration effects.",
	"shavehud_hudlist_total_dodge_chance_compbuff_title": "Total Dodge Chance",
	"shavehud_hudlist_total_dodge_chance_compbuff_desc": "Composite Buff item, displays added value of all dodge increasing skills.",
	"shavehud_hudlist_aggressive_reload_aced_buff_title": "Aggressive Reload",
	"shavehud_hudlist_aggressive_reload_aced_buff_desc": "",
	"shavehud_hudlist_ammo_efficiency_buff_title": "Ammo Efficiency",
	"shavehud_hudlist_ammo_efficiency_buff_desc": "",
	"shavehud_hudlist_armor_break_invulnerable_buff_title": "Blitzkrieg Bop (Anarchist)",
	"shavehud_hudlist_armor_break_invulnerable_buff_desc": "",
	"shavehud_hudlist_berserker_buff_title": "Berserker",
	"shavehud_hudlist_berserker_buff_desc": "Part of Composite Buffs.",
	"shavehud_hudlist_biker_buff_title": "Regen Debuff (Biker)",
	"shavehud_hudlist_biker_buff_desc": "",
	"shavehud_hudlist_bloodthirst_basic_buff_title": "Bloodthirst (Basic)",
	"shavehud_hudlist_bloodthirst_basic_buff_desc": "Part of Composite Buffs.",
	"shavehud_hudlist_bloodthirst_aced_buff_title": "Bloodthirst (Aced)",
	"shavehud_hudlist_bloodthirst_aced_buff_desc": "",
	"shavehud_hudlist_bullet_storm_buff_title": "Bullet Storm",
	"shavehud_hudlist_bullet_storm_buff_desc": "",
	"shavehud_hudlist_close_contact_buff_title": "Close Contact (Infiltrator)",
	"shavehud_hudlist_close_contact_buff_desc": "Part of Composite Buffs.",
	"shavehud_hudlist_combat_medic_buff_title": "Combat Medic (Active)",
	"shavehud_hudlist_combat_medic_buff_desc": "Part of Composite Buffs.",
	"shavehud_hudlist_combat_medic_passive_buff_title": "Combat Medic (Passive)",
	"shavehud_hudlist_combat_medic_passive_buff_desc": "Part of Composite Buffs.",
	"shavehud_hudlist_desperado_buff_title": "Desperados",
	"shavehud_hudlist_desperado_buff_desc": "",
	"shavehud_hudlist_die_hard_buff_title": "Die Hard",
	"shavehud_hudlist_die_hard_buff_desc": "Part of Composite Buffs.",
	"shavehud_hudlist_dire_need_buff_title": "Dire Need",
	"shavehud_hudlist_dire_need_buff_desc": "",
	"shavehud_hudlist_frenzy_buff_title": "Frenzy",
	"shavehud_hudlist_frenzy_buff_desc": "Part of Composite Buffs.",
	"shavehud_hudlist_grinder_buff_title": "Health Regen (Grinder)",
	"shavehud_hudlist_grinder_buff_desc": "",
	"shavehud_hudlist_chico_injector_buff_title": "Injector Duration (Kingpin)",
	"shavehud_hudlist_chico_injector_buff_desc": "",
	"shavehud_hudlist_damage_control_debuff_title": "Flask Duration (Stoic)",
	"shavehud_hudlist_damage_control_debuff_desc": "",
	"shavehud_hudlist_delayed_damage_buff_title": "Delayed Damage (Stoic)",
	"shavehud_hudlist_delayed_damage_buff_desc": "",
	"shavehud_hudlist_hostage_situation_buff_title": "Hostage Situation (Crew Chief)",
	"shavehud_hudlist_hostage_situation_buff_desc": "Part of Composite Buffs.",
	"shavehud_hudlist_hostage_taker_buff_title": "Hostage Taker",
	"shavehud_hudlist_hostage_taker_buff_desc": "",
	"shavehud_hudlist_inspire_buff_title": "Inspire (Boost)",
	"shavehud_hudlist_inspire_buff_desc": "",
	"shavehud_hudlist_lock_n_load_buff_title": "Lock 'n' Load",
	"shavehud_hudlist_lock_n_load_buff_desc": "",
	"shavehud_hudlist_melee_stack_damage_buff_title": "Melee Stack damage (Infiltrator)",
	"shavehud_hudlist_melee_stack_damage_buff_desc": "Part of Composite Buffs.",
	"shavehud_hudlist_maniac_buff_title": "Damage Reduction (Maniac)",
	"shavehud_hudlist_maniac_buff_desc": "",
	"shavehud_hudlist_muscle_regen_buff_title": "Health Regen (Muscle)",
	"shavehud_hudlist_muscle_regen_buff_desc": "",
	"shavehud_hudlist_messiah_buff_title": "Messiah",
	"shavehud_hudlist_messiah_buff_desc": "",
	"shavehud_hudlist_overdog_buff_title": "Overdog (Infiltrator)",
	"shavehud_hudlist_overdog_buff_desc": "",
	"shavehud_hudlist_overkill_buff_title": "Overkill",
	"shavehud_hudlist_overkill_buff_desc": "Part of Composite Buffs.",
	"shavehud_hudlist_painkiller_buff_title": "Painkiller",
	"shavehud_hudlist_painkiller_buff_desc": "Part of Composite Buffs.",
	"shavehud_hudlist_partner_in_crime_buff_title": "Partner in Crime",
	"shavehud_hudlist_partner_in_crime_buff_desc": "Part of Composite Buffs.",
	"shavehud_hudlist_running_from_death_buff_title": "Running from Death",
	"shavehud_hudlist_running_from_death_buff_desc": "",
	"shavehud_hudlist_pocket_ecm_jammer_buff_title": "Pocket ECM Duration (Hacker)",
	"shavehud_hudlist_pocket_ecm_jammer_buff_desc": "",
	"shavehud_hudlist_pocket_ecm_kill_dodge_buff_title": "Pocket ECM Dodge (Hacker)",
	"shavehud_hudlist_pocket_ecm_kill_dodge_buff_desc": "Part of Composite Buffs.",
	"shavehud_hudlist_quick_fix_buff_title": "Quick Fix",
	"shavehud_hudlist_quick_fix_buff_desc": "Part of Composite Buffs.",
	"shavehud_hudlist_second_wind_buff_title": "Second Wind",
	"shavehud_hudlist_second_wind_buff_desc": "",
	"shavehud_hudlist_sixth_sense_buff_title": "Sixth Sense",
	"shavehud_hudlist_sixth_sense_buff_desc": "",
	"shavehud_hudlist_sicario_dodge_buff_title": "Additional Dodge (Sicario)",
	"shavehud_hudlist_sicario_dodge_buff_desc": "",
	"shavehud_hudlist_smoke_screen_buff_title": "Smoke Bomb (Sicario)",
	"shavehud_hudlist_smoke_screen_buff_desc": "",
	"shavehud_hudlist_tag_team_buff_title": "Gas Dispenser (Tag Team)",
	"shavehud_hudlist_tag_team_buff_desc": "",
	"shavehud_hudlist_swan_song_buff_title": "Swan Song",
	"shavehud_hudlist_swan_song_buff_desc": "",
	"shavehud_hudlist_tooth_and_claw_buff_title": "Tooth and Claw (Hitman)",
	"shavehud_hudlist_tooth_and_claw_buff_desc": "",
	"shavehud_hudlist_trigger_happy_buff_title": "Trigger Happy",
	"shavehud_hudlist_trigger_happy_buff_desc": "Part of Composite Buffs.",
	"shavehud_hudlist_underdog_buff_title": "Underdog",
	"shavehud_hudlist_underdog_buff_desc": "Part of Composite Buffs.",
	"shavehud_hudlist_unseen_strike_buff_title": "Unseen Strike",
	"shavehud_hudlist_unseen_strike_buff_desc": "",
	"shavehud_hudlist_up_you_go_buff_title": "Up you Go",
	"shavehud_hudlist_up_you_go_buff_desc": "Part of Composite Buffs.",
	"shavehud_hudlist_uppers_buff_title": "Uppers",
	"shavehud_hudlist_uppers_buff_desc": "",
	"shavehud_hudlist_yakuza_buff_title": "Armor Regen Speed (Yakuza)",
	"shavehud_hudlist_yakuza_buff_desc": "",
	"shavehud_hudlist_anarchist_armor_recovery_debuff_title": "Lust for Life (Anarchist)",
	"shavehud_hudlist_anarchist_armor_recovery_debuff_desc": "",
	"shavehud_hudlist_ammo_give_out_debuff_title": "Ammo give out Debuff (Gambler)",
	"shavehud_hudlist_ammo_give_out_debuff_desc": "",
	"shavehud_hudlist_bullseye_debuff_title": "Bullseye Debuff",
	"shavehud_hudlist_bullseye_debuff_desc": "",
	"shavehud_hudlist_inspire_debuff_title": "Inspire Boost Debuff",
	"shavehud_hudlist_inspire_debuff_desc": "",
	"shavehud_hudlist_inspire_revive_debuff_title": "Inspire Revive Debuff",
	"shavehud_hudlist_inspire_revive_debuff_desc": "",
	"shavehud_hudlist_life_drain_debuff_title": "Life Drain Debuff (Infiltrator)",
	"shavehud_hudlist_life_drain_debuff_desc": "",
	"shavehud_hudlist_medical_supplies_debuff_title": "Medical Supplies Debuff (Gambler)",
	"shavehud_hudlist_medical_supplies_debuff_desc": "",
	"shavehud_hudlist_sociopath_debuff_title": "Regen Debuff (Sociopath)",
	"shavehud_hudlist_sociopath_debuff_desc": "",
	"shavehud_hudlist_armorer_teambuff_title": "Armor Increase Teambuff (Armorer)",
	"shavehud_hudlist_armorer_teambuff_desc": "",
	"shavehud_hudlist_bulletproof_teambuff_title": "Bulletproof Teambuff",
	"shavehud_hudlist_bulletproof_teambuff_desc": "",
	"shavehud_hudlist_crew_chief_teambuff_title": "Increased Stats Teambuff (Crew Chief)",
	"shavehud_hudlist_crew_chief_teambuff_desc": "Part of Composite Buffs.",
	"shavehud_hudlist_forced_friendship_teambuff_title": "Forced Friendship Teambuff",
	"shavehud_hudlist_forced_friendship_teambuff_desc": "",
	"shavehud_hudlist_life_steal_gage_debuff_title": "Life Steal",
	"shavehud_hudlist_life_steal_gage_debuff_desc": "",
	"shavehud_hudlist_invulnerable_gage_buff_title": "Invulnerability",
	"shavehud_hudlist_invulnerable_gage_buff_desc": "",
	"shavehud_hudlist_crew_inspire_debuff_title": "Inspiring",
	"shavehud_hudlist_crew_inspire_debuff_desc": "",
	"shavehud_hudlist_crew_throwable_regen_buff_title": "Stockpiler",
	"shavehud_hudlist_crew_throwable_regen_buff_desc": "",
	"shavehud_hudlist_crew_health_regen_buff_title": "Healer",
	"shavehud_hudlist_crew_health_regen_buff_desc": "",
	"shavehud_waypoints_options_name": "Custom Waypoints Options",
	"shavehud_waypoints_options_help": "Options to control Custom Waypoints.",
	"shavehud_waypoints_color_title": "Waypoints Color",
	"shavehud_waypoints_color_desc": "The color of the default mission waypoints.",
	"shavehud_waypoints_show_ammo_bag_title": "Show Ammo Bags",
	"shavehud_waypoints_show_ammo_bag_desc": "Show Waypoints for Ammo bags, telling you the Percentage left.",
	"shavehud_waypoints_show_doc_bag_title": "Show Doctor Bags",
	"shavehud_waypoints_show_doc_bag_desc": "Show Waypoints for Doctor Bags, stating the number of charges left.",
	"shavehud_waypoints_show_first_aid_kit_title": "Show First Aid Kits",
	"shavehud_waypoints_show_first_aid_kit_desc": "Show Waypoints for First Aid Kits, showing its skill effects.",
	"shavehud_waypoints_show_body_bag_title": "Show Bodybag Case",
	"shavehud_waypoints_show_body_bag_desc": "Show Waypoints for bodybag cases, telling you the amount of Bodybags left.",
	"shavehud_waypoints_show_grenade_crate_title": "Show Grenade Case",
	"shavehud_waypoints_show_grenade_crate_desc": "Show Waypoints for Grenade Cases, telling you the amount of Grenades left.",
	"shavehud_waypoints_show_sentries_title": "Show Sentries",
	"shavehud_waypoints_show_sentries_desc": "Show Waypoints for Sentries, telling you the amount of ammo left.",
	"shavehud_waypoints_show_ecms_title": "Show ECMs",
	"shavehud_waypoints_show_ecms_desc": "Show Waypoints for ECMs, telling you its remaining battery and feedback duration.",
	"shavehud_waypoints_show_timers_title": "Show Timers",
	"shavehud_waypoints_show_timers_desc": "Show Waypoints for timers, telling you the time left and their active Upgrades.",
	"shavehud_waypoints_show_loot_title": "Show Loot",
	"shavehud_waypoints_show_loot_desc": "Show the name of the loot above it, when looking near it.",
	"shavehud_waypoints_loot_icon_title": "Bag icon",
	"shavehud_waypoints_loot_icon_desc": "Show a bag icon on bagged loot.",
	"shavehud_waypoints_loot_offset_title": "Height offset",
	"shavehud_waypoints_loot_offset_desc": "Set the height offset of the text label on loot.",
	"shavehud_waypoints_loot_bagged_offset_title": "Bagged height offset",
	"shavehud_waypoints_loot_bagged_offset_desc": "Set the height offset of the text label on bagged loot.",
	"shavehud_waypoints_loot_angle_title": "Visible angle",
	"shavehud_waypoints_loot_angle_desc": "Set the angle the text label is visible in.",
	"shavehud_waypoints_show_special_equipment_title": "Show Special Equipment",
	"shavehud_waypoints_show_special_equipment_desc": "Show waypoints for various different equipments. Good to learn all the different locations.",
	"shavehud_waypoints_show_minions_title": "Show Minions",
	"shavehud_waypoints_show_minions_desc": "Show a Minions Name above its head, in the color of the player who converted him.\nAlso shows his Killcount.",
	"shavehud_waypoints_show_pager_title": "Show Pager",
	"shavehud_waypoints_show_pager_desc": "Show a waypoint for activated pagers. Changes its color, when someone is answering it.",
	"shavehud_tabstats_options_name": "TabStats Options",
	"shavehud_tabstats_options_help": "Configure the look of your Tabscreen.",
	"shavehud_tabstats_clock_mode_title": "Clock Mode",
	"shavehud_tabstats_clock_mode_desc": "Which mode should the clock use?",
	"shavehud_tabstats_clock_mode_a": "12-h",
	"shavehud_tabstats_clock_mode_b": "24-h",
	"shavehud_tabstats_clock_mode_c": "Heist Time",
	"shavehud_use_tabstats_title": "Use TabStats",
	"shavehud_use_tabstats_desc": "Show your Statistics on Tab Screen instead, of the Mission briefing.\n(A Map change is needed to apply...)",
	"shavehud_tabstats_font_size_title": "List Font Size",
	"shavehud_tabstats_font_size_desc": "Font Size for the advanced statistics list.",
	"shavehud_tabstats_color_title": "List Color",
	"shavehud_tabstats_color_desc": "Color for the advanced statistics list.",
	"shavehud_tabstats_actual_mask_title": "Use actual mask",
	"shavehud_tabstats_actual_mask_desc": "Use your Actual mask instead of your played character picture.",
	"shavehud_tabstats_numeric_loot_title": "Numeric Loot Counter",
	"shavehud_tabstats_numeric_loot_desc": "Disable the bag counting minigame and display the number right away.",
	"shavehud_crewloadout_options_name": "Crew Loadout Options",
	"shavehud_crewloadout_options_help": "Choose where you want to get Information on which gear and skills your teammates are bringing.",
	"shavehud_crewloadout_lobby_title": "Show in Lobby",
	"shavehud_crewloadout_lobby_desc": "Adds a button to your Lobby screen, that can display the loadout of you and your crew.",
	"shavehud_crewloadout_cs_lobby_title": "Show in Crimespree Lobby",
	"shavehud_crewloadout_cs_lobby_desc": "Adds a new tab right next to the modifiers and rewards in the crimespree lobby.",
	"shavehud_crewloadout_briefing_title": "Replace in briefing",
	"shavehud_crewloadout_briefing_desc": "Replaces the default Crew Loadout Panel in Mission briefing.",
	"shavehud_crewloadout_tabscreen_title": "Show on Tabscreen",
	"shavehud_crewloadout_tabscreen_desc": "Displays the Skills, Perk and current Ping of players in your lobby. \n(Disabled if you use this feature of LobbyPlayerInfo)",
    "shavehud_profilemenu_replace_title": "Replace Profile Menu",
    "shavehud_profilemenu_replace_desc": "Replaces the default Profile-Selector with ShaveHUDs advanced one.",
	"shavehud_dmgindicator_options_name": "Damage Indicator",
	"shavehud_dmgindicator_options_help": "Set the fade time, size and colors or your damage indicators.",
	"shavehud_show_dmg_indicator_title": "Dynamic Damage Indicator",
	"shavehud_show_dmg_indicator_desc": "Turns the 4 static damage indicators into several dynamic ones, moving according to your position and the position you were damaged from.",
	"shavehud_dmg_ind_time_title": "Indicator Duration",
	"shavehud_dmg_ind_time_desc": "Determines the time, the indicator will be shown.",
	"shavehud_dmg_ind_size_title": "Indicator Size",
	"shavehud_dmg_ind_size_desc": "Determines the size of the circle, the Indicators are placed around.",
	"shavehud_dmg_indicator_max_count_title": "Max Indicator Count",
	"shavehud_dmg_indicator_max_count_desc": "Specify the max amount of damage indicators on your screen.",
	"shavehud_dmg_shield_color_title": "Armor Color",
	"shavehud_dmg_shield_color_desc": "Color of the indicator, when you only lose armor.",
	"shavehud_dmg_health_color_title": "Health Color",
	"shavehud_dmg_health_color_desc": "Color of the indicator, when you lose health.",
	"shavehud_dmg_crit_color_title": "Low Health Color",
	"shavehud_dmg_crit_color_desc": "Color of the indicator, when your health is getting low.",
	"shavehud_dmg_vehicle_color_title": "Vehicle Color",
	"shavehud_dmg_vehicle_color_desc": "Color of the indicator, when the vehicle you are in gets hit.",
	"shavehud_dmg_friendlyfire_color_title": "Friendly Fire Color",
	"shavehud_dmg_friendlyfire_color_desc": "Color of the indicator, when you get hit by fire or explosives.",
	"shavehud_dmgpopup_options_name": "Enemy Damage Popup",
	"shavehud_dmgpopup_options_help": "Popup near an enemies head, displaying the damage dealt.",
	"shavehud_show_dmg_popup_title": "Show Damage Popup",
	"shavehud_show_dmg_popup_desc": "Enable the damage popup.",
	"shavehud_dmg_popup_player": "Player",
	"shavehud_dmg_popup_all": "Everyone",
	"shavehud_dmg_popup_scale_title": "Popup Scale",
	"shavehud_dmg_popup_scale_desc": "Changes the size of the damage popups.",
	"shavehud_dmg_popup_skull_scale_title": "Skull Scale",
	"shavehud_dmg_popup_skull_scale_desc": "Changes the size of the skull icon when it was a kill.",
	"shavehud_dmg_popup_skull_align_title": "Skull Align",
	"shavehud_dmg_popup_skull_align_desc": "Changes the alignment of the skull icon when it was a kill.",
	"shavehud_dmg_popup_time_title": "Popup Time",
	"shavehud_dmg_popup_time_desc": "Determines how long the popup will stay.",
	"shavehud_dmg_popup_height_title": "Popup Height",
	"shavehud_dmg_popup_height_desc": "Determines how high above the enemy the popup will render.",
	"shavehud_dmg_popup_alpha_title": "Popup Opacity",
	"shavehud_dmg_popup_alpha_desc": "Set the opacity of the popup.",
	"shavehud_dmg_popup_color_title": "Bodyshot Popup Color",
	"shavehud_dmg_popup_color_desc": "Set the color of the popup for bodyshots",
	"shavehud_dmg_popup_critical_color_title": "Critical Popup Color",
	"shavehud_dmg_popup_critical_color_desc": "Set the color of the popup for critical hits.",
	"shavehud_dmg_popup_headshot_color_title": "Headshot Popup Color",
	"shavehud_dmg_popup_headshot_color_desc": "Set the color of the popup for headshots.",
	"shavehud_enemyhealthbar_options_name": "Enemy Healthbar",
	"shavehud_enemyhealthbar_options_help": "Determine which units should get an healthbar.",
	"shavehud_show_floatinghealthbar_title": "Show Floating Enemy Healthbar",
	"shavehud_show_floatinghealthbar_desc": "Display Floating Enemy Healthbar, when aiming at an enemy.",
	"shavehud_fhb_custom_fix_title": "Custom Health Texture Fix",
	"shavehud_fhb_custom_fix_desc": "Fixes rendering of custom health textures. Toggle on/off if the FHB health texture's size seems wrong.",
	"shavehud_show_enemyhealthbar_title": "Show Enemy Healthbar",
	"shavehud_show_enemyhealthbar_desc": "Display Enemy Healthbar at the top center, when aiming at an enemy.\n(A Map change is needed to apply...)",
	"shavehud_show_civhealthbar_title": "Civilian Healthbar",
	"shavehud_show_civhealthbar_desc": "Also show Healthbar for Civilians and TeamAI.",
	"shavehud_show_carhealthbar_title": "Show Vehicle Healthbar",
	"shavehud_show_carhealthbar_desc": "Show Healthbar for drivable Vehicles.",
	"shavehud_show_healthbar_pointer_title": "Show Pointer",
	"shavehud_show_healthbar_pointer_desc": "Show Arrow under the Healthbar, aiming at the Owner of the Healthbar.",
	"shavehud_interaction_options_name": "Interaction Options",
	"shavehud_interaction_options_help": "Choose your personal Interaction preferences.",
	"shavehud_press2hold_lock_mode_title": "Lock Mode",
	"shavehud_press2hold_lock_mode_desc": "Lock, when already interaction for more than X seconds. (Progress)\nLock, when total Interaction Time is more than X seconds. (Total)",
	"shavehud_press2hold_lock_mode_a": "Progress",
	"shavehud_press2hold_lock_mode_b": "Total",
	"shavehud_press2hold_lock_mode_c": "Pagers+lockpick",
	"shavehud_press2hold_lock_mode_d": "Pagers only",
	"shavehud_press2hold_min_timer_duration_title": "Min. Timer Duration",
	"shavehud_press2hold_min_timer_duration_desc": "The Min Timer Duration for the Interaction to lock.",
	"shavehud_press2hold_show_lockindicator_title": "Show Lock Indicator",
	"shavehud_press2hold_show_lockindicator_desc": "Show transparent red/green circle overlay, to indicate weather the interaction is locked or not.",
	"shavehud_press2hold_equipment_cancel_title": "Equipment Interrupt",
	"shavehud_press2hold_equipment_cancel_desc": "Interrupt a locked Interaction with your equipment key.\n(Otherwise by pressing your Interaction key again.)",
	"shavehud_press2hold_interrupt_hint_title": "Show Interrupt Hint",
	"shavehud_press2hold_interrupt_hint_desc": "Show a text to remind you, which button will interrupt your Interaction.",
	"shavehud_press2hold_show_timer_title": "Show remaining time",
	"shavehud_press2hold_show_timer_desc": "Display the remaining time inside the Interaction circle.",
	"shavehud_press2hold_show_circle_title": "Show Interaction Circle",
	"shavehud_press2hold_show_circle_desc": "Determine if the standard interaction circle should be displayed.",
	"shavehud_press2hold_circle_scale_title": "Circle Scale",
	"shavehud_press2hold_circle_scale_desc": "Scaling factor of the interaction circle.",
	"shavehud_press2hold_timer_scale_title": "Timer Scale",
	"shavehud_press2hold_timer_scale_desc": "Scaling factor of the center timer (Takes circle scale into account).",
	"shavehud_press2hold_text_scale_title": "Text Scale",
	"shavehud_press2hold_text_scale_desc": "Scaling factor of the interaction text below the circle.",
	"shavehud_press2hold_show_reload_circle_title": "Show reload timer",
	"shavehud_press2hold_show_reload_circle_desc": "Determine, if we should show a reload as an interaction.",
	"shavehud_press2hold_show_melee_circle_title": "Show melee charge",
	"shavehud_press2hold_show_melee_circle_desc": "Determine, if we should show a melee charge as an interaction.",
	"shavehud_press2hold_timer_color_start_title": "Timer Color (Start)",
	"shavehud_press2hold_timer_color_start_desc": "Color for the Timer to start with.",
	"shavehud_press2hold_timer_color_title": "Timer Color (End)",
	"shavehud_press2hold_timer_color_desc": "Color for the Timer to reach on completion.",
	"shavehud_press2hold_show_timer_outline_title": "Black outline",
	"shavehud_press2hold_show_timer_outline_desc": "Show a black outline around the remaining time text.",
	"shavehud_doubletap_nades_stealth_title": "Stealth Nade Suppression",
	"shavehud_doubletap_nades_stealth_desc": "When checked, you need to doubletap to throw a nade in stealth. \nOnly to prevent accidents.",
	"shavehud_hold_to_pick_title": "Auto Pickup",
	"shavehud_hold_to_pick_desc": "Automatically pick up small loot.",
	"shavehud_press_to_mask_title": "Press to Mask Up",
	"shavehud_press_to_mask_desc": "When checked, you only have to press (rather than hold) to mask up.",
	"shavehud_inventory_options_name": "Inventory Tweak Options",
	"shavehud_inventory_options_help": "Options to change the visuals of your Inventory and alter Equipment behavior.",
	"shavehud_equipment_senty_auto_ap_title": "Sentry Auto AP-Mode",
	"shavehud_equipment_senty_auto_ap_desc": "Sentries will spawn in AP Mode, if you have the required Skill.",
	"shavehud_equipment_tripmine_auto_sensor_stealth_title": "Trip-Mine Auto Sensor-Mode",
	"shavehud_equipment_tripmine_auto_sensor_stealth_desc": "Trip-Mines will spawn in Sensor Mode, while you are in stealth.",
	"shavehud_equipment_ecm_feedback_disabled_stealth_title": "ECM Feedback Suppression",
	"shavehud_equipment_ecm_feedback_disabled_stealth_desc": "ECM Feedback will be disabled during stealth.",
	"shavehud_equipment_shaped_charge_disabled_stealth_title": "Shaped Charge Suppression",
	"shavehud_equipment_shaped_charge_disabled_stealth_desc": "When checked, you need to doubletap to deploy shaped charges in stealth. \nOnly to prevent accidents.",
	"shavehud_equipment_keycard_doors_disabled_title": "Key-card Door Suppression",
	"shavehud_equipment_keycard_doors_disabled_desc": "When checked, you need to doubletap to close doors in hoxton breakout day 2. \nOnly to prevent accidents.",
	"shavehud_override_fedinv": "Enable Federal Inventory",
	"shavehud_override_fedinv_desc": "Enable colorized Inventory icons.\nRequires game restart to fully take effect.",
	"shavehud_gadget_options_name": "Weapon Gadget Options",
	"shavehud_gadget_options_help": "Specify your custom laser colors.",
	"shavehud_laser_autoon_title": "Automatic Laser On",
	"shavehud_laser_autoon_desc": "Automatically turns the laser gadget on at startup, on weapons that have one.",
	"shavehud_show_angled_sight_title": "Show Angled Sight",
	"shavehud_show_angled_sight_desc": "Tilt the weapon in your Hand, while the angled sight is enabled.",
	"shavehud_gadget_player_laser_options_name": "Player Laser",
	"shavehud_gadget_player_laser_options_help": "Setting for your local laser.",
	"shavehud_gadget_player_sentry_laser_options_name": "Player Sentry Options",
	"shavehud_gadget_player_sentry_laser_options_help": "Settings for your sentries lasers.",
	"shavehud_gadget_team_laser_options_name": "Teammate Lasers",
	"shavehud_gadget_team_laser_options_help": "Settings for your teammates lasers.",
	"shavehud_gadget_team_sentry_laser_options_name": "Teammate Sentry Lasers",
	"shavehud_gadget_team_sentry_laser_options_help": "Settings for your Teammates sentries lasers.",
	"shavehud_gadget_sniper_laser_options_name": "Sniper Laser",
	"shavehud_gadget_sniper_laser_options_help": "Setting for the lasers of enemy snipers.",
	"shavehud_gadget_turret_laser_active_options_name": "Turret Laser (Active)",
	"shavehud_gadget_turret_laser_active_options_help": "Laser settings for the active SWAT turret.",
	"shavehud_gadget_turret_laser_rearming_options_name": "Turret Laser (Rearming)",
	"shavehud_gadget_turret_laser_rearming_options_help": "Laser settings for the reloading SWAT turret.",
	"shavehud_gadget_turret_laser_mad_options_name": "Turret Laser (Mad)",
	"shavehud_gadget_turret_laser_mad_options_help": "Laser settings for the jammed SWAT turret.",
	"shavehud_gadget_player_flashlight_options_name": "Player Flashlight",
	"shavehud_gadget_player_flashlight_options_help": "Settings for your local flashlight.",
	"shavehud_gadget_team_flashlight_options_name": "Teammate Flashlight",
	"shavehud_gadget_team_flashlight_options_help": "Settings for your Teammates flashlights.",
	"shavehud_gadgets_enabled_title": "Overwrite Color",
	"shavehud_gadgets_enabled_desc": "Use this definition instead of the gadget configuration.",
	"shavehud_gadgets_beam_r_title": "Laser Beam (R)",
	"shavehud_gadgets_beam_r_desc": "Red component of the laser color.",
	"shavehud_gadgets_beam_g_title": "Laser Beam (G)",
	"shavehud_gadgets_beam_g_desc": "Green component of the laser color.",
	"shavehud_gadgets_beam_b_title": "Laser Beam (B)",
	"shavehud_gadgets_beam_b_desc": "Blue component of the laser color.",
	"shavehud_gadgets_beam_a_title": "Laser Beam Alpha",
	"shavehud_gadgets_beam_a_desc": "Opacity of the laser beam.",
	"shavehud_gadgets_dot_match_title": "Matching Dot Color",
	"shavehud_gadgets_dot_match_desc": "Determines, if the laser dot should match the beam in color.",
	"shavehud_gadgets_dot_r_title": "Laser Dot (R)",
	"shavehud_gadgets_dot_r_desc": "Red component of the laser dots color.",
	"shavehud_gadgets_dot_g_title": "Laser Dot (G)",
	"shavehud_gadgets_dot_g_desc": "Green component of the laser dots color.",
	"shavehud_gadgets_dot_b_title": "Laser Dot (B)",
	"shavehud_gadgets_dot_b_desc": "Blue component of the laser dots color.",
	"shavehud_gadgets_dot_a_title": "Laser Dot Alpha",
	"shavehud_gadgets_dot_a_desc": "Opacity of the laser dot.",
	"shavehud_gadgets_glow_match_title": "Matching Glow Color",
	"shavehud_gadgets_glow_match_desc": "Determines, if the lasers glow should match the beam in color.",
	"shavehud_gadgets_glow_r_title": "Laser Glow (R)",
	"shavehud_gadgets_glow_r_desc": "Red component of the laser glow color.",
	"shavehud_gadgets_glow_g_title": "Laser Glow (G)",
	"shavehud_gadgets_glow_g_desc": "Green component of the laser glow color.",
	"shavehud_gadgets_glow_b_title": "Laser Glow (B)",
	"shavehud_gadgets_glow_b_desc": "Blue component of the laser glow color.",
	"shavehud_gadgets_glow_a_title": "Laser Glow Alpha",
	"shavehud_gadgets_glow_a_desc": "Opacity of the laser glow.",
	"shavehud_gadgets_light_r_title": "Flashlight (R)",
	"shavehud_gadgets_light_r_desc": "Red component of the flashlight color.",
	"shavehud_gadgets_light_g_title": "Flashlight (G)",
	"shavehud_gadgets_light_g_desc": "Green component of the flashlight color.",
	"shavehud_gadgets_light_b_title": "Flashlight (B)",
	"shavehud_gadgets_light_b_desc": "Blue component of the flashlight color.",
	"shavehud_gadgets_light_brightness_title": "Flashlight Brightness",
	"shavehud_gadgets_light_brightness_desc": "Brightness of the flashlight.",
	"shavehud_gadgets_light_angle_title": "Flashlight Angle",
	"shavehud_gadgets_light_angle_desc": "The angle the flashlight shines in.",
	"shavehud_gadgets_light_range_title": "Flashlight Range",
	"shavehud_gadgets_light_range_desc": "Distance the Flashlight can cover.",
	"shavehud_gadgets_rainbow_enabled_title": "Enable Rainbow",
	"shavehud_gadgets_rainbow_enabled_desc": "Enables the rainbow mode.",
	"shavehud_gadgets_rainbow_frequency_title": "Rainbow Frequency",
	"shavehud_gadgets_rainbow_frequency_desc": "Determines how fast the rainbow changes colors.",
	"shavehud_gadgets_pulse_enabled_title": "Enable Pulse",
	"shavehud_gadgets_pulse_enabled_desc": "Activates the pulse mode.",
	"shavehud_gadgets_pulse_min_title": "Pulse Min",
	"shavehud_gadgets_pulse_min_desc": "Minimum Opacity modificator that gets used.",
	"shavehud_gadgets_pulse_max_title": "Pulse Max",
	"shavehud_gadgets_pulse_max_desc": "Maximum Opacity modificator that gets used.",
	"shavehud_gadgets_pulse_frequency_title": "Pulse Frequency",
	"shavehud_gadgets_pulse_frequency_desc": "Determines the time it takes the pulse from minimum to maximum opacity multiplicator.",
	"shavehud_skipit_options_name": "Skip-It Options",
	"shavehud_skipit_options_help": "Options to skip unnecessary menus automatically to save your time.",
	"shavehud_assaultbanner_options_name": "Assault Banner Options",
	"shavehud_assaultbanner_options_help": "Options to change the Assault Banner.",
	"shavehud_create_empty_lobby_title": "Create Empty Lobby",
	"shavehud_create_empty_lobby_desc": "Create a contractless multiplayer lobby.\n(defaults to friends-only, changeable to public or private)",
	"shavehud_item_insta_custody_mod_id": "Go into custody",
	"shavehud_item_insta_custody_mod_desc": "Do you want to go into custody?",
	"shavehud_chat_insta_custody_mod_msg": "\"Instant Custody\" mod was used.",
	"shavehud_dialog_insta_custody_mod_yes": "Yes",
	"shavehud_dialog_insta_custody_mod_no": "No",
	"shavehud_autokick_cheat_mods_title": "Autokick Cheat Mods",
    "shavehud_autokick_cheat_mods_desc": "Automatically kick players using cheat mods (that can impact your gameplay)",
    "shavehud_badass_camera_title": "Badass Camera",
    "shavehud_badass_camera_desc": "Enable cinematic camera effects in main menu",
    "shavehud_bag_tilt_removal_title": "Bag Carry Tilt Removal",
    "shavehud_bag_tilt_removal_desc": "Disable the camera tilt when carrying bags",
    "shavehud_bigger_better_replaced_title": "Bigger Better Replaced",
    "shavehud_bigger_better_replaced_desc": "Replaces \"The Bigger The Better\" with \"SpecOps Suppressor\" (model only)",
    "shavehud_bullet_decapitations_title": "Bullet Dismemberment",
    "shavehud_bullet_decapitations_desc": "Improved gore effects",
    "shavehud_clear_descriptions_title": "Clear Descriptions",
    "shavehud_clear_descriptions_desc": "Improved descriptions for weapon gadgets and special ammo",
    "shavehud_correct_armor_sorting_title": "Correct Armor Sorting",
    "shavehud_correct_armor_sorting_desc": "Order armor by protection in ascending order",
    "shavehud_fix_counter_taser_title": "Counter-Taser Animation",
    "shavehud_fix_counter_taser_desc": "Restore the counter-taser animation",
    "shavehud_difficulty_animation_title": "Blackscreen Difficulty Animation",
    "shavehud_difficulty_animation_desc": "Animated difficulty indicator on blackscreen",
    "shavehud_disable_telemetry_title": "Disable Spyware",
    "shavehud_disable_telemetry_desc": "Disable the game's built-in telemetry",
    "shavehud_enable_akimbo_mode_title": "Akimbo Firemode Toggle",
    "shavehud_enable_akimbo_mode_desc": "Activate Akimbo Firemode Toggle Keybind",
    "shavehud_fix_ability_use_title": "Perkdeck Ability Use Fix",
    "shavehud_fix_ability_use_desc": "Allow using perkdeck abilities while driving or shooting",
    "shavehud_fix_auto_fire_sound_title": "Autofire Sound Fix",
    "shavehud_fix_auto_fire_sound_desc": "Prevent duplicate sound playback on single shots",
    "shavehud_fix_bot_bullet_collision_title": "Disable Bot Bullet Collision",
    "shavehud_fix_bot_bullet_collision_desc": "Allow player shots to pass through Team AI",
    "shavehud_fix_bullet_push_title": "Disable Killing Bullet Push",
    "shavehud_fix_bullet_push_desc": "Disable the killing bullet push that causes visual glitches (Shotguns and Stealth unaffected)",
    "shavehud_fix_cloaker_cam_lock_title": "Disable Cloaker Camera Lock",
    "shavehud_fix_cloaker_cam_lock_desc": "Prevents Cloakers from locking your camera",
    "shavehud_fix_correct_diff_enemies_title": "Correct Difficulty Enemies",
    "shavehud_fix_correct_diff_enemies_desc": "Prevent wrong enemies spawning",
    "shavehud_fix_crimespree_crash_loss_title": "Crimespree Crash Loss Fix",
    "shavehud_fix_crimespree_crash_loss_desc": "Prevents losing your crimespree after crashing",
    "shavehud_fix_crimespree_phalanx_spawn_limit_title": "Crimespree Phalanx Spawn Limit",
    "shavehud_fix_crimespree_phalanx_spawn_limit_desc": "Forces Phalanx Shields to adhere to spawn limits",
    "shavehud_fix_crimespree_rankspread_filter_title": "Crimespree Rank Spread Filter Fix",
    "shavehud_fix_crimespree_rankspread_filter_desc": "Fixes the Rank Spread Filter",
    "shavehud_fix_diff_check_fallback_title": "Difficulty Check Fallback Fix",
    "shavehud_fix_diff_check_fallback_desc": "Fixes scripted spawns which are broken on Mayhem/Death Sentence",
    "shavehud_fix_dozer_sprint_title": "Bulldozer Sprint Fix",
    "shavehud_fix_dozer_sprint_desc": "Prevent Bulldozers from sprinting near players, as originally intended",
    "shavehud_fix_keep_heist_outfits_title": "Keep specific heist outfits",
    "shavehud_fix_keep_heist_outfits_desc": "Override outfits if the heist has a specific one (client-side only)",
    "shavehud_fix_logical_heist_outfits_title": "Extend specific heist outfits",
    "shavehud_fix_logical_heist_outfits_desc": "Use Parka for Boiling Point, Legacy Tactical for Slaughterhouse",
    "shavehud_fix_reload_speed_boost_title": "Reload Speed Boost Fix",
    "shavehud_fix_reload_speed_boost_desc": "Allow reload speed boost affectig single reload weapons",
    "shavehud_fix_shotgun_reload_title": "Shotgun Reload Fix",
    "shavehud_fix_shotgun_reload_desc": "Fix an issue where Shotguns and similar weapons only reload one round",
    "shavehud_fix_stale_lobby_title": "Stale Lobby Contract Fix",
    "shavehud_fix_stale_lobby_desc": "Report lobby as contractless to Steam rather than the last finished heist",
    "shavehud_fixes_options_name": "Bugfix Options",
    "shavehud_hidden_dlc_title": "Hide Latest DLC ad",
    "shavehud_hidden_dlc_desc": "Hide latest DLC advertisement on main menu",
    "shavehud_hidden_updates_title": "Hide Content Updates",
    "shavehud_hidden_updates_desc": "Hide Content Updates on main menu",
    "shavehud_instant_custody_title": "Instant Custody",
    "shavehud_instant_custody_desc": "Enables menu option to go into custody voluntarily",
    "shavehud_instant_pick_gage_title": "Instant Gage Package Pickup",
    "shavehud_instant_pick_gage_desc": "Instantly pick up Gage packages",
    "shavehud_inventory_count_title": "Inventory Count",
    "shavehud_inventory_count_desc": "Display additional information for throwables and equipment",
    "shavehud_kick_friend_title": "Don't Ban Friends",
    "shavehud_kick_friend_desc": "Allow friends to rejoin your lobby after a kick",
    "shavehud_ladder_improvements_title": "Ladder Improvements",
    "shavehud_ladder_improvements_desc": "Makes ladder handling much more intuitive, see modwork.shop/23192",
    "shavehud_mask_in_outfit_screen_title": "Show Mask in outfit screen",
    "shavehud_mask_in_outfit_screen_desc": "Display your mask in outfit screen",
    "shavehud_misc_options_name": "Other Options",
    "shavehud_mod_list_lite_title": "Modlist Lite",
    "shavehud_mod_list_lite_desc": "Prevent modlist from loading icons",
    "shavehud_no_fade_title": "Disable Fade to Black",
    "shavehud_no_fade_desc": "Remove Fade to Black in main menu",
    "shavehud_no_red_lasers_title": "No Red Teammate Lasers",
    "shavehud_no_red_lasers_desc": "Replaces red teammate lasers with the default green",
    "shavehud_no_sway_title": "Disable Fake Weapon Sway",
    "shavehud_no_sway_desc": "Remove fake weapon sway when aiming down sights",
    "shavehud_no_weapon_rotation_title": "Disable Weapon Rotation",
    "shavehud_no_weapon_rotation_desc": "Remove Weapon Preview Rotation in the Blackmarket",
    "shavehud_player_blood_title": "Player Bloodsplats",
    "shavehud_player_blood_desc": "Generate bloodsplats when players are hit",
    "shavehud_redundant_card_removal_title": "Remove Redundant Cards",
    "shavehud_redundant_card_removal_desc": "Remove money and experience from the loot table",
    "shavehud_returnable_mask_components_title": "Return Mask Components",
    "shavehud_returnable_mask_components_desc": "Allow returning mask components",
    "shavehud_shield_despawn_timer_title": "Shield Despawn Timer",
    "shavehud_shield_despawn_timer_desc": "Despawn dead Shields after a timeout",
    "shavehud_shield_despawn_timer_value_title": "Despawn Timeout",
    "shavehud_shield_despawn_timer_value_desc": "Timeout in seconds for despawning dead Shields",
    "shavehud_skin_hider_title": "Hide Skins in Lobby",
    "shavehud_skin_hider_desc": "Display Infamy cards instad of skins in lobby (where applicable)",
    "shavehud_starring_title": "Blackscreen Starring",
    "shavehud_starring_desc": "Display player and character names on blackscreen",
    "shavehud_vehicle_fov_title": "Vehicle FOV",
    "shavehud_vehicle_fov_desc": "Override FOV for all vehicles",
    "shavehud_vehicle_fov_value_title": "Override Value",
    "shavehud_vehicle_fov_value_desc": "Set FOV for all vehicles to this",
	"shavehud_fix_third_person_recoil_title": "Third Person Recoil",
	"shavehud_fix_third_person_recoil_desc": "Enable firing/recoil animations for most weapons in third person",
	"shavehud_fix_mag_drop_title": "Mag Drop Fixes",
	"shavehud_fix_mag_drop_desc": "Interrupted reloads no longer cause magazines to be stuck in a player's hands or disappear from the gun.",
	"shavehud_fix_mag_drop_limit_title": "Dropped Magazine Limit",
	"shavehud_fix_mag_drop_limit_desc": "Limit dropped magazines in the world",
	"shavehud_identify_vr_title": "Identify VR Players",
	"shavehud_identify_vr_desc": "Show in chat when someone else is using VR and announce in chat that you're using VR (if applicable)."
}