{
	"menu_jowi": "Wick",
	"hud_int_hold_grab_the_bag": "Halte $INTERACT um $BAG zu nehmen",
	"shavehud_dialog_force_start_title": "Erzwinge Spielstart?",
	"shavehud_dialog_force_start_desc": "Bist du sicher, das du den Spielstart erzwingen möchtest?\n\nBitte nutze diese Funktion nur für verbuggte Lobbies oder wenn Spieler afk sind.\nLasse deinen Mitspielern genügend Zeit, ihr Loadout zu wählen.\n\nDankeschön :)",
	"shavehud_dialog_install_title": "Installiere: $NAME",
	"shavehud_dialog_install_desc": "Möchtest du, dass wir '$NAME' installieren?\nWir werden die notwendigen Ordner erstellen, sodass BLT dich nach dem Neustart des Spiels auf ein Update hinweisen wird.\n(Das Erstellen der Ordner kann zur Minimierung des Spiels führen.)",
	"shavehud_dialog_remind_later": "Erinnere mich später",
	"shavehud_dialog_install_fed_inv_desc": "Federal Inventory ist ein override mod für bunte Waffen-, Masken- und Equipment-Bilder.\nEs passt hevorragend zu CustomHUD und unterstützt automatische Updates durch BLT.",
	"shavehud_dialog_rename_inv_tab": "Benenne Inventar Seite",
	"shavehud_dialog_rename_inv_tab_desc": "Bitte gib einen neuen Namen für die aktuelle Inventarseite ein.",
	"shavehud_dialog_save": "Speichern",
	"shavehud_dialog_requires_superblt_title": "[ShaveHUD] SuperBLT nicht gefunden!",
	"shavehud_dialog_requires_superblt_desc_long": "ShaveHUD benötigt SuperBLT um zu funktionieren.\nSuperBLT ist eine Abspaltung vom originalen BLT Mod-Loader für PAYDAY 2, mit einigen Verbesserungen. \nEs ist voll rückwärts-kompatibel mit anderen BLT mods.\n\nDu findest weitere Informationen und eine Installationsanleitung unter: \n$URL",
	"shavehud_dialog_requires_superblt_desc_short": "ShaveHUD ist nicht länger mit BLT kompatibel.\nBitte update auf SuperBLT um es weiter zu nutzen.\nDu findest SuperBLT unter '$URL'.",
	"shavehud_dialog_update_install_folder_title": "[ShaveHUD] Auto-Updates compromised!",
	"shavehud_dialog_update_install_folder_desc": "For automatic updates, ShaveHUD's install folder \nneeds to be named 'mods/ShaveHUD/'. \n(Currently its 'mods/$FOLDER/')",
	"shavehud_notification_disabled_override_title": "ShaveHUD: $NAME ist zurzeit deaktiviert.",
	"shavehud_notification_disabled_override_desc": "Wenn du es dir anders überlegt hast, klicke hier.",
	"shavehud_notification_restart_override_title": "ShaveHUD: $NAME ist bereit zur Installation.",
	"shavehud_notification_restart_override_desc": "Bitte starte dein Spiel neu, um den Download zu starten.",
	"shavehud_int_locked": "DRÜCKE $BTN_CANCEL UM ABZUBRECHEN",
	"shavehud_int_locked_pager": "DRÜCKE $BTN_CANCEL UM ABZUBRECHEN\n(LÖST ALARM AUS)",
	"shavehud_preplanning_save": "Plan speichern",
	"shavehud_preplanning_load": "Plan laden",
	"shavehud_preplanning_reset": "Plan zurücksetzen",
	"shavehud_preplanning_reset_all": "Alles zurücksetzen",
	"shavehud_preplanning_delete": "Plan löschen",
	"shavehud_preplanning_save_tooltip_title": "Speichere aktuellen Plan:",
	"shavehud_preplanning_save_tooltip_desc": "Speichere den aktuellen Plan, um es das nächste mal bei dieser Mission leichter zu haben.",
	"shavehud_preplanning_load_tooltip_title": "Lade gespeicherten Plan:",
	"shavehud_preplanning_load_tooltip_desc": "Öffnet ein Menü mit all deinen gespeicherten Plänen. Wähle den Plan, den du laden möchtest.",
	"shavehud_preplanning_reset_tooltip_title": "Zurücksetzen den Plans:",
	"shavehud_preplanning_reset_tooltip_desc": "Entfernt alle Vorteile die du platziert hast, und setzt deine Wahlen auf den Standart zurück.",
	"shavehud_preplanning_reset_all_tooltip_title": "Komplettes zurücksetzen den Plans:",
	"shavehud_preplanning_reset_all_tooltip_desc": "Entfernt alle Vorteile, die von dir und anderen platziert worden sind, und setzt deine Wahlen auf den Standart zurück.",
	"shavehud_preplanning_delete_tooltip_title": "Lösche gespeicherten Plan:",
	"shavehud_preplanning_delete_tooltip_desc": "Entferne nicht länger benötigte gespeicherte Pläne, um die Übersicht zu behalten.",
	"shavehud_preplanning_manager_title": "Vorausplanungs-Manager",
	"shavehud_preplanning_error_no_saved_plans": "Keine gespeicherten Pläne gefunden.",
	"shavehud_preplanning_error_max_plans_reached": "Maximale Anzahl an gespicherten Plänen erreicht.",
	"shavehud_preplanning_votes_title": "Wahlen:",
	"shavehud_preplanning_assets_title": "Vorteile:",
	"shavehud_preplanning_dialog_save": "Plan speichern?",
	"shavehud_preplanning_dialog_save_desc": "$PLAN\n\n\nBitte gib diesem Plan einen Namen.\n(Die Wahl eines existierenden Namens wird diesen überschreiben.)",
	"shavehud_preplanning_dialog_delete": "Plan löschen?",
	"shavehud_preplanning_dialog_delete_desc": "Bist du sicher, das du den Plan '$NAME' löschen möchtest?",
	"shavehud_preplanning_msg_saved_success": "Der aktueller Plan wurde erfolgreich gespeichert.",
	"shavehud_preplanning_msg_saved_failed": "Das Speichern des aktuellen Plans ist fehlgeschlagen.",
	"shavehud_preplanning_msg_no_save_slot": "Maximale Anzahl an gespicherten Plänen erreicht.",
	"shavehud_preplanning_msg_no_current_plan": "Es ist zurzeit nichts geplant, das gespeichert werden könnte.",
	"shavehud_preplanning_msg_loaded_success": "Der Plan wurde erfolgreich geladen.",
	"shavehud_preplanning_msg_loaded_failed": "Das Laden des Plans ist fehlgeschlagen.",
	"shavehud_preplanning_msg_loaded_partitially": "Der Plan wurde teilweise geladen: $ERRORMSG",
	"shavehud_preplanning_msg_loaded_missing_skill": "Eine Fähigkeit fehlt",
	"shavehud_preplanning_msg_loaded_missing_favours": "Nicht genug Gefallen",
	"shavehud_preplanning_msg_loaded_missing_money": "Nicht genug Geld",
	"shavehud_preplanning_msg_reseted_success": "Der aktuellen Plan wurde erfolgreich zurückgesetzt.",
	"shavehud_preplanning_msg_reseted_failed": "Das Zurücksetzen des aktuellen Plans ist fehlgeschlagen.",
	"shavehud_preplanning_msg_deleted_success": "Der Plan wurde erfolgreich gelöscht.",
	"shavehud_preplanning_msg_deleted_failed": "Das Löschen des Plans ist fehlgeschlagen.",
	"shavehud_preplanning_msg_folder_creation_failed": "Fehler beim Erstellen der Ordners: $FOLDER \nBitte vergewissere dich, dass das Spiel die benötigten Rechte hat, oder erstelle ihn manuell.",
	"shavehud_preplanning_msg_file_creation_failed": "Fehler beim Erstellen der Datei: $FILE \nBitte vergewissere dich, dass das Spiel die benötigten Rechte hat, oder erstelle sie manuell.",
	"shavehud_inv_tab_rename_hint": "Klicke doppelt auf den aktiven Inventar Tab, um ihn umzubenennen.",
	"shavehud_loadout_hours_played": "$HOURS Std.",
    "shavehud_profile_switch_title": "Profil Ändern",
    "shavehud_profile_switch_title_profiles": "Profil:",
	"victory_most_damage": "Höchster Schaden:",
	"victory_session_damage": "Gesamtzahl Schaden:",
	"shavehud_advassault_phase_title": "Ansturms Phase:",
	"shavehud_advassault_spawns_title": "Verbleibende Spawns:",
	"shavehud_advassault_time_title": "Verbleibende Zeit:",
	"shavehud_advassault_phase_anticipation": "Erwartung",
	"shavehud_advassault_phase_build": "Aufbau",
	"shavehud_advassault_phase_sustain": "Angriff",
	"shavehud_advassault_phase_fade": "Abklang",
	"shavehud_advassault_time_overdue": "ÜBERFÄLLIG",
	"shavehud_locked_assault": "Endloser Polizei Ansturm!!!   Verschwinde so schnell wie möglich!!!",
	"shavehud_customhud_interaction_done": "ABSCHLUSS",
	"shavehud_customhud_interaction_aborted": "ABBRUCH",
	"shavehud_hudlist_device_timer": "Timer",
	"shavehud_hudlist_device_drill": "Bohrer",
	"shavehud_hudlist_device_hack": "Hack",
	"shavehud_hudlist_device_saw": "Säge",
	"shavehud_hudlist_device_security": "Hacks",
	"shavehud_hudlist_device_security_bar": "Hack $CURRENT/$TOTAL",
	"shavehud_hudlist_loot_armor": "Rüstung",
	"shavehud_hudlist_loot_bomb": "Bombe",
	"shavehud_hudlist_loot_weapon": "Waffe",
	"shavehud_hudlist_loot_diamond": "Diamant",
	"shavehud_hudlist_loot_evidence": "Beweise",
	"shavehud_hudlist_loot_toast": "Toast",
	"shavehud_hudlist_loot_crate": "Kiste",
	"shavehud_hudlist_loot_toothbrush": "Bürste",
	"shavehud_hudlist_loot_bag": "Tasche",
	"shavehud_hudlist_loot_shoes": "Schuhe",
	"shavehud_hudlist_loot_toy": "Spielzeug",
	"shavehud_hudlist_loot_vr": "Headset",
	"shavehud_hudlist_loot_egg": "Ei",
	"shavehud_hudlist_loot_treasure": "Schatz",
	"shavehud_hudlist_showcase": "Vitrine",
	"shavehud_hudlist_buff_basic": "Basic",
	"shavehud_hudlist_buff_aced": "Aced",
	"shavehud_hudlist_buff_boost": "Boost",
	"shavehud_hudlist_buff_revive": "Revive",
	"shavehud_hudlist_buff_crew_inspire_debuff": "Revive (AI)",
	"shavehud_hudlist_buff_dmg_inc": "+Dmg",
	"shavehud_hudlist_buff_dmg_dec": "-Dmg",
	"shavehud_hudlist_buff_mdmg_inc": "+M.Dmg",
	"shavehud_hudlist_buff_phealth_reg": "+HP",
	"shavehud_hudlist_buff_tot_dodge": "%Dodge",
	"shavehud_tabstats_total_damage": "Schaden gesamt:",
	"shavehud_tabstats_tanks_killed": "Bulldozer getötet:",
	"shavehud_tabstats_cloakers_killed": "Cloaker getötet:",
	"shavehud_tabstats_shields_killed": "Schilde getötet:",
	"shavehud_tabstats_snipers_killed": "Sniper getötet:",
	"shavehud_tabstats_tasers_killed": "Taser getötet:",
	"shavehud_tabstats_gensec_killed": "GENSEC getötet:",
	"shavehud_tabstats_medic_killed": "Medics getötet:",
	"shavehud_tabstats_melee_kills": "Nahkampf Kills:",
	"shavehud_tabstats_explosion_kills": "Explosions Kills:",
	"shavehud_tabstats_nonspecial_kills": "Normale Kills:",
	"shavehud_tabstats_total_kills": "Gesamt Kills:",
	"shavehud_tabstats_total_revives": "Wiederbelebung (P/AI):",
	"shavehud_tabstats_alltime_stat": "Insgesamt:",
	"shavehud_enemy_civilian": "Zivilist",
	"shavehud_enemy_mariachi": "Mariachi Band Mitglied",
	"shavehud_enemy_gangster": "Gangster",
	"shavehud_enemy_biker": "Biker",
	"shavehud_enemy_bolivian_security_mex": "Coyopa Security",
	"shavehud_enemy_bolivian_security": "Sosa Security",
	"shavehud_enemy_bolivian_thug": "Sosa Schläger",
	"shavehud_enemy_mobster": "Russian Mobster",
	"shavehud_enemy_security": "Sicherheitsbeamter",
	"shavehud_enemy_gensec": "GENSEC Einheit",
	"shavehud_enemy_cop": "Polizist",
	"shavehud_enemy_fbi": "FBI Einheit",
	"shavehud_enemy_swat": "SWAT Einheit",
	"shavehud_enemy_heavy_swat": "Schw. SWAT",
    "shavehud_enemy_heavy_swat_sniper": "Schw. SWAT Sniper",
	"shavehud_enemy_city_swat": "Elite Einheit",
	"shavehud_enemy_shield": "Schild",
	"shavehud_enemy_spook": "Cloaker",
	"shavehud_enemy_shadow_spook" :"Schatten-Cloaker",
	"shavehud_enemy_taser": "Taser",
	"shavehud_enemy_sniper": "Sniper",
	"shavehud_enemy_medic": "Medic",
	"shavehud_enemy_tank": "Bulldozer",
	"shavehud_enemy_tank_hw": "Kopfloser Dozer",
	"shavehud_enemy_tank_medic": "Medic Dozer",
	"shavehud_enemy_tank_mini": "Minigun Dozer",
	"shavehud_enemy_phalanx_minion": "Winters Schild",
	"shavehud_enemy_phalanx_vip": "Captain Winters",
	"shavehud_enemy_swat_van": "SWAT GESCHÜTZ",
	"shavehud_enemy_ceiling_turret": "GESCHÜTZ",
	"shavehud_enemy_aa_turret": "LUFTABWEHR-GESCHÜTZ",
	"shavehud_enemy_crate_turret": "GESCHÜTZ",
	"shavehud_enemy_sentry_gun": "SENTRY GUN",
	"shavehud_enemy_mobster_boss": "Der Comissar",
	"shavehud_enemy_chavez_boss": "Chavez",
	"shavehud_enemy_druglord_boss": "Sosa Boss",
	"shavehud_enemy_druglord_boss_stealth": "Sosa Boss",
	"shavehud_enemy_biker_boss": "Biker Boss",
	"shavehud_enemy_bank_manager": "Bank Manager",
	"shavehud_enemy_dah_ralph": "Ralph Garnet",
	"shavehud_enemy_inside_man": "Insider",
	"shavehud_enemy_escort_undercover": "Taxman",
	"shavehud_enemy_escort_heatstreet": "Matt",
	"shavehud_enemy_escort_chinese_prisoner": "Kazo",
	"shavehud_enemy_escort_cfo": "Garnett CFO",
	"shavehud_enemy_escort_reservoirdogs": "Mr. Pink",
	"shavehud_enemy_escort_bain_locke": "Locke / Bain",
	"shavehud_enemy_drunk_pilot": "Betrunkener Pilot",
	"shavehud_enemy_escort": "Escort",
	"shavehud_enemy_boris": "Boris",
	"shavehud_enemy_spa_vip": "Charon",
	"shavehud_enemy_spa_vip_hurt": "Charon (Verletzt)",
	"shavehud_enemy_old_hoxton_mission": "Hoxton",
	"shavehud_enemy_locke_mission": "Locke",
	"shavehud_enemy_hector_boss": "Gepanzerter Hector",
	"shavehud_enemy_hector_boss_no_armor": "Hector",
	"shavehud_enemy_reservoirdogs": "Mr. Blonde",
	"shavehud_enemy_crew": "Crew Mitglied",
	"shavehud_enemy_butler": "Aldstone",
	"shavehud_enemy_vlad": "Vlad",
	"shavehud_enemy_kento": "Kento",
	"shavehud_enemy_boom": "Grenadier",
	"shavehud_enemy_omnia_lpf": "OMNIA L.P.F.",
	"shavehud_enemy_summers": "Captain Summers",
	"shavehud_enemy_boom_summers": "Major Molly",
	"shavehud_enemy_taser_summers": "Engineer Electrika",
	"shavehud_enemy_medic_summers": "Sergeant Doc",
	"shavehud_enemy_spring": "Captain Spring",
	"shavehud_enemy_fbi_vet": "Veteran Cop",
	"shavehud_enemy_deathvox_light": "ZEAL Unit",
	"shavehud_enemy_deathvox_heavy": "Heavy ZEAL",
	"shavehud_multiselect_all": "Alle",
	"shavehud_multiselect_none": "Keine",
	"shavehud_multiselect_disabled": "Deaktiviert",
	"shavehud_multiselect_random": "Zufällig",
	"shavehud_multiselect_left": "Links",
	"shavehud_multiselect_center": "Zentriert",
	"shavehud_multiselect_right": "Rechts",
	"shavehud_colors_white" : "Weiß",
	"shavehud_colors_light_yellow" : "Hell Gelb",
	"shavehud_colors_light_orange" : "Hell Orange",
	"shavehud_colors_light_red" : "Hell Rot",
	"shavehud_colors_light_purple" : "Hell Violett",
	"shavehud_colors_light_green" : "Hell Grün",
	"shavehud_colors_light_blue" : "Hell Blau",
	"shavehud_colors_light_gray": "Hell Grau",
	"shavehud_colors_yellow" : "Gelb",
	"shavehud_colors_orange" : "Orange",
	"shavehud_colors_red": "Rot",
	"shavehud_colors_purple": "Violett",
	"shavehud_colors_green": "Grün",
	"shavehud_colors_blue": "Blau",
	"shavehud_colors_gray": "Grau",
	"shavehud_colors_black": "Schwarz",
	"shavehud_colors_rainbow": "Regenbogen",
	"shavehud_options_name": "ShaveHUD Einstellungen",
	"shavehud_options_help": "Passe ShaveHUD an.",
	"shavehud_language_title": "Sprache",
	"shavehud_language_desc": "Wähle eine Sprache die ShaveHUD nutzen soll.\n(Wird erst beim Mapwechsel aktiv...)",
	"shavehud_languages_english": "Englisch",
	"shavehud_languages_german": "Deutsch",
	"shavehud_languages_dutch": "Niederländisch",
	"shavehud_languages_french": "Französisch",
	"shavehud_languages_italian": "Italienisch",
	"shavehud_languages_spanish": "Spanisch",
	"shavehud_languages_portuguese": "Portugiesisch",
	"shavehud_languages_russian": "Russisch",
	"shavehud_languages_chinese": "Chinesisch",
	"shavehud_languages_korean": "Koreanisch",
	"shavehud_straight_to_main_menu_title": "Direkt zum Hauptmenü",
	"shavehud_straight_to_main_menu_desc": "Überspringe die Intros automatisch und gehe direkt zum Hauptmenü.",
	"shavehud_skip_blackscreen_title": "Überspringe schwarzen Bildschirm",
	"shavehud_skip_blackscreen_desc": "Überspringt den schwarzen Bildschirm beim Missionsstart.\n(Nur Host)",
	"shavehud_instant_restart_title": "Sofortiger Neustart",
	"shavehud_instant_restart_desc": "Startet das Spiel ohne den 5 Skunden Timer neu.\n(Nur Host)",
	"shavehud_stat_screen_speedup_title": "Statistik Bildschirm Geschwindigkeit",
	"shavehud_stat_screen_speedup_desc": "Erhöhe die Geschwindigkeit der Erfahrungsauszählung, ohne dauerhaft die Leertaste gedrückt halten zu müssen.",
	"shavehud_stat_screen_delay_title": "Statistik Bildschirm Verzögerung",
	"shavehud_stat_screen_delay_desc": "Fahre X Sekunden, nachdem deine EXP gezählt wurde, fort.\n(Nur Host) ",
	"shavehud_loot_screen_pick_card_title": "Automatische Kartenwahl",
	"shavehud_loot_screen_pick_card_desc": "Wähle die Karte automatisch, wenn du den Beute Bildschirm erreichst.",
	"shavehud_loot_screen_pick_specific_card_title": "Wähle bestimmte Karte",
	"shavehud_loot_screen_pick_specific_card_desc": "Gege an, welche karte automatisch gewählt werden soll.",
	"shavehud_loot_screen_instant_cardflip_title": "Sofort Karte umdrehen",
	"shavehud_loot_screen_instant_cardflip_desc": "Ausgewählte Karte sofort umdrehen.",
	"shavehud_loot_screen_delay_title": "Beute Bildschirm Verzögerung",
	"shavehud_loot_screen_delay_desc": "Fahre X Sekunden, nachdem alle Beutekarten aufgedeckt wurde, fort.\n(Nur Host, 0 = Deaktiviert)",
	"shavehud_replace_weapon_names_title": "Richtige Waffennamen",
	"shavehud_replace_weapon_names_desc": "Ersetzt die erfundenen Waffennamen mit ihren realen Gegenstücken.\n(Wird erst beim Mapwechsel aktiv...)",
	"shavehud_inventory_tab_names_title": "Benutze Inventory Tab Namen",
	"shavehud_inventory_tab_names_desc": "Ändere die Namen der Tabs des Inventars.\n(Änderung durch editieren von '/mods/saves/ShaveHUD_InventoryNames.txt')",
	"shavehud_inventory_names_title": "Zeige Inventar Box Namen",
	"shavehud_inventory_names_desc": "Zeige die Namen von Waffen, Panzerung, Equipment, etc. in der Box im Inventar.",
	"shavehud_skill_names_title": "Zeige Fähigkeiten Namen",
	"shavehud_skill_names_desc": "Zeige die Namen der Fähigkeiten im Fähigkeitenmenü immer an.",
	"shavehud_show_contractor_job_heat_title":"Show Contractor Heat",
	"shavehud_show_contractor_job_heat_desc":"Shows job heat in the contract broker list.",
	"shavehud_show_mini_icons_title": "Zeige permanente Mini-Icons",
	"shavehud_show_mini_icons_desc": "Zeige die Modifikations Mini-Icons aller Waffen, nicht nur die der ausgewählten Waffe.",
	"shavehud_no_slowmotion_title": "Keine Zeitlupe",
	"shavehud_no_slowmotion_desc": "Deaktiviere die Zeitlupe, während des Aufsetzens der Maske, oder wenn du zu Boden gehst.",
	"shavehud_reset_options_title": "Zurücksetzen",
	"shavehud_reset_options_desc": "Setze alle Einstellungen auf den Standard zurück.",
	"shavehud_reset_options_confirm": "Bist du sicher, dass du alle Einstellungen zurücksetzten willst?",
	"shavehud_panels_options_name": "HUD Panels Optionen",
	"shavehud_panels_options_help": "Optionen für alle HUD Panels, wie CustomHUD, die Verdachts- oder Schadensanzeige, und viele mehr.",
	"shavehud_use_customhud_title": "Nutze CustomHUD",
	"shavehud_use_customhud_desc": "Ersetzt die Standard HUD mit der erweiterten CustomHUD, erstellt von Se7en.\n(Wird erst beim Mapwechsel aktiv...)",
	"shavehud_adv_assault_title": "Erweitertes Ansturms Banner",
	"shavehud_adv_assault_desc": "Zeige die Phase des Ansturms, sowie die verbleibende Zeit und Spawns.\n(Nur Host)",
	"shavehud_assault_position_title": "Ansturmsbanner Position",
	"shavehud_assault_position_desc": "Horizontale Position des Ansturmsbanners.",
	"shavehud_pacified_civs_title": "Zeige eingeschüchterte Zivilisten",
	"shavehud_pacified_civs_desc": "Ändere den Wegpunkt von ungefesselten Zivilisten, solange sie eingeschüchtert sind.",
	"shavehud_use_realammo_title": "Nutze alternative Munition",
	"shavehud_use_realammo_desc": "Zeigt die verbleibende Munition richtig, ohne die geladene Munition mitzuzählen.",
	"shavehud_auto_discard_parachute_title": "Fallschirm ablegen",
	"shavehud_auto_discard_parachute_desc": "Legen den Fallschirm automatisch nach der Landung ab.",	
	"shavehud_enable_burstmode_title": "Aktiviere Burst Modus",
	"shavehud_enable_burstmode_desc": "Aktiviere den Burst Feuermodus für deine Waffen.",
	"shavehud_playerpanel_options_name": "Player Panel",
	"shavehud_playerpanel_options_help": "Einstellungen für dein eigenes HUD Panel.",
	"shavehud_teampanels_options_name": "Teamkammeraden Panels",
	"shavehud_teampanels_options_help": "Einstellungen für die Anzeigen deiner Teamkammeraden.",
	"shavehud_panels_position_title": "Position",
	"shavehud_panels_position_desc": "Horizontale Position des HUD Panels.",
	"shavehud_panels_scale_title": "Skalierung",
	"shavehud_panels_scale_desc": "Skalierungsfaktor des Panels.",
	"shavehud_panels_oppacity_title": "Deckkraft",
	"shavehud_panels_oppacity_desc": "Wähle die Deckkraft des HUD Panels.",
	"shavehud_panels_show_name_title": "Zeige Namen",
	"shavehud_panels_show_name_desc": "Zeige den Spielernamen.",
	"shavehud_panels_show_rank_title": "Zeige Rang",
	"shavehud_panels_rank_name_desc": "Zeige den Spieler Rang.",
	"shavehud_panels_truncate_tags_title": "Tags abschneiden",
	"shavehud_panels_truncate_tags_desc": "Versuche Clan-Tags im Spielernamen abzuschneiden.",
	"shavehud_panels_show_char_title": "Zeige Charakter",
	"shavehud_panels_show_char_desc": "Zeige den vom Spieler gewählten Charakter.",
	"shavehud_panels_show_ping_title": "Zeige Ping",
	"shavehud_panels_show_ping_desc": "Zeige den Ping des Spielers zu dir.",
	"shavehud_panels_show_status_title": "Zeige Status",
	"shavehud_panels_show_status_desc": "Zeige den Status des Spielers (Leben, Rüstung, etc.)",
	"shavehud_panels_condition_icon_color_title": "Zustands-Icon Farbe",
	"shavehud_panels_condition_icon_color_desc": "Setze die Farbe des Zustands-Icons (verblutend, im Gefängnis, Swan Song, etc.)",
	"shavehud_panels_show_equip_title": "Zeige Equipment",
	"shavehud_panels_show_equip_desc": "Zeige das Equipment des Spielers.",
	"shavehud_panels_show_special_equip_title": "Zeige spezielles Equipment",
	"shavehud_panels_show_special_equip_desc": "Zeige das Aufgehobene spezielle Equipment des Spielers.",
	"shavehud_panels_special_equip_rows_title": "spezielles Equipment Zeilen",
	"shavehud_panels_special_equip_rows_desc": "Anzahl an Spezial-Equipment pro Spalte.",
	"shavehud_panels_show_callsign_title": "Zeige Callsign",
	"shavehud_panels_show_callsign_desc": "Zeige das Callsign für den Spieler.",
	"shavehud_panels_show_stamina_title": "Zeige Ausdauer",
	"shavehud_panels_show_stamina_desc": "Zeigt deine Ausdauer als Kreis innerhalb der Lebensanzeige.",
	"shavehud_panels_show_downcounter_title": "Zeige Verblutungszähler",
	"shavehud_panels_show_downcounter_desc": "Zeigt den Verblutungszähler für jeden menschlichen Spieler. \nDer Zähler zeigt deine verbleibenden Downs und die Anzahl der Downs deiner Mitspieler.",
	"shavehud_panels_show_carry_title": "Zeige Trageinfos",
	"shavehud_panels_show_carry_desc": "Zeige getragene Tasche.",
	"shavehud_panels_build_show_title": "Zeige Skills",
	"shavehud_panels_build_show_desc": "Zeige die Skills von beitretenden Spielern.",
	"shavehud_panels_build_time_title": "Zeige Skills Zeit",
	"shavehud_panels_build_time_desc": "Zeige die Skills eines beitretenden Spielers für X Sekunden.\n(0 = Immer)",
	"shavehud_panels_weapon_icon_title": "Waffen Icons",
	"shavehud_panels_weapon_icon_desc": "Welche Waffenicons möchtest du sehen?",
	"shavehud_panels_weapon_name_title": "Waffen Namen",
	"shavehud_panels_weapon_name_desc": "Anzeigen der Waffen Namen?",
	"shavehud_panels_weapon_ammo_title": "Waffen Munition",
	"shavehud_panels_weapon_ammo_desc": "Waffen Munitions-Anzeigemodus.",
	"shavehud_panels_weapon_firemode_title": "Waffen Feuermodus",
	"shavehud_panels_weapon_firemode_desc": "Anzeigen oder verstecken des Waffenfeuermodus.",
	"shavehud_panels_hide": "Verstecken",
	"shavehud_panels_selected": "Nur Ausgewählte",
	"shavehud_panels_unselected": "Nur Abgewählte",
	"shavehud_panels_both": "Beide",
	"shavehud_panels_ammo_total": "Nur Gesamtmunition",
	"shavehud_panels_show_interaction_title": "Zeige Interaktion",
	"shavehud_panels_show_interaction_desc": "Zeige die Interaktion deiner Teamkammeraden.",
	"shavehud_panels_show_interaction_number_title": "Interaktionstimer",
	"shavehud_panels_show_interaction_number_desc": "Zeige verbleibende Dauer der Interaktion.",
	"shavehud_panels_show_interaction_text_title": "Interaktionstext",
	"shavehud_panels_show_interaction_text_desc": "Zeige Interaktionstext.",
	"shavehud_panels_interaction_time_title": "Min Interaktionszeit",
	"shavehud_panels_interaction_time_desc": "Zeige nur Interaktionen, die länger als X sekunden dauern.",
	"shavehud_panels_use_ai_color_title": "Nutze Bot Farbe",
	"shavehud_panels_use_ai_color_desc": "Nutze die angepasste Farbe für Bots. (Dies wirkt sich auch auf Schadend-Popups aus.)",
	"shavehud_panels_ai_color_title": "Angepasste Bot Farbe",
	"shavehud_panels_ai_color_desc": "Setze die angepasste Farbe für Bots. (Dies wirkt sich auch auf Schadend-Popups aus.)",
	"shavehud_chat_options_name": "Chat Optionen",
	"shavehud_chat_options_help": "Options zur Anpassung des Chats.",
	"shavehud_chat_waittime_title": "Chat Ausblendung",
	"shavehud_chat_waittime_desc": "Die Zeit nachdem der Chat ausgeblendet wird.\n(0 = Niemals)",
	"shavehud_chat_fontsize_title": "Chat Schriftgröße",
	"shavehud_chat_fontsize_desc": "Schriftgröße der Ingame Chat-Box.",
	"shavehud_chat_outputlines_title": "Max Chat Ausgabezeilen",
	"shavehud_chat_outputlines_desc": "Max Zeilen zur Ausgabe, bevor du scrollen musst.",
	"shavehud_spam_filter_title": "Chat Spam Filter",
	"shavehud_spam_filter_desc": "Entfernt PocoHUD und  [NGBTO] Spam-Nachrichten aus dem Chat.",
	"shavehud_chat_width_title": "Chat Breite",
	"shavehud_chat_width_desc": "Breite des Chatfensters.",
	"shavehud_chat_inputlines_title": "Max Chat Eingabezeilen",
	"shavehud_chat_inputlines_desc": "Anzahl an Zeilen Text, die du schreiben kannst.",
	"shavehud_chat_colored_bg_title": "Farbiger Hintergrund",
	"shavehud_chat_colored_bg_desc": "Färbe den Zeilenhintergrund basierend auf der Quelle der Nachricht.",
	"shavehud_chat_scrollbar_align_title": "Scrollbar Ausrichtung",
	"shavehud_chat_scrollbar_align_desc": "Ausrichtung der Scrollbar.",
	"shavehud_suspicion_options_name": "Verdachts Optionen",
	"shavehud_suspicion_options_help": "Optionen für die Größe der Verdachtsanziege, sowie ihrer sichtbaren Komponenten.",
	"shavehud_suspicion_scale_title": "Verdachts Skalierung",
	"shavehud_suspicion_scale_desc": "Skalierungsfaktor der Verdachtsanzeige.",
	"shavehud_susp_eye_title": "Zeige Verdachtsanzeige",
	"shavehud_susp_eye_desc": "Zeige die Standard Verdachtspanels.",
	"shavehud_susp_numeric_title": "Zeige numerischen Verdacht",
	"shavehud_susp_numeric_desc": "Zeige den numerischen Verdachtswert.",
	"shavehud_susp_numeric_outline_title": "Schwarze Umrandung",
	"shavehud_susp_numeric_outline_desc": "Zeige eine schwarze Umrandung um den Verdachtswert.",
	"shavehud_killcounter_options_name": "Killzähler Optionen",
	"shavehud_killcounter_options_help": "Optionen für die Darstellung des Killzählers",
	"shavehud_killcounter_player_show_killcount_title": "Zeige Spieler Killzähler",
	"shavehud_killcounter_player_show_killcount_desc": "Zeige den Killzähler in deinem HUD.",
	"shavehud_killcounter_player_color_title": "Killzähler Farbe",
	"shavehud_killcounter_player_color_desc": "Wähle die Farbe deines Killzählers.",
	"shavehud_killcounter_player_show_special_title": "Zähle Spezialeinheiten",
	"shavehud_killcounter_player_show_special_desc": "Zeige deine Tötungen an Spezialeinheiten seperat.",
	"shavehud_killcounter_player_show_head_title": "Zähle Kopfschüsse",
	"shavehud_killcounter_player_show_head_desc": "Zeige deine Anzahl an Kopfschüssen seperat.",
	"shavehud_killcounter_player_show_accuracy_title": "Zeige Spieler Genauigkeit",
	"shavehud_killcounter_player_show_accuracy_desc": "Zeige deine Genauigkeit in deinem HUD.",
	"shavehud_killcounter_team_show_killcount_title": "Zeige Teamkammeraden Killzähler",
	"shavehud_killcounter_team_show_killcount_desc": "Zeige den Killzähler deiner Teamkammeraden in ihren HUDs.",
	"shavehud_killcounter_team_color_title": "Killzähler Farbe",
	"shavehud_killcounter_team_color_desc": "Wähle die Farbe der Killzähler deiner Teamkammeraden.",
	"shavehud_killcounter_team_show_special_title": "Zähle Spezialeinheiten Tötungen",
	"shavehud_killcounter_team_show_special_desc": "Zeige die Tötungen an Spezialeinheiten deiner Teamkammeraden seperat.",
	"shavehud_killcounter_team_show_head_title": "Zähle Kopfschüsse",
	"shavehud_killcounter_team_show_head_desc": "Zeige deine Anzahl an Kopfschüssen deienr Teamkammeraden seperat.",
	"shavehud_killcounter_team_show_ai_title": "Killzähler für Bots",
	"shavehud_killcounter_team_show_ai_desc": "Gibt auch Bots einen Killzähler.",
	"shavehud_corpse_limit_title": "Leichen Limit",
	"shavehud_corpse_limit_desc": "Wie viele Leichen sollen zeitgleich herumliegen können?\n (Wird erst beim Mapwechsel aktiv...)",
	"shavehud_drivinghud_options_name": "DrivingHUD Optionen",
	"shavehud_drivinghud_options_help": "Optionen für DrivingHUD.",
	"shavehud_show_drivinghud_title": "Zeige Driving HUD",
	"shavehud_show_drivinghud_desc": "Zeige eine kleine HUD unten rechts, während du fährst.\n(Wird erst beim Mapwechsel aktiv...)",
	"shavehud_drivinghud_scale_title": "Skalierung",
	"shavehud_drivinghud_scale_desc": "Skalierungsfaktor für DrivingHUD.",
	"shavehud_drivinghud_show_vehicle_title": "Zeige Fahrzeug Bilder",
	"shavehud_drivinghud_show_vehicle_desc": "Zeige ein kleines Bild des Fahrzeugs in dem du fährst und der Masken deiner Teamkammeraden, die mit dir im Fahrzeug sitzen.",
	"shavehud_drivinghud_show_health_title": "Zeige Lebenspunkte",
	"shavehud_drivinghud_show_health_desc": "Aktiviere die Lebensanzeige für Fahrzeuge.",
	"shavehud_drivinghud_show_loot_title": "Zeige Beute",
	"shavehud_drivinghud_show_loot_desc": "Zeigt die Anzahl an Beutetachen, die sich zurzeit im Fahrzeug befinden und die maximale Anzahl an verstaubarer Beute.",
	"shavehud_drivinghud_show_passengers_title": "Zeige Mitfahrer",
	"shavehud_drivinghud_show_passengers_desc": "Zeige die Anzahl an Personen im Fahrzeug und die Sitzanzahl.",
	"shavehud_drivinghud_show_gear_title": "Zeige Gang",
	"shavehud_drivinghud_show_gear_desc": "Zeige in welchem Gang du gerade fährst.",
	"shavehud_drivinghud_show_speed_title": "Zeige Geschwindigkeit",
	"shavehud_drivinghud_show_speed_desc": "Zeige die Aktuelle Geschwindigkeit des Fahrzeugs.",
	"shavehud_drivinghud_speed_in_mph_title": "Geschwindigkeit in mph",
	"shavehud_drivinghud_speed_in_mph_desc": "Zeige die Geschwindigkeit in mph.\n(Ansonsten km/h .)",
	"shavehud_drivinghud_show_rpm_title": "Zeige RPM",
	"shavehud_drivinghud_show_rpm_desc": "Zeige die aktuelle Drehzahl des Fahrzeugs.",
	"shavehud_infopanels_options_name": "HUD Listen Optionen",
	"shavehud_infopanels_options_help": "Optionen für die Info Boxen von HUD List.",
	"shavehud_use_hudlist_title": "Benutze HUDList",
	"shavehud_use_hudlist_desc": "HUDList kann viele nützliche Dinge anzeigen, wie zum Beispiel Bohrerzeiten, Gegner- oder Beutezähler, Equipment auf der Karte, etc. (Wird erst beim Mapwechsel aktiv...)",
	"shavehud_hudlist_scale_right_title": "Skalierung Liste rechts",
	"shavehud_hudlist_scale_right_desc": "Skalierungsfaktor für Boxen der rechten Liste.",
	"shavehud_hudlist_scale_left_title": "Skalierung Liste links",
	"shavehud_hudlist_scale_left_desc": "Skalierungsfaktor für Boxen der linken Liste.",
	"shavehud_hudlist_scale_buff_title": "Skalierung Buff Liste",
	"shavehud_hudlist_scale_buff_desc": "Skalierungsfaktor für Boxen der Buff Liste.",
	"shavehud_hudlist_box_color_title": "Box Vordergrund Farbe",
	"shavehud_hudlist_box_color_desc": "Vordergrund und Schriftfarbe der Info Boxen.\n(Wird erst beim Mapwechsel aktiv...)",
	"shavehud_hudlist_box_bg_color_title": "Box Hintergrund Farbe",
	"shavehud_hudlist_box_bg_color_desc": "Hintergrundfarbe der Info Boxen.\n(Wird erst beim Mapwechsel aktiv...)",
	"shavehud_hudlist_civcolor_title": "Zivilisten Farbe",
	"shavehud_hudlist_civcolor_desc": "Farbe der Zivilisten und Geiseln des Gegner Zählers.",
	"shavehud_hudlist_thugcolor_title": "Gangster Farbe",
	"shavehud_hudlist_thugcolor_desc": "Farbe der Gangster des Gegner Zählers.",
	"shavehud_hudlist_copcolor_title": "Gegner Farbe",
	"shavehud_hudlist_copcolor_desc": "Farbe der Polizisten, SWATs und Schwere SWATs des Gegner Zählers.",
	"shavehud_hudlist_specialcolor_title": "Spezialgegner Farbe",
	"shavehud_hudlist_specialcolor_desc": "Farbe für Spezialgegner und Geschützwagen des Gegner Zählers.",
	"shavehud_hudlist_progress_alpha_left_title": "Linkes Fortschritts-Alpha",
	"shavehud_hudlist_progress_alpha_left_desc": "Alphawert der Fortschrittsanzeigen der linken Liste.",
	"shavehud_hudlist_progress_alpha_right_title": "Rechtes Fortschritts-Alpha",
	"shavehud_hudlist_progress_alpha_right_desc": "Alphawert der Fortschrittsanzeigen der rechten Liste.",
	"shavehud_hudlist_progress_alpha_buff_title": "Buff Fortschritts-Alpha",
	"shavehud_hudlist_progress_alpha_buff_desc": "Alphawert der Fortschrittsanzeigen der Buff Liste.",
	"shavehud_hudlist_timers_in_seconds_title": "Timers in seconds",
	"shavehud_hudlist_timers_in_seconds_desc": "Always display timers in seconds.",
	"shavehud_infopanels_left_options_name": "Linke Info Liste",
	"shavehud_infopanels_left_options_help": "Optionen der linken Liste.",
	"shavehud_hudlist_show_timers_title": "Zeige Timer",
	"shavehud_hudlist_show_timers_desc": "Zeige Timer für Bohrer, Hacks, etc.",
	"shavehud_hudlist_show_equipment_desc": "Zeige das Equipment in der Liste.",
	"shavehud_hudlist_show_ammo_bags_title": "Zeige Munitions Taschen",
	"shavehud_hudlist_show_doc_bags_title": "Zeige Arzt Taschen",
	"shavehud_hudlist_show_first_aid_kits_title": "Zeige Erste-Hilfe-Sets",
	"shavehud_hudlist_show_body_bags_title": "Zeige Leichensack Koffer",
	"shavehud_hudlist_show_grenade_crates_title": "Zeige Granaten",
	"shavehud_hudlist_sentries_title": "Zeige Sentries",
	"shavehud_hudlist_sentries_desc": "Zeige Sentry Leben und Munition.",
	"shavehud_hudlist_hide_empty_sentries_title": "Verstecke leere Sentries",
	"shavehud_hudlist_hide_empty_sentries_desc": "Verstecke leere Senty Boxen.",
	"shavehud_hudlist_show_ecms_title": "Zeige ECMs",
	"shavehud_hudlist_show_ecms_desc": "Zeige Timer für ECM's ",
	"shavehud_hudlist_show_ecm_retrigger_title": "Zeige ECM Reaktivierungen",
	"shavehud_hudlist_show_ecm_retrigger_desc": "Zeige, wenn ein ECM bereit für eine reaktivierung ist.",
	"shavehud_hudlist_show_minions_title": "Zeige Joker",
	"shavehud_hudlist_show_minions_desc": "Zeige das Leben aller konvertierten Polizisten.",
	"shavehud_hudlist_show_own_minions_only_title": "Nur eigene Joker",
	"shavehud_hudlist_show_own_minions_only_desc": "Zeige nur eigene konvertierte Polizisten.",
	"shavehud_hudlist_show_pagers_title": "Zeige Pager",
	"shavehud_hudlist_show_pagers_desc": "Zeige Timer für die verbleibende Zeit des Pagers, bevor der Alarm aktiviert wird.",
	"shavehud_hudlist_show_tape_loop_title": "Zeige Kameraschleife",
	"shavehud_hudlist_show_tape_loop_desc": "Zeige Kameraschleifen Countdown Timer.",
	"shavehud_hudlist_remove_answered_pagers_title": "Entferne Pager Kontur",
	"shavehud_hudlist_remove_answered_pagers_desc": "Entferne die Pager Kontur, wenn er beantwortet wird.",
	"shavehud_infopanels_right_options_name": "Rechte Info Liste",
	"shavehud_infopanels_right_options_help": "Optionen der rechten Liste.",
	"shavehud_hudlist_show_enemies_title": "Zeige Gegner",
	"shavehud_hudlist_show_enemies_desc": "Zeige die Anzahl an Gegnern auf der Karte.",
	"shavehud_hudlist_aggregate_enemies_title": "Fasse Gegner zusammen",
	"shavehud_hudlist_aggregate_enemies_desc": "Zeige eine Info Box für alle Gegnerklassen zusammen.",
	"shavehud_hudlist_show_turrets_title": "Zeige Geschützwagen",
	"shavehud_hudlist_show_turrets_desc": "Zeige die Anzahl von Geschützwagen auf der Karte.",
	"shavehud_hudlist_show_civilians_title": "Zeige Zivilisten",
	"shavehud_hudlist_show_civilians_desc": "Zeige die Anzahl ungefesselter Zivilisten auf der Karte.",
	"shavehud_hudlist_show_hostages_title": "Zeige Geiseln",
	"shavehud_hudlist_show_hostages_desc": "Zeige die Anzahl an gefesselten Zivilisten auf der Karte.",
	"shavehud_hudlist_aggregate_hostages_title": "Fasse Geiseln zusammen",
	"shavehud_hudlist_aggregate_hostages_desc": "Zeige alle Arten von Geiseln in einer Info Box.",
	"shavehud_hudlist_show_minion_count_title": "Zeige konvertierte Geiseln",
	"shavehud_hudlist_show_minion_count_desc": "Zeige die Anzahl an konvertierten Polizei Geiseln auf der Karte.",
	"shavehud_hudlist_show_pager_count_title": "Zeige Pager Anzahl",
	"shavehud_hudlist_show_pager_count_desc": "Zeige die Anzahl an bereits ausgelösten Pagern, aktiver Kameras und mitgeführten Leichensäcken.",
	"shavehud_hudlist_show_cam_count_title": "Zeige Kamera Anzahl",
	"shavehud_hudlist_show_cam_count_desc": "Zeige die Anzahl an aktiven Kameras.",
	"shavehud_hudlist_show_bodybags_count_title": "Zeige Leichensack Anzahl",
	"shavehud_hudlist_show_bodybags_count_desc": "Zeige die Anzahl an mitgeführten Leichensäcken.",
	"shavehud_hudlist_show_corpse_count_title": "Zeige Leichen Anzahl",
	"shavehud_hudlist_show_corpse_count_desc": "Zeige die Anzahl an hermumliegenden Leichen und Leichensäcken im Level.",
	"shavehud_hudlist_show_loot_title": "Zeige Beute",
	"shavehud_hudlist_show_loot_desc": "Zähle die Anzahl der Beute auf der Karte.",
	"shavehud_hudlist_aggregate_loot_title": "Fasse Beute zusammen",
	"shavehud_hudlist_aggregate_loot_desc": "Zeige alle Beutearten in einer Info Box.",
	"shavehud_hudlist_separate_bagged_loot_title": "Separiere verpackte Beute",
	"shavehud_hudlist_separate_bagged_loot_desc": "Separiere nicht verpackte und lose Beute.",
	"shavehud_hudlist_show_potential_loot_title": "Zeige potenzielle Beute",
	"shavehud_hudlist_show_potential_loot_desc": "Zeige die Anzahl der Kisten auf der Map im Beute-Zähler. \n(Merke, Kisten können auch leer sein...)",
	"shavehud_hudlist_show_special_pickups_title": "Zeige Spezial Equipment",
	"shavehud_hudlist_show_special_pickups_desc": "Zeige die Anzahl an Chemikalien, Schlüsselkarten, etc. auf der Karte.",
	"shavehud_hudlist_show_mission_pickups_title": "Zeige Missions-Equipment",
	"shavehud_hudlist_show_mission_pickups_desc": "Zeige die Anzahl an Chemikalien, Schlüsselkarten, Brettern und anderem Missions-Equipment auf der Karte.",
	"shavehud_hudlist_show_collectables_pickups_title": "Zeige sammelbare Pickups",
	"shavehud_hudlist_show_collectables_pickups_desc": "Zeige die Anzahl an Gage Paketen, Spec-Ops Kisten und Schlüsseln, etc. auf der Karte.",
	"shavehud_hudlist_show_valuables_pickups_title": "Zeige Beute Pickups",
	"shavehud_hudlist_show_valuables_pickups_desc": "Zeige die Anzahl an Beute, wie Geldbündel oder Halsketten auf der Karte.",
	"shavehud_infopanels_buff_options_name": "Fähigkeit Info Liste",
	"shavehud_infopanels_buff_options_help": "Optionen der Fähigkeiten Liste.",
	"shavehud_infopanels_buff_mastermind_options_name": "Drahtzieher Fähigkeiten",
	"shavehud_infopanels_buff_mastermind_options_help": "Aktiviere oder Deaktiviere die Indikatoren für Drahtzieher Fähigkeiten.",
	"shavehud_infopanels_buff_enforcer_options_name": "Vollstrecker Fähigkeiten",
	"shavehud_infopanels_buff_enforcer_options_help": "Aktiviere oder Deaktiviere die Indikatoren für Vollstrecker Fähigkeiten.",
	"shavehud_infopanels_buff_technician_options_name": "Techniker Fähigkeiten",
	"shavehud_infopanels_buff_technician_options_help": "Aktiviere oder Deaktiviere die Indikatoren für Techniker Fähigkeiten.",
	"shavehud_infopanels_buff_ghost_options_name": "Geist Fähigkeiten",
	"shavehud_infopanels_buff_ghost_options_help": "Aktiviere oder Deaktiviere die Indikatoren für Geist Fähigkeiten.",
	"shavehud_infopanels_buff_fugitive_options_name": "Flüchtling Fähigkeiten",
	"shavehud_infopanels_buff_fugitive_options_help": "Aktiviere oder Deaktiviere die Indikatoren für Flüchtling Fähigkeiten.",
	"shavehud_infopanels_buff_perkdecks_options_name": "Perk-Decks",
	"shavehud_infopanels_buff_perkdecks_options_help": "Aktiviere oder Deaktiviere die Indikatoren für Perk-Decks.",
	"shavehud_infopanels_buff_gageboosts_options_name": "Gage Boosts",
	"shavehud_infopanels_buff_gageboosts_options_help": "Aktiviere oder Deaktiviere die Indikatoren für Gage Boosts.",
	"shavehud_infopanels_buff_henchmen_options_name": "Bot Fähigkeiten",
	"shavehud_infopanels_buff_henchmen_options_help": "Aktiviere oder Deaktiviere die Indikatoren für Bot Fähigkeiten.",
	"shavehud_hudlist_show_buffs_title": "Zeige Fähigkeiten",
	"shavehud_hudlist_show_buffs_desc": "Zeige aktive Fähigkeiten in der unteren Mitte der HUD.",
	"shavehud_hudlist_damage_increase_compbuff_title": "Erhöhter Schaden Buff",
	"shavehud_hudlist_damage_increase_compbuff_desc": "Zusammenfassender Buff, Zeigt den Wert der Schadenerhöhung aller aktiven Fähigkeiten zusammen.",
	"shavehud_hudlist_damage_reduction_compbuff_title": "Verringerter Schaden Buff",
	"shavehud_hudlist_damage_reduction_compbuff_desc": "Zusammenfassender Buff, Zeigt den Wert der Schadensverringerung aller aktiven Fähigkeiten zusammen.",
	"shavehud_hudlist_melee_damage_increase_compbuff_title": "Erhöhter Nahkampfschaden Buff",
	"shavehud_hudlist_melee_damage_increase_compbuff_desc": "Zusammenfassender Buff, zeigt den Wert aller aktiven Fähigkeiten zusammen.",
	"shavehud_hudlist_passive_health_regen_compbuff_title": "Passive Lebensregeration",
	"shavehud_hudlist_passive_health_regen_compbuff_desc": "Zusammenfassender Buff, zeigt den Wert aller passiven Lebensregerationseffekte zusammen.",
	"shavehud_hudlist_total_dodge_chance_compbuff_title": "Gesamte Ausweich-Chance",
	"shavehud_hudlist_total_dodge_chance_compbuff_desc": "Zusammenfassender Buff, zeigt den Wert aller das Ausweichen erhöhender Fähigkeiten zusammen.",
	"shavehud_hudlist_aggressive_reload_aced_buff_title": "Aggressives Nachladen",
	"shavehud_hudlist_aggressive_reload_aced_buff_desc": "",
	"shavehud_hudlist_ammo_efficiency_buff_title": "Munitionseffizienz",
	"shavehud_hudlist_ammo_efficiency_buff_desc": "",
	"shavehud_hudlist_armor_break_invulnerable_buff_title": "Blitzkrieg Bop (Anarchist)",
	"shavehud_hudlist_armor_break_invulnerable_buff_desc": "",
	"shavehud_hudlist_berserker_buff_title": "Berserker",
	"shavehud_hudlist_berserker_buff_desc": "Teil eines zusammenfassenden Buffs.",
	"shavehud_hudlist_biker_buff_title": "Regenerations Debuff (Motorradfahrer)",
	"shavehud_hudlist_biker_buff_desc": "",
	"shavehud_hudlist_bloodthirst_basic_buff_title": "Blutdurst (Normal)",
	"shavehud_hudlist_bloodthirst_basic_buff_desc": "Teil eines zusammenfassenden Buffs.",
	"shavehud_hudlist_bloodthirst_aced_buff_title": "Blutdurst (Perfekt)",
	"shavehud_hudlist_bloodthirst_aced_buff_desc": "",
	"shavehud_hudlist_bullet_storm_buff_title": "Kugelhagel",
	"shavehud_hudlist_bullet_storm_buff_desc": "",
	"shavehud_hudlist_close_contact_buff_title": "Nahkampf (Spion)",
	"shavehud_hudlist_close_contact_buff_desc": "Teil eines zusammenfassenden Buffs.",
	"shavehud_hudlist_combat_medic_buff_title": "Sanitäter (Aktiv)",
	"shavehud_hudlist_combat_medic_buff_desc": "Teil eines zusammenfassenden Buffs.",
	"shavehud_hudlist_combat_medic_passive_buff_title": "Sanitäter (Passiv)",
	"shavehud_hudlist_combat_medic_passive_buff_desc": "Teil eines zusammenfassenden Buffs.",
	"shavehud_hudlist_desperado_buff_title": "Desperados",
	"shavehud_hudlist_desperado_buff_desc": "",
	"shavehud_hudlist_die_hard_buff_title": "Stirb Langsam",
	"shavehud_hudlist_die_hard_buff_desc": "Teil eines zusammenfassenden Buffs.",
	"shavehud_hudlist_dire_need_buff_title": "Höchste Not",
	"shavehud_hudlist_dire_need_buff_desc": "",
	"shavehud_hudlist_frenzy_buff_title": "Raserei",
	"shavehud_hudlist_frenzy_buff_desc": "Teil eines zusammenfassenden Buffs.",
	"shavehud_hudlist_grinder_buff_title": "Lebensregeneration (Grinder)",
	"shavehud_hudlist_grinder_buff_desc": "",
	"shavehud_hudlist_chico_injector_buff_title": "Injektor Dauer (Kingpin)",
	"shavehud_hudlist_chico_injector_buff_desc": "",
	"shavehud_hudlist_damage_control_debuff_title": "Flaschen-Cooldown (Stoic)",
	"shavehud_hudlist_damage_control_debuff_desc": "",
	"shavehud_hudlist_delayed_damage_buff_title": "Verzögerter Schaden (Stoic)",
	"shavehud_hudlist_delayed_damage_buff_desc": "",
	"shavehud_hudlist_hostage_situation_buff_title": "Geiselnahme (Crewboss)",
	"shavehud_hudlist_hostage_situation_buff_desc": "Teil eines zusammenfassenden Buffs.",
	"shavehud_hudlist_hostage_taker_buff_title": "Geiselnehmer",
	"shavehud_hudlist_hostage_taker_buff_desc": "",
	"shavehud_hudlist_inspire_buff_title": "Anfeuern (Boost)",
	"shavehud_hudlist_inspire_buff_desc": "",
	"shavehud_hudlist_lock_n_load_buff_title": "Sichern und Laden",
	"shavehud_hudlist_lock_n_load_buff_desc": "",
	"shavehud_hudlist_melee_stack_damage_buff_title": "Nahkampfschaden Stapel (Spion)",
	"shavehud_hudlist_melee_stack_damage_buff_desc": "Teil eines zusammenfassenden Buffs.",
	"shavehud_hudlist_maniac_buff_title": "Schadensreduktion (Wahnsinniger)",
	"shavehud_hudlist_maniac_buff_desc": "",
	"shavehud_hudlist_muscle_regen_buff_title": "Lebensregeration (Muskelprotz)",
	"shavehud_hudlist_muscle_regen_buff_desc": "",
	"shavehud_hudlist_messiah_buff_title": "Messiah",
	"shavehud_hudlist_messiah_buff_desc": "",
	"shavehud_hudlist_overdog_buff_title": "Overdog (Spion)",
	"shavehud_hudlist_overdog_buff_desc": "",
	"shavehud_hudlist_overkill_buff_title": "Overkill",
	"shavehud_hudlist_overkill_buff_desc": "Teil eines zusammenfassenden Buffs.",
	"shavehud_hudlist_painkiller_buff_title": "Schmerzmittel",
	"shavehud_hudlist_painkiller_buff_desc": "Teil eines zusammenfassenden Buffs.",
	"shavehud_hudlist_partner_in_crime_buff_title": "Komplizen",
	"shavehud_hudlist_partner_in_crime_buff_desc": "Teil eines zusammenfassenden Buffs.",
	"shavehud_hudlist_running_from_death_buff_title": "Tod vortäuschen",
	"shavehud_hudlist_running_from_death_buff_desc": "",
	"shavehud_hudlist_pocket_ecm_jammer_buff_title": "Taschen-ECM Dauer (Hacker)",
	"shavehud_hudlist_pocket_ecm_jammer_buff_desc": "",
	"shavehud_hudlist_pocket_ecm_kill_dodge_buff_title": "Taschen-ECm Ausweichen (Hacker)",
	"shavehud_hudlist_pocket_ecm_kill_dodge_buff_desc": "Teil eines zusammenfassenden Buffs.",
	"shavehud_hudlist_quick_fix_buff_title": "Erst-Helfer",
	"shavehud_hudlist_quick_fix_buff_desc": "Teil eines zusammenfassenden Buffs.",
	"shavehud_hudlist_second_wind_buff_title": "Second Wind",
	"shavehud_hudlist_second_wind_buff_desc": "",
	"shavehud_hudlist_sixth_sense_buff_title": "Sechster Sinn",
	"shavehud_hudlist_sixth_sense_buff_desc": "",
	"shavehud_hudlist_sicario_dodge_buff_title": "Zusätzliches Ausweichen (Sicario)",
	"shavehud_hudlist_sicario_dodge_buff_desc": "",
	"shavehud_hudlist_smoke_screen_buff_title": "Rauchgranate (Sicario)",
	"shavehud_hudlist_smoke_screen_buff_desc": "",
	"shavehud_hudlist_tag_team_buff_title": "Gas Dispenser (Tag Team)",
	"shavehud_hudlist_tag_team_buff_desc": "",
	"shavehud_hudlist_swan_song_buff_title": "Schwanengesang",
	"shavehud_hudlist_swan_song_buff_desc": "",
	"shavehud_hudlist_tooth_and_claw_buff_title": "Zähne und Klauen (Hitman)",
	"shavehud_hudlist_tooth_and_claw_buff_desc": "",
	"shavehud_hudlist_trigger_happy_buff_title": "Trigger Happy",
	"shavehud_hudlist_trigger_happy_buff_desc": "Teil eines zusammenfassenden Buffs.",
	"shavehud_hudlist_underdog_buff_title": "Underdog",
	"shavehud_hudlist_underdog_buff_desc": "Teil eines zusammenfassenden Buffs.",
	"shavehud_hudlist_unseen_strike_buff_title": "Schlag aus dem Nichts",
	"shavehud_hudlist_unseen_strike_buff_desc": "",
	"shavehud_hudlist_up_you_go_buff_title": "Hoch mit Dir",
	"shavehud_hudlist_up_you_go_buff_desc": "Teil eines zusammenfassenden Buffs.",
	"shavehud_hudlist_uppers_buff_title": "Aufputschmittel",
	"shavehud_hudlist_uppers_buff_desc": "",
	"shavehud_hudlist_yakuza_buff_title": "Rüstungsregeneration (Yakuza)",
	"shavehud_hudlist_yakuza_buff_desc": "",
	"shavehud_hudlist_anarchist_armor_recovery_debuff_title": "Lust for Life (Anarchist)",
	"shavehud_hudlist_anarchist_armor_recovery_debuff_desc": "",
	"shavehud_hudlist_ammo_give_out_debuff_title": "Teilen ist das neue Haben Debuff (Spieler)",
	"shavehud_hudlist_ammo_give_out_debuff_desc": "",
	"shavehud_hudlist_bullseye_debuff_title": "Bullseye Debuff",
	"shavehud_hudlist_bullseye_debuff_desc": "",
	"shavehud_hudlist_inspire_debuff_title": "Anfeuern Debuff (Boost)",
	"shavehud_hudlist_inspire_debuff_desc": "",
	"shavehud_hudlist_inspire_revive_debuff_title": "Anfeuern Debuff (Wiederbelebung)",
	"shavehud_hudlist_inspire_revive_debuff_desc": "",
	"shavehud_hudlist_life_drain_debuff_title": "Lebensentzug Debuff (Spion)",
	"shavehud_hudlist_life_drain_debuff_desc": "",
	"shavehud_hudlist_medical_supplies_debuff_title": "Mehr Heilung Debuff (Spieler)",
	"shavehud_hudlist_medical_supplies_debuff_desc": "",
	"shavehud_hudlist_sociopath_debuff_title": "Regenerations Debuff (Sociopath)",
	"shavehud_hudlist_sociopath_debuff_desc": "",
	"shavehud_hudlist_armorer_teambuff_title": "Erhöhte Rüstung Teambuff (Armorer)",
	"shavehud_hudlist_armorer_teambuff_desc": "",
	"shavehud_hudlist_bulletproof_teambuff_title": "Schockschwerenot Teambuff",
	"shavehud_hudlist_bulletproof_teambuff_desc": "",
	"shavehud_hudlist_crew_chief_teambuff_title": "Erhöhte Stats Teambuff (Crewboss)",
	"shavehud_hudlist_crew_chief_teambuff_desc": "Teil eines zusammenfassenden Buffs.",
	"shavehud_hudlist_forced_friendship_teambuff_title": "Zwangsfreundschaft Teambuff",
	"shavehud_hudlist_forced_friendship_teambuff_desc": "",
	"shavehud_hudlist_life_steal_gage_debuff_title": "Lebensraub",
	"shavehud_hudlist_life_steal_gage_debuff_desc": "",
	"shavehud_hudlist_invulnerable_gage_buff_title": "Unverwundbarkeit",
	"shavehud_hudlist_invulnerable_gage_buff_desc": "",
	"shavehud_hudlist_crew_inspire_debuff_title": "Inspirierend",
	"shavehud_hudlist_crew_inspire_debuff_desc": "",
	"shavehud_hudlist_crew_throwable_regen_buff_title": "Hamsterer",
	"shavehud_hudlist_crew_throwable_regen_buff_desc": "",
	"shavehud_hudlist_crew_health_regen_buff_title": "Heiler",
	"shavehud_hudlist_crew_health_regen_buff_desc": "",
	"shavehud_waypoints_options_name": "Wegpunkt-Optionen",
	"shavehud_waypoints_options_help": "Wähle die zusätzlichen Wegpunkte die du angezeigt bekommen möchtest.",
	"shavehud_waypoints_color_title": "Wegpunktfarbe",
	"shavehud_waypoints_color_desc": "Die Farbe der Standard Missions-Wegpunkte.",
	"shavehud_waypoints_show_ammo_bag_title": "Zeige Munitionstaschen",
	"shavehud_waypoints_show_ammo_bag_desc": "Zeige einen Wegpunkt für Munitionstaschen, der dir verrät wieviel Munition übrig ist.",
	"shavehud_waypoints_show_doc_bag_title": "Zeige Arzttaschen",
	"shavehud_waypoints_show_doc_bag_desc": "Zeige einen Wegpunkt für Arzttaschen, der dir verrät wieviele Ladungen übrig sind.",
	"shavehud_waypoints_show_first_aid_kit_title": "Zeige Erste Hilfe Kits",
	"shavehud_waypoints_show_first_aid_kit_desc": "Zeige einen Wegpunkt für Erste Hilfe Kits, der dir ihre geskillten Effekte verrät.",
	"shavehud_waypoints_show_body_bag_title": "Zeige Leichensack-Taschen",
	"shavehud_waypoints_show_body_bag_desc": "Zeige einen Wegpunkt für Leichensack-Taschen, der dir verrät wieviele Leichensäcke übrig sind.",
	"shavehud_waypoints_show_grenade_crate_title": "Zeige Granatenkoffer",
	"shavehud_waypoints_show_grenade_crate_desc": "Zeige einen Wegpunkt für Granatenkoffer, der dir verrät wieviele Granaten übrig sind.",
	"shavehud_waypoints_show_sentries_title": "Zeige Sentries",
	"shavehud_waypoints_show_sentries_desc": "Zeige einen Wegpunkt für Sentries, der dir ihr verbleibenden Lebenspunkte und Munition anzeigt.",
	"shavehud_waypoints_show_ecms_title": "Zeige ECMs",
	"shavehud_waypoints_show_ecms_desc": "Zeige einen Wegpunkt für ECMs, der dir die verbleibende Batterie und Feedback-Dauer anzeigt.",
	"shavehud_waypoints_show_timers_title": "Zeige Timer",
	"shavehud_waypoints_show_timers_desc": "Zeige einen Wegpunkt für Timer, der dir die verbleibende Zeit und die aktiven Upgrades anzeigt.",
	"shavehud_waypoints_show_loot_title": "Zeige Beute",
	"shavehud_waypoints_show_loot_desc": "Zeige den Namen über der Beute, wenn du in seine Richtung schaust.",
	"shavehud_waypoints_loot_icon_title": "Taschenicon",
	"shavehud_waypoints_loot_icon_desc": "Zeige das taschen icon für verpackte Beute.",
	"shavehud_waypoints_loot_offset_title": "Vertikaler Abstand",
	"shavehud_waypoints_loot_offset_desc": "Setze den vertikalen Abstand des wegpunkts für unverpackte Beute.",
	"shavehud_waypoints_loot_bagged_offset_title": "Vertikaler Abstand (Verpackt)",
	"shavehud_waypoints_loot_bagged_offset_desc": "Setze den vertikalen Abstand des wegpunkts für verpackte Beute.",
	"shavehud_waypoints_loot_angle_title": "Sichtbarer Winkel",
	"shavehud_waypoints_loot_angle_desc": "Setze den Winkel in dem der Wegpunkt sichtbar ist.",
	"shavehud_waypoints_show_special_equipment_title": "Zeige Spezielles Equipment",
	"shavehud_waypoints_show_special_equipment_desc": "Zeige Wegpunkte für verschiedenes spezielles Equipment. Gut um die verschiedenen Fundorte zu lernen.",
	"shavehud_waypoints_show_minions_title": "Zeige Minions",
	"shavehud_waypoints_show_minions_desc": "Zeige den namen und das Leben von konvertierten Polizisten über ihrem Kopf.\nZählt auch dessen Tötungen.",
	"shavehud_waypoints_show_pager_title": "Zeige Pager",
	"shavehud_waypoints_show_pager_desc": "Zeige einen Wegpunkt für aktivierte Pager. Ändert die Farbe falls er von jemandem beantwortet wird.",
	"shavehud_tabstats_options_name": "TabStats Optionen",
	"shavehud_tabstats_options_help": "Konfiguriere das Aussehen des Tab-Panels.",
	"shavehud_tabstats_clock_mode_title": "Uhr Modus",
	"shavehud_tabstats_clock_mode_desc": "Welchen Modus soll die Uhr benutzen?",
	"shavehud_tabstats_clock_mode_a": "12-h",
	"shavehud_tabstats_clock_mode_b": "24-h",
	"shavehud_tabstats_clock_mode_c": "Raub Dauer",
	"shavehud_use_tabstats_title": "Benutze TabStats",
	"shavehud_use_tabstats_desc": "Zeige deine Statistiken auf dem Tab Panel, anstatt der Missionseinführung.\n(Wird erst beim Mapwechsel aktiv...)",
	"shavehud_tabstats_font_size_title": "Schriftgröße der Liste",
	"shavehud_tabstats_font_size_desc": "Schriftgröße der Liste mit erweiterten Statistiken.",
	"shavehud_tabstats_color_title": "Farbe der Liste",
	"shavehud_tabstats_color_desc": "Farbe der Liste mit erweiterten Statistiken.",
	"shavehud_tabstats_actual_mask_title": "Benutze aktuelle Maske",
	"shavehud_tabstats_actual_mask_desc": "Zeige deine aktuelle Maske anstatt des Profilbildes des gespielten Charakters.",
	"shavehud_tabstats_numeric_loot_title": "Numerischer Beute Zähler",
	"shavehud_tabstats_numeric_loot_desc": "Ersetze das Taschenzählspiel mit der wirklichen Zahl an gesicherter Beute.",
	"shavehud_crewloadout_options_name": "Crew Loadout Optionen",
	"shavehud_crewloadout_options_help": "Wähle aus, wo du Informationen zu Ausrüstung und Fähigkeiten deiner Mitspieler angezeigt bekommen möchtest.",
	"shavehud_crewloadout_lobby_title": "Zeige in der Lobby",
	"shavehud_crewloadout_lobby_desc": "Fügt dem Lobby Bildschirm einen Knopf hinzu, der deine und die Ausrüstung deiner Crew anzeigt.",
	"shavehud_crewloadout_cs_lobby_title": "Zeige in Crimespree Lobby",
	"shavehud_crewloadout_cs_lobby_desc": "Fügt der Crimespree Lobby einen neuen Tab neben den Modifizierungen und Belohnungen hinzu.",
	"shavehud_crewloadout_briefing_title": "Ersetze in Briefing",
	"shavehud_crewloadout_briefing_desc": "Ersetzt das standart Crew Loadout Panel im Missions Briefing.",
	"shavehud_crewloadout_tabscreen_title": "Zeige auf dem Tab Panel",
	"shavehud_crewloadout_tabscreen_desc": "Zeigt die Fähigkeiten, Perk und aktuellen Ping der Spieler in deiner Lobby. \n(Deaktiviert, wenn diese feature von Lobby Player Info genutzt wird.)",
    "shavehud_profilemenu_replace_title": "Ersetze Profil Menü",
    "shavehud_profilemenu_replace_desc": "Ersetzt die standart Profil-Auswahl mit ShaveHUDs verbessertem Menü.",
	"shavehud_dmgindicator_options_name": "Schadens Indikator",
	"shavehud_dmgindicator_options_help": "Setzte die Zeit, Größe und Farben des Schadensindikators.",
	"shavehud_show_dmg_indicator_title": "Dynamischer Schadensindikator",
	"shavehud_show_dmg_indicator_desc": "Ändert die 4 Standard Indikatoren in viele dynamische, die sich bewegen, in Relation zu deiner aktuellen Position, und der des Gegners der den Schaden zugefügt hat.",
	"shavehud_dmg_ind_time_title": "Indikator Zeit",
	"shavehud_dmg_ind_time_desc": "Bestimmt die Zeit, die der Indikator angezeigt wird.",
	"shavehud_dmg_ind_size_title": "Indikator Größe",
	"shavehud_dmg_ind_size_desc": "Bestimmt die Größe des Kreises, auf dem sich der Indikator bewegt.",
	"shavehud_dmg_indicator_max_count_title": "Max Indikator Anzahl",
	"shavehud_dmg_indicator_max_count_desc": "Lege die maximale Anzahl an Indikatoren auf deinem Bildschirm fest.",
	"shavehud_dmg_shield_color_title": "Rüstungsfarbe",
	"shavehud_dmg_shield_color_desc": "Farbe des Indikators, wenn du nur Rüstung verlierst.",
	"shavehud_dmg_health_color_title": "Lebensfarbe",
	"shavehud_dmg_health_color_desc": "Farbe des Indikators, wenn du Leben verlierst.",
	"shavehud_dmg_crit_color_title": "Niedriges Leben Farbe",
	"shavehud_dmg_crit_color_desc": "Farbe des Indikators, wenn dein Leben zur Neige geht.",
	"shavehud_dmg_vehicle_color_title": "Fahrzeug Farbe",
	"shavehud_dmg_vehicle_color_desc": "Farbe des Indikators, wenn du in einem Fahrzeug bist, das Schaden nimmt.",
	"shavehud_dmg_friendlyfire_color_title": "Teambeschuss Farbe",
	"shavehud_dmg_friendlyfire_color_desc": "Farbe des Indikators, wenn du Feuer- oder Explosivschaden nimmst.",
	"shavehud_dmgpopup_options_name": "Gegner Schadens Popup",
	"shavehud_dmgpopup_options_help": "Popup am Kopf des Gegners, zeigt an wie viel Schaden du ihm zugefügt hast.",
	"shavehud_show_dmg_popup_title": "Zeige Schadens Popup",
	"shavehud_show_dmg_popup_desc": "Aktiviere den Schadens Popup.",
	"shavehud_dmg_popup_player": "Spieler",
	"shavehud_dmg_popup_all": "Jeden",
	"shavehud_dmg_popup_scale_title": "Popup Skalierung",
	"shavehud_dmg_popup_scale_desc": "Ändert die Größe des Popups.",
	"shavehud_dmg_popup_skull_scale_title": "Schädel Skalierung",
	"shavehud_dmg_popup_skull_scale_desc": "Ändert die Größe des Schadelicons bei einem Kill.",
	"shavehud_dmg_popup_skull_align_title": "Schädel Ausrichtung",
	"shavehud_dmg_popup_skull_align_desc": "Ändert die Ausrichtung des Schädelicons bei einem Kill.",
	"shavehud_dmg_popup_time_title": "Popup Zeit",
	"shavehud_dmg_popup_time_desc": "Bestimmt wie lange das Popup angezeigt wird.",
	"shavehud_dmg_popup_height_title": "Popup Höhe",
	"shavehud_dmg_popup_height_desc": "Bestimmt wie hoch über einem Gegner das Popup erscheinen wird.",
	"shavehud_dmg_popup_alpha_title": "Popup Sichtbarkeit",
	"shavehud_dmg_popup_alpha_desc": "Setzt die Sichtbarkeit des Popups.",
	"shavehud_dmg_popup_color_title": "Körpertreffer Popup Farbe",
	"shavehud_dmg_popup_color_desc": "Setzt die Farbe des Popups für normale Körpertreffer.",
	"shavehud_dmg_popup_critical_color_title": "Kritischer Treffer farbe",
	"shavehud_dmg_popup_critical_color_desc": "Setzt die Farbe des Popups für kritische Treffer.",
	"shavehud_dmg_popup_headshot_color_title": "Kopfschuss Popup Farbe",
	"shavehud_dmg_popup_headshot_color_desc": "Setzt die Farbe des Popups für Kopftreffer.",
	"shavehud_enemyhealthbar_options_name": "Gegner Lebensanzeige",
	"shavehud_enemyhealthbar_options_help": "Bestimme für welche Einheiten eine Lebenanzeige gezeigt werden soll.",
	"shavehud_show_floatinghealthbar_title": "Show Floating Enemy Healthbar",
	"shavehud_show_floatinghealthbar_desc": "Display Floating Enemy Healthbar, when aiming at an enemy.",
	"shavehud_fhb_custom_fix_title": "Custom Health Texture Fix",
	"shavehud_fhb_custom_fix_desc": "Fixes rendering of custom health textures. Toggle on/off if the FHB health texture's size seems wrong.",
	"shavehud_show_enemyhealthbar_title": "Zeige Gegner Lebensanzeige",
	"shavehud_show_enemyhealthbar_desc": "Zeige Gegner Lebensanzeige oben in der Mitte, wenn du auf einen Gegner zielst.\n(Wird erst beim Mapwechsel aktiv...)",
	"shavehud_show_civhealthbar_title": "Zivilisten Lebensanzeige",
	"shavehud_show_civhealthbar_desc": "Zeige Lebensanzeige für Zivilisten und Bots.",
	"shavehud_show_carhealthbar_title": "Zeige Fahrzeug Lebensanzeige",
	"shavehud_show_carhealthbar_desc": "Zeige Lebensanzeige für fahrbare Fahrzeuge.",
	"shavehud_show_healthbar_pointer_title": "Zeige Pfeil",
	"shavehud_show_healthbar_pointer_desc": "Zeige Pfeil unter der Lebensanzeige, der auf den Gegner zeigt, zu dem die Anzeige gehört.",
	"shavehud_interaction_options_name": "Interaktions-Optionen",
	"shavehud_interaction_options_help": "Ändere das Interaktionsverhalten des Spiels.",
	"shavehud_press2hold_lock_mode_title": "Sperr-Modus",
	"shavehud_press2hold_lock_mode_desc": "Sperren, wenn schon länger als X Sekunden interagiert wird. (Fortschritt)\nSperren, wenn benötigte Interaktionszeit insgesamt länger ist als X Sekunden. (Gesamt)",
	"shavehud_press2hold_lock_mode_a": "Fortschritt",
	"shavehud_press2hold_lock_mode_b": "Gesamt",
	"shavehud_press2hold_lock_mode_c": "Pager + Schlösser",
	"shavehud_press2hold_lock_mode_d": "Nur Pager",
	"shavehud_press2hold_min_timer_duration_title": "Timer Schwellwert",
	"shavehud_press2hold_min_timer_duration_desc": "Die minimale Timerdauer um die Interaktion zu sperren.",
	"shavehud_press2hold_show_lockindicator_title": "Zeige Sperr-Indikator",
	"shavehud_press2hold_show_lockindicator_desc": "Zeige transparenten roten/grünen Kreis, zur Visualisierung, ob die Interaktion gesperrt ist oder nicht.",
	"shavehud_press2hold_equipment_cancel_title": "Equipment Abbrechen",
	"shavehud_press2hold_equipment_cancel_desc": "Breche eine gesperrte Interaktion mit der Equipment Taste ab.\n(Andernfalls durch erneutes drücken der Interaktionstaste.)",
	"shavehud_press2hold_interrupt_hint_title": "Zeige 'Abbrechen' Hinweis",
	"shavehud_press2hold_interrupt_hint_desc": "Zeige einen Text zur Erinnerung, wie man die Interaktion abbricht.",
	"shavehud_press2hold_show_circle_title": "Zeige Interaktionskreis",
	"shavehud_press2hold_show_circle_desc": "Zeige den kreisförmigen Interaktionsbalken.",
	"shavehud_press2hold_circle_scale_title": "Interaktionskreis Skalierung",
	"shavehud_press2hold_circle_scale_desc": "Skalierungsfaktor des Interaktionskreises und des mittleren Timers.",
	"shavehud_press2hold_timer_scale_title": "Timer Skalierung",
	"shavehud_press2hold_timer_scale_desc": "Skalierungsfaktor des mittleren Timers (Wird auch von der Interaktionskreis Skalierung beeinflusst).",
	"shavehud_press2hold_text_scale_title": "Interaktionstext Skalierung",
	"shavehud_press2hold_text_scale_desc": "Skalierungsfaktor des Interaktionstextes unter dem Kreis.",
	"shavehud_press2hold_show_reload_circle_title": "Zeige Nachlade Timer",
	"shavehud_press2hold_show_reload_circle_desc": "Zeige Nachladen als Interaktion.",
	"shavehud_press2hold_show_melee_circle_title": "Zeige Nahkampf Timer",
	"shavehud_press2hold_show_melee_circle_desc": "Zeige Nahkapf Aufladung als Interaktion.",
	"shavehud_press2hold_show_timer_title": "Zeige Timer",
	"shavehud_press2hold_show_timer_desc": "Zeigt die verbleibende Zeit innerhalb des Interaktionskreises.",
	"shavehud_press2hold_timer_color_start_title": "Timer Farbgradient (Start)",
	"shavehud_press2hold_timer_color_start_desc": "Farbe, mit der der Timer startet.",
	"shavehud_press2hold_timer_color_title": "Timer Farbgradient (Ende)",
	"shavehud_press2hold_timer_color_desc": "Farbe, die der Timer zum Abschluss hin erreicht.",
	"shavehud_press2hold_show_timer_outline_title": "Schwarze Umrandung",
	"shavehud_press2hold_show_timer_outline_desc": "Zeige eine schwarze Umrandung um den Timer Text.",
	"shavehud_doubletap_nades_stealth_title": "Stealth Granaten Unterdrückung",
	"shavehud_doubletap_nades_stealth_desc": "Wenn ausgewählt, musst du im stealth 2x schnell die Granatentaste drücken, um sie zu werfen. \nZum Vorbeugen von Unfällen.  ;)",
	"shavehud_hold_to_pick_title": "Automatisches Pickup",
	"shavehud_hold_to_pick_desc": "Kleine Beute wird automatisch aufgehoben.",
	"shavehud_press_to_mask_title": "Drücke zum Maskieren",
	"shavehud_press_to_mask_desc": "Wenn ausgewählt, musst du die Taste nicht halten um die Maske aufzusetzen.",
	"shavehud_inventory_options_name": "Inventar Tweak Optionen",
	"shavehud_inventory_options_help": "Optionen um das Inventar und das Verhalten von Equipment zu verändern.",
	"shavehud_equipment_senty_auto_ap_title": "Sentry Auto AP-Modus",
	"shavehud_equipment_senty_auto_ap_desc": "Sentries werden im AP-Modus platziert, wenn du den erforderlichen Skill hast.",
	"shavehud_equipment_tripmine_auto_sensor_stealth_title": "Stolpermine Auto Sensor-Modus",
	"shavehud_equipment_tripmine_auto_sensor_stealth_desc": "Stolperminen werden im Sensor-Modus platziert, solange du unentdeckt bleibst.",
	"shavehud_equipment_ecm_feedback_disabled_stealth_title": "Kein ECM Feedback",
	"shavehud_equipment_ecm_feedback_disabled_stealth_desc": "ECM Feedback wird deaktiviert, solange du unentdeckt bleibst.",
	"shavehud_equipment_shaped_charge_disabled_stealth_title": "Stealth Sprengladung Unterdrückung",
	"shavehud_equipment_shaped_charge_disabled_stealth_desc": "Wenn ausgewählt, musst du im stealth 2x schnell die Interaktionstaste drücken, um eine Sprengladung zu platzieren. \n(Zum Vorbeugen von Unfällen.)",
	"shavehud_equipment_keycard_doors_disabled_title": "Key-card Tür Unterdrückung",
	"shavehud_equipment_keycard_doors_disabled_desc": "Wenn ausgewählt, musst du am 2. Tag von Hoxtons Ausbruch 2x schnell die Interaktionstaste drücken, um eine Tür zu schließen. \n(Zum Vorbeugen von Unfällen.)",
	"shavehud_override_fedinv": "Aktiviere Federal Inventory",
	"shavehud_override_fedinv_desc": "Benutze farbige Inventarbilder.\nBenötigt den Neustart des Spiels, um vollen Effekt zu zeigen.",
	"shavehud_gadget_options_name": "Waffen Gadget Optionen",
	"shavehud_gadget_options_help": "Wähle die Laserfarben und Taschenlampen-Parameter.",
	"shavehud_laser_autoon_title": "Auto Laser An",
	"shavehud_laser_autoon_desc": "Schaltet die Laser beim Missionsstart automatisch ein, wenn die Waffe einen Laser besitzt.",
	"shavehud_show_angled_sight_title": "Zeige Winkel-Visier",
	"shavehud_show_angled_sight_desc": "Neige die Waffe in deiner Hand, während das Winkel-Visier benutzt wird.",
	"shavehud_gadget_player_laser_options_name": "Spieler Laser",
	"shavehud_gadget_player_laser_options_help": "Einstellungen für deinen eigenen Laser.",
	"shavehud_gadget_player_sentry_laser_options_name": "Spieler Sentry Optionen",
	"shavehud_gadget_player_sentry_laser_options_help": "Einstellungen für die Laser deiner Sentries.",
	"shavehud_gadget_team_laser_options_name": "Mitspieler Laser",
	"shavehud_gadget_team_laser_options_help": "Einstellungen für die Laser deiner Mitspieler.",
	"shavehud_gadget_team_sentry_laser_options_name": "Mitspieler Sentry Laser",
	"shavehud_gadget_team_sentry_laser_options_help": "Einstellungen für die Laser der Sentries deiner Mitspieler.",
	"shavehud_gadget_sniper_laser_options_name": "Sniper Laser",
	"shavehud_gadget_sniper_laser_options_help": "Einstellungen für die Laser von gegnerischen Snipern.",
	"shavehud_gadget_turret_laser_active_options_name": "Geschützwagen Laser (Aktiv)",
	"shavehud_gadget_turret_laser_active_options_help": "Laser-Einstellungen für den aktiven SWAT Geschützwagen.",
	"shavehud_gadget_turret_laser_rearming_options_name": "Geschützwagen Laser (Nachladen)",
	"shavehud_gadget_turret_laser_rearming_options_help": "Laser-Einstellungen für den nachladenden SWAT Geschützwagen.",
	"shavehud_gadget_turret_laser_mad_options_name": "Geschützwagen Laser (Verrückt)",
	"shavehud_gadget_turret_laser_mad_options_help": "Laser-Einstellungen für den gejammten SWAT Geschützwagen.",
	"shavehud_gadget_player_flashlight_options_name": "Spieler Taschenlampe",
	"shavehud_gadget_player_flashlight_options_help": "Einstellungen für deine eigene Taschenlampe.",
	"shavehud_gadget_team_flashlight_options_name": "Mitspieler Taschenlampe",
	"shavehud_gadget_team_flashlight_options_help": "Einstellungen für die Taschenlampen deiner Mitspieler.",
	"shavehud_gadgets_enabled_title": "Überschreibe Farbe",
	"shavehud_gadgets_enabled_desc": "Benutze diese Einstellungen, anstatt der gadget Konfiguration.",
	"shavehud_gadgets_beam_r_title": "Laserstrahl (R)",
	"shavehud_gadgets_beam_r_desc": "Rotanteil der Laserfarbe.",
	"shavehud_gadgets_beam_g_title": "Laserstrahl (G)",
	"shavehud_gadgets_beam_g_desc": "Grünanteil der Laserfarbe.",
	"shavehud_gadgets_beam_b_title": "Laserstrahl (B)",
	"shavehud_gadgets_beam_b_desc": "Blauanteil der Laserfarbe.",
	"shavehud_gadgets_beam_a_title": "Laserstrahl Alpha",
	"shavehud_gadgets_beam_a_desc": "Durchsichtigkeit des Laserstrahls.",
	"shavehud_gadgets_dot_match_title": "Passende Puktfarbe",
	"shavehud_gadgets_dot_match_desc": "Bestimmt, ob der Punkt farblich zum Strahl passen soll.",
	"shavehud_gadgets_dot_r_title": "Laserpunkt (R)",
	"shavehud_gadgets_dot_r_desc": "Rotanteil der Laserpunktfarbe.",
	"shavehud_gadgets_dot_g_title": "Laserpunkt (G)",
	"shavehud_gadgets_dot_g_desc": "Grünanteil der Laserpunktfarbe.",
	"shavehud_gadgets_dot_b_title": "Laserpunkt (B)",
	"shavehud_gadgets_dot_b_desc": "Blauanteil der Laserpunktfarbe.",
	"shavehud_gadgets_dot_a_title": "Laserpunkt Alpha",
	"shavehud_gadgets_dot_a_desc": "Durchsichtigkeit des Laserpunkts.",
	"shavehud_gadgets_glow_match_title": "Passende Scheinfarbe",
	"shavehud_gadgets_glow_match_desc": "Bestimmt, ob das Leuchten um den Punkt farblich zum Strahl passen soll.",
	"shavehud_gadgets_glow_r_title": "Laserschein (R)",
	"shavehud_gadgets_glow_r_desc": "Rotanteil der Laserscheinfarber.",
	"shavehud_gadgets_glow_g_title": "Laserschein (G)",
	"shavehud_gadgets_glow_g_desc": "Grünanteil der Laserscheinfarbe.",
	"shavehud_gadgets_glow_b_title": "Laserschein (B)",
	"shavehud_gadgets_glow_b_desc": "Blauanteil der Laserscheinfarbe.",
	"shavehud_gadgets_glow_a_title": "Laserschein Alpha",
	"shavehud_gadgets_glow_a_desc": "Durchsichtigkeit der Laserscheinfarbe.",
	"shavehud_gadgets_light_r_title": "Taschenlampe (R)",
	"shavehud_gadgets_light_r_desc": "Rotanteil der Taschenlampenfarbe.",
	"shavehud_gadgets_light_g_title": "Taschenlampe (G)",
	"shavehud_gadgets_light_g_desc": "Grünanteil der Taschenlampenfarbe.",
	"shavehud_gadgets_light_b_title": "Taschenlampe (B)",
	"shavehud_gadgets_light_b_desc": "Blauanteil der Taschenlampenfarbe.",
	"shavehud_gadgets_light_brightness_title": "Taschenlampen Helligkeit",
	"shavehud_gadgets_light_brightness_desc": "Helligkeit der Taschenlampe.",
	"shavehud_gadgets_light_angle_title": "Taschenlampen Winkel",
	"shavehud_gadgets_light_angle_desc": "Der Winkel in dem die Taschenlampe strahlt.",
	"shavehud_gadgets_light_range_title": "Taschenlampen Reichweite",
	"shavehud_gadgets_light_range_desc": "Entfernung die die Taschenlampe abdecken kann.",
	"shavehud_gadgets_rainbow_enabled_title": "Aktiviere Regenbogen",
	"shavehud_gadgets_rainbow_enabled_desc": "Aktiviert den Regenbogen-Modus.",
	"shavehud_gadgets_rainbow_frequency_title": "Regenbogen Frequenz",
	"shavehud_gadgets_rainbow_frequency_desc": "Bestimmt, wie schnell der Regenbogen die Farbe wechselt.",
	"shavehud_gadgets_pulse_enabled_title": "Aktiviere Pulsieren",
	"shavehud_gadgets_pulse_enabled_desc": "Aktiviert den Pulsieren-Modus.",
	"shavehud_gadgets_pulse_min_title": "Puls Min",
	"shavehud_gadgets_pulse_min_desc": "Minimale Sichtbarkeits-Multiplikator die genutzt wird.",
	"shavehud_gadgets_pulse_max_title": "Puls Max",
	"shavehud_gadgets_pulse_max_desc": "Maximaler Sichtbarkeits-Multiplikator die genutzt wird.",
	"shavehud_gadgets_pulse_frequency_title": "Puls Frequenz",
	"shavehud_gadgets_pulse_frequency_desc": "Bestimmt die Zeit, die der Puls vom minimalen zum maximalen Multiplikator benötigt.",
	"shavehud_skipit_options_name": "Skip-It Optionen",
	"shavehud_skipit_options_help": "Optionen um überflüssige menüs automatisch zu überspringen, um Zeit zu sparen.",
	"shavehud_assaultbanner_options_name": "Ansturms-Banner Optionen",
	"shavehud_assaultbanner_options_help": "Optionen um das Ansturmsbanner zu verändern.",
	"shavehud_create_empty_lobby_title": "Erstelle eine leere Lobby",
	"shavehud_create_empty_lobby_desc": "Erstelle eine Lobby ohne einen Auftrag.\n(Standardeinstellung ist Nur für Freunde, kann aber auf Öffentlich oder Privat geändert werden.)",
	"shavehud_item_insta_custody_mod_id": "Selbstmord",
    "shavehud_item_insta_custody_mod_desc": "Wollen Sie sich selbst töten?",
    "shavehud_chat_insta_custody_mod_msg": "\"Instant Custody\" mod was used.",
    "shavehud_dialog_insta_custody_mod_yes": "Ja",
    "shavehud_dialog_insta_custody_mod_no": "Nein",
	"shavehud_autokick_cheat_mods_title": "Autokick Cheat Mods",
    "shavehud_autokick_cheat_mods_desc": "Automatically kick players using cheat mods (that can impact your gameplay)",
    "shavehud_badass_camera_title": "Badass Camera",
    "shavehud_badass_camera_desc": "Enable cinematic camera effects in main menu",
    "shavehud_bag_tilt_removal_title": "Bag Carry Tilt Removal",
    "shavehud_bag_tilt_removal_desc": "Disable the camera tilt when carrying bags",
    "shavehud_bigger_better_replaced_title": "Bigger Better Replaced",
    "shavehud_bigger_better_replaced_desc": "Replaces \"The Bigger The Better\" with \"SpecOps Suppressor\" (model only)",
    "shavehud_bullet_decapitations_title": "Bullet Dismemberment",
    "shavehud_bullet_decapitations_desc": "Improved gore effects",
    "shavehud_clear_descriptions_title": "Clear Descriptions",
    "shavehud_clear_descriptions_desc": "Improved descriptions for weapon gadgets and special ammo",
    "shavehud_correct_armor_sorting_title": "Correct Armor Sorting",
    "shavehud_correct_armor_sorting_desc": "Order armor by protection in ascending order",
    "shavehud_fix_counter_taser_title": "Counter-Taser Animation",
    "shavehud_fix_counter_taser_desc": "Restore the counter-taser animation",
    "shavehud_difficulty_animation_title": "Blackscreen Difficulty Animation",
    "shavehud_difficulty_animation_desc": "Animated difficulty indicator on blackscreen",
    "shavehud_disable_telemetry_title": "Disable Spyware",
    "shavehud_disable_telemetry_desc": "Disable the game's built-in telemetry",
    "shavehud_enable_akimbo_mode_title": "Akimbo Firemode Toggle",
    "shavehud_enable_akimbo_mode_desc": "Activate Akimbo Firemode Toggle Keybind",
    "shavehud_fix_ability_use_title": "Perkdeck Ability Use Fix",
    "shavehud_fix_ability_use_desc": "Allow using perkdeck abilities while driving or shooting",
    "shavehud_fix_auto_fire_sound_title": "Autofire Sound Fix",
    "shavehud_fix_auto_fire_sound_desc": "Prevent duplicate sound playback on single shots",
    "shavehud_fix_bot_bullet_collision_title": "Disable Bot Bullet Collision",
    "shavehud_fix_bot_bullet_collision_desc": "Allow player shots to pass through Team AI",
    "shavehud_fix_bullet_push_title": "Disable Killing Bullet Push",
    "shavehud_fix_bullet_push_desc": "Disable the killing bullet push that causes visual glitches (Shotguns and Stealth unaffected)",
    "shavehud_fix_cloaker_cam_lock_title": "Disable Cloaker Camera Lock",
    "shavehud_fix_cloaker_cam_lock_desc": "Prevents Cloakers from locking your camera",
    "shavehud_fix_correct_diff_enemies_title": "Correct Difficulty Enemies",
    "shavehud_fix_correct_diff_enemies_desc": "Prevent wrong enemies spawning",
    "shavehud_fix_crimespree_crash_loss_title": "Crimespree Crash Loss Fix",
    "shavehud_fix_crimespree_crash_loss_desc": "Prevents losing your crimespree after crashing",
    "shavehud_fix_crimespree_phalanx_spawn_limit_title": "Crimespree Phalanx Spawn Limit",
    "shavehud_fix_crimespree_phalanx_spawn_limit_desc": "Forces Phalanx Shields to adhere to spawn limits",
    "shavehud_fix_crimespree_rankspread_filter_title": "Crimespree Rank Spread Filter Fix",
    "shavehud_fix_crimespree_rankspread_filter_desc": "Fixes the Rank Spread Filter",
    "shavehud_fix_diff_check_fallback_title": "Difficulty Check Fallback Fix",
    "shavehud_fix_diff_check_fallback_desc": "Fixes scripted spawns which are broken on Mayhem/Death Sentence",
    "shavehud_fix_dozer_sprint_title": "Bulldozer Sprint Fix",
    "shavehud_fix_dozer_sprint_desc": "Prevent Bulldozers from sprinting near players, as originally intended",
    "shavehud_fix_keep_heist_outfits_title": "Keep specific heist outfits",
    "shavehud_fix_keep_heist_outfits_desc": "Override outfits if the heist has a specific one (client-side only)",
    "shavehud_fix_logical_heist_outfits_title": "Extend specific heist outfits",
    "shavehud_fix_logical_heist_outfits_desc": "Use Parka for Boiling Point, Legacy Tactical for Slaughterhouse",
    "shavehud_fix_reload_speed_boost_title": "Reload Speed Boost Fix",
    "shavehud_fix_reload_speed_boost_desc": "Allow reload speed boost affectig single reload weapons",
    "shavehud_fix_shotgun_reload_title": "Shotgun Reload Fix",
    "shavehud_fix_shotgun_reload_desc": "Fix an issue where Shotguns and similar weapons only reload one round",
    "shavehud_fix_stale_lobby_title": "Stale Lobby Contract Fix",
    "shavehud_fix_stale_lobby_desc": "Report lobby as contractless to Steam rather than the last finished heist",
    "shavehud_fixes_options_name": "Bugfix Options",
    "shavehud_hidden_dlc_title": "Hide Latest DLC ad",
    "shavehud_hidden_dlc_desc": "Hide latest DLC advertisement on main menu",
    "shavehud_hidden_updates_title": "Hide Content Updates",
    "shavehud_hidden_updates_desc": "Hide Content Updates on main menu",
    "shavehud_instant_custody_title": "Instant Custody",
    "shavehud_instant_custody_desc": "Enables menu option to go into custody voluntarily",
    "shavehud_instant_pick_gage_title": "Instant Gage Package Pickup",
    "shavehud_instant_pick_gage_desc": "Instantly pick up Gage packages",
    "shavehud_inventory_count_title": "Inventory Count",
    "shavehud_inventory_count_desc": "Display additional information for throwables and equipment",
    "shavehud_kick_friend_title": "Don't Ban Friends",
    "shavehud_kick_friend_desc": "Allow friends to rejoin your lobby after a kick",
    "shavehud_ladder_improvements_title": "Ladder Improvements",
    "shavehud_ladder_improvements_desc": "Makes ladder handling much more intuitive, see modwork.shop/23192",
    "shavehud_mask_in_outfit_screen_title": "Show Mask in outfit screen",
    "shavehud_mask_in_outfit_screen_desc": "Display your mask in outfit screen",
    "shavehud_misc_options_name": "Other Options",
    "shavehud_mod_list_lite_title": "Modlist Lite",
    "shavehud_mod_list_lite_desc": "Prevent modlist from loading icons",
    "shavehud_no_fade_title": "Disable Fade to Black",
    "shavehud_no_fade_desc": "Remove Fade to Black in main menu",
    "shavehud_no_red_lasers_title": "No Red Teammate Lasers",
    "shavehud_no_red_lasers_desc": "Replaces red teammate lasers with the default green",
    "shavehud_no_sway_title": "Disable Fake Weapon Sway",
    "shavehud_no_sway_desc": "Remove fake weapon sway when aiming down sights",
    "shavehud_no_weapon_rotation_title": "Disable Weapon Rotation",
    "shavehud_no_weapon_rotation_desc": "Remove Weapon Preview Rotation in the Blackmarket",
    "shavehud_player_blood_title": "Player Bloodsplats",
    "shavehud_player_blood_desc": "Generate bloodsplats when players are hit",
    "shavehud_redundant_card_removal_title": "Remove Redundant Cards",
    "shavehud_redundant_card_removal_desc": "Remove money and experience from the loot table",
    "shavehud_returnable_mask_components_title": "Return Mask Components",
    "shavehud_returnable_mask_components_desc": "Allow returning mask components",
    "shavehud_shield_despawn_timer_title": "Shield Despawn Timer",
    "shavehud_shield_despawn_timer_desc": "Despawn dead Shields after a timeout",
    "shavehud_shield_despawn_timer_value_title": "Despawn Timeout",
    "shavehud_shield_despawn_timer_value_desc": "Timeout in seconds for despawning dead Shields",
    "shavehud_skin_hider_title": "Hide Skins in Lobby",
    "shavehud_skin_hider_desc": "Display Infamy cards instad of skins in lobby (where applicable)",
    "shavehud_starring_title": "Blackscreen Starring",
    "shavehud_starring_desc": "Display player and character names on blackscreen",
    "shavehud_vehicle_fov_title": "Vehicle FOV",
    "shavehud_vehicle_fov_desc": "Override FOV for all vehicles",
    "shavehud_vehicle_fov_value_title": "Override Value",
    "shavehud_vehicle_fov_value_desc": "Set FOV for all vehicles to this",
	"shavehud_fix_third_person_recoil_title": "Third Person Recoil",
	"shavehud_fix_third_person_recoil_desc": "Enable firing/recoil animations for most weapons in third person"
}