{
    "menu_jowi": "Wick",
    "hud_int_hold_grab_the_bag": "Tieni premuto $INTERACT per prendere $BAG",
    "shavehud_dialog_force_start_title": "Forzare l'avvio del gioco?",
    "shavehud_dialog_force_start_desc": "Sei sicuro di voler forzare il riavvio del gioco?\n\nPer favore, usalo solo in caso di lobby buggate, o se un giocatore è afk.\nAssicuratevi che ognuno dei vostri compagni abbia avuto il tempo di scegliere il proprio equipaggiamento.\n\nGrazie :)",
    "shavehud_dialog_install_title": "Installazione: $NAME",
    "shavehud_dialog_install_desc": "Vuoi davvero installare '$NAME'?",
    "shavehud_dialog_remind_later": "Chiedimelo più tardi",
    "shavehud_dialog_install_fed_inv_desc": "Federal Inventory è una mod di tipo mod_override che aggiunge icone colorate per le tue armi, maschere ed equipaggiabili.\nPerfetta se usata con CustomHUD ed utilizzerà il BLT Updater.",
    "shavehud_dialog_rename_inv_tab": "Rinomina pagina dell'inventario",
    "shavehud_dialog_rename_inv_tab_desc": "Inserisci il nuovo nome per la pagina dell'inventario.",
    "shavehud_dialog_save": "Salva",
    "shavehud_dialog_requires_superblt_title": "[ShaveHUD] SuperBLT non rilevato!",
    "shavehud_dialog_requires_superblt_desc_long": "ShaveHUD ha bisogno di SuperBLT per funzionare.\nSuperBLT è un fork del Hook caricatore di mod conosciuto come BLT per PAYDAY 2, con vari miglioramenti. \nÈ completamente retro compatibile con le mod per BLT regolare.\n\nPuoi trovare informazioni aggiuntive e le istruzioni per l'installazione qui: \n$URL",
    "shavehud_dialog_requires_superblt_desc_short": "ShaveHUD non è più compatibile con il BLT regolare.\nAggiorna la tua versione al SuperBLT per continuare ad usarlo.\nPuoi trovare il SuperBLT su '$URL'.",
    "shavehud_dialog_update_install_folder_title": "Aggiornamenti automatici di [ShaveHUD] compromessi!",
    "shavehud_dialog_update_install_folder_desc": "Per gli aggiornamenti automatici, la cartella d'installazione di ShaveHUD \ndeve chiamarsi 'mods/ShaveHUD/'. \n(Attualmente si chiama 'mods/$FOLDER/')",
    "shavehud_notification_disabled_override_title": "ShaveHUD: $NAME è attualmente disabilitato.",
    "shavehud_notification_disabled_override_desc": "Se hai cambiato idea, clicca qui per fartelo chiedere di nuovo.",
    "shavehud_notification_restart_override_title": "ShaveHUD: $NAME è pronto per l'installazione.",
    "shavehud_notification_restart_override_desc": "Riavvia il gioco per avviare l'installazione.",
    "shavehud_int_locked": "PREMI $BTN_CANCEL PER INTERROMPERE",
    "shavehud_int_locked_pager": "PREMI $BTN_CANCEL PER INTERROMPERE\n(FA SCATTARE L'ALLARME)",
    "shavehud_preplanning_save": "Salva Piano",
    "shavehud_preplanning_load": "Carica Piano",
    "shavehud_preplanning_reset": "Resetta Piano",
    "shavehud_preplanning_reset_all": "Resetta tutto",
    "shavehud_preplanning_delete": "Cancella Piano",
    "shavehud_preplanning_save_tooltip_title": "Salva Piano Attuale:",
    "shavehud_preplanning_save_tooltip_desc": "Salva il tuo piano attuale, cosi da non dover re-impostare tutto la prossima volta.",
    "shavehud_preplanning_load_tooltip_title": "Carica ultimo Piano:",
    "shavehud_preplanning_load_tooltip_desc": "Apre un menu con tutti i tuoi piani salvati.",
    "shavehud_preplanning_reset_tooltip_title": "Resetta Piano attuale:",
    "shavehud_preplanning_reset_tooltip_desc": "Rimuove tutte le tue risorse dal piano attuale e anche i voti.",
    "shavehud_preplanning_reset_all_tooltip_title": "Resetta Piano completo:",
    "shavehud_preplanning_reset_all_tooltip_desc": "Rimuove le risorse di tutti dal piano attuale e anche i voti.",
    "shavehud_preplanning_delete_tooltip_title": "Cancella Piano salvato",
    "shavehud_preplanning_delete_tooltip_desc": "Cancella i piani salvati e libera un po di spazio.",
    "shavehud_preplanning_manager_title": "Gestore Pre pianificazioni",
    "shavehud_preplanning_error_no_saved_plans": "Nessun Piano salvato trovato.",
    "shavehud_preplanning_error_max_plans_reached": "Numero massimo di Piani salvati raggiunto.",
    "shavehud_preplanning_votes_title": "Voti:",
    "shavehud_preplanning_assets_title": "Risorse:",
    "shavehud_preplanning_dialog_save": "Salvare il Piano?",
    "shavehud_preplanning_dialog_save_desc": "$PLAN\n\n\nInserire un nome per questo piano.\n(Usare un nome esistente sovrascriverà il piano precedente.)",
    "shavehud_preplanning_dialog_delete": "Cancellare Piano?",
    "shavehud_preplanning_dialog_delete_desc": "Sei sicuro di voler cancellare il Piano '$NAME'?",
    "shavehud_preplanning_msg_saved_success": "Il Piano attuale è stato salvato con successo.",
    "shavehud_preplanning_msg_saved_failed": "Si è verificato un'errore durante il salvataggio del Piano.",
    "shavehud_preplanning_msg_no_save_slot": "Numero massimo di Piani salvati raggiunto.",
    "shavehud_preplanning_msg_no_current_plan": "Non hai pianificato nulla che può essere salvato.",
    "shavehud_preplanning_msg_loaded_success": "Piano caricato con successo.",
    "shavehud_preplanning_msg_loaded_failed": "Si è verificato un'errore durante il caricamento del Piano.",
    "shavehud_preplanning_msg_loaded_partitially": "Piano caricato parzialmente: $ERRORMSG",
    "shavehud_preplanning_msg_loaded_missing_skill": "Abilità Mancante",
    "shavehud_preplanning_msg_loaded_missing_favours": "Non hai abbastanza favori",
    "shavehud_preplanning_msg_loaded_missing_money": "Non hai abbastanza denaro",
    "shavehud_preplanning_msg_reseted_success": "Reset del piano attuale.",
    "shavehud_preplanning_msg_reseted_failed": "Si è verificato un'errore durante il reset del piano attuale.",
    "shavehud_preplanning_msg_deleted_success": "Piano cancellato con successo.",
    "shavehud_preplanning_msg_deleted_failed": "Si è verificato un'errore durante la cancellazione del piano.",
    "shavehud_preplanning_msg_folder_creation_failed": "Impossibile creare cartella: $FOLDER \nAssicurati che il gioco abbia i permessi adeguati o creala manualmente.",
    "shavehud_preplanning_msg_file_creation_failed": "Impossibile creare file: $FILE \nAssicurati che il gioco abbia i permessi adeguati o crealo manualmente.",
    "shavehud_inv_tab_rename_hint": "Fai doppio click sulla tabella dell'inventario prescelta per modificarne il nome.",
    "shavehud_loadout_hours_played": "$HOURS ore.",
    "shavehud_profile_switch_title": "Cambia Profilo",
    "shavehud_profile_switch_title_profiles": "Profilo:",
    "victory_most_damage": "Danno più elevato:",
    "victory_session_damage": "Danno Totale:",
    "shavehud_advassault_phase_title": "Fase d'Assalto: ",
    "shavehud_advassault_spawns_title": "Spawn Rimanenti: ",
    "shavehud_advassault_time_title": "Tempo Rimanente: ",
    "shavehud_advassault_phase_anticipation": "Anticipazione",
    "shavehud_advassault_phase_build": "Assedio",
    "shavehud_advassault_phase_sustain": "Resistenza",
    "shavehud_advassault_phase_fade": "Ritirata",
    "shavehud_advassault_time_overdue": "RITARDO",
    "shavehud_locked_assault": "Assalto della Polizia Infinito!!!  Vattene il prima possibile!!!",
    "shavehud_customhud_interaction_done": "FATTO",
    "shavehud_customhud_interaction_aborted": "ANNULLATO",
    "shavehud_hudlist_device_timer": "Timer",
    "shavehud_hudlist_device_drill": "Trapano",
    "shavehud_hudlist_device_hack": "Hack",
    "shavehud_hudlist_device_saw": "Sega",
	"shavehud_hudlist_device_security": "Hacks",
	"shavehud_hudlist_device_security_bar": "Hack $CURRENT/$TOTAL",
    "shavehud_hudlist_loot_armor": "Armatura",
    "shavehud_hudlist_loot_bomb": "Bomba",
    "shavehud_hudlist_loot_weapon": "Arma",
    "shavehud_hudlist_loot_diamond": "Diamante",
    "shavehud_hudlist_loot_evidence": "Prova",
    "shavehud_hudlist_loot_toast": "Toast",
    "shavehud_hudlist_loot_crate": "Cassa",
    "shavehud_hudlist_loot_toothbrush": "Spazzolino",
    "shavehud_hudlist_loot_bag": "Borsa",
    "shavehud_hudlist_loot_shoes": "Scarpe",
    "shavehud_hudlist_loot_toy": "Giocattolo",
    "shavehud_hudlist_loot_vr": "Casco",
	"shavehud_hudlist_loot_egg": "Egg",
	"shavehud_hudlist_loot_treasure": "Treasure",
    "shavehud_hudlist_showcase": "Mostra",
    "shavehud_hudlist_buff_basic": "Base",
    "shavehud_hudlist_buff_aced": "Asso",
    "shavehud_hudlist_buff_boost": "Boost",
    "shavehud_hudlist_buff_revive": "Rianima",
    "shavehud_hudlist_buff_crew_inspire_debuff": "Rianima (IA)",
    "shavehud_hudlist_buff_dmg_inc": "+Dan",
    "shavehud_hudlist_buff_dmg_dec": "-Dan",
    "shavehud_hudlist_buff_mdmg_inc": "+M.Dan",
    "shavehud_hudlist_buff_phealth_reg": "+PS",
    "shavehud_hudlist_buff_tot_dodge": "%Dodge",
    "shavehud_tabstats_total_damage": "Danno Totale:",
    "shavehud_tabstats_tanks_killed": "Bulldozer uccisi:",
    "shavehud_tabstats_cloakers_killed": "Cloaker uccisi:",
    "shavehud_tabstats_shields_killed": "Scudi uccisi:",
    "shavehud_tabstats_snipers_killed": "Cecchini uccisi:",
    "shavehud_tabstats_tasers_killed": "Taser uccisi:",
    "shavehud_tabstats_gensec_killed": "GENSEC uccisi:",
    "shavehud_tabstats_medic_killed": "Medici uccisi:",
    "shavehud_tabstats_melee_kills": "Uccisioni Corpo a Corpo:",
    "shavehud_tabstats_explosion_kills": "Uccisioni con Esplosivi:",
    "shavehud_tabstats_nonspecial_kills": "Uccisioni su Non Speciali:",
    "shavehud_tabstats_total_kills": "Total Kills:",
    "shavehud_tabstats_total_revives": "Rianimazione Totali (G/IA):",
    "shavehud_tabstats_alltime_stat": "Di Sempre:",
    "shavehud_enemy_civilian": "Civile",
	"shavehud_enemy_mariachi": "Mariachi Band Member",
    "shavehud_enemy_gangster": "Gangster",
    "shavehud_enemy_biker": "Motociclista",
	"shavehud_enemy_bolivian_security_mex": "Coyopa Security",
    "shavehud_enemy_bolivian_security": "Sicurezza di Sosa",
    "shavehud_enemy_bolivian_thug": "Tirapiedi di Sosa",
    "shavehud_enemy_mobster": "Mafioso Russo",
    "shavehud_enemy_security": "Guardia di Sicurezza",
    "shavehud_enemy_gensec": "Agente della GENSEC",
    "shavehud_enemy_cop": "Poliziotto",
    "shavehud_enemy_fbi": "Agente del FBI",
    "shavehud_enemy_swat": "Agente della SWAT",
    "shavehud_enemy_heavy_swat": "SWAT Pesante",
    "shavehud_enemy_heavy_swat_sniper": "Cecchino SWAT Pesante",
    "shavehud_enemy_city_swat": "Unità d'elitè",
    "shavehud_enemy_shield": "Scudo",
    "shavehud_enemy_spook": "Cloaker",
	"shavehud_enemy_shadow_spook" :"Shadow Cloaker",
    "shavehud_enemy_taser": "Taser",
    "shavehud_enemy_sniper": "Cecchino",
    "shavehud_enemy_medic": "Medico",
    "shavehud_enemy_tank": "Bulldozer",
    "shavehud_enemy_tank_hw": "Dozer Senza Testa",
    "shavehud_enemy_tank_medic": "Dozer Medico",
    "shavehud_enemy_tank_mini": "Dozer con Minigun",
    "shavehud_enemy_phalanx_minion": "Scudi di Winters",
    "shavehud_enemy_phalanx_vip": "Capitano Winters",
    "shavehud_enemy_swat_van": "TORRETTA SWAT",
    "shavehud_enemy_ceiling_turret": "TORRETTA",
    "shavehud_enemy_aa_turret": "Torretta Anti-aerea",
    "shavehud_enemy_crate_turret": "Torretta",
    "shavehud_enemy_sentry_gun": "TORRETTA AUTOMATICA",
    "shavehud_enemy_mobster_boss": "Il Commissario",
    "shavehud_enemy_chavez_boss": "Chavez",
    "shavehud_enemy_druglord_boss": "Boss Sosa",
    "shavehud_enemy_druglord_boss_stealth": "Boss Sosa",
    "shavehud_enemy_biker_boss": "Boss dei Motociclisti",
    "shavehud_enemy_bank_manager": "Direttore della Banca",
    "shavehud_enemy_dah_ralph": "Ralph Garnet",
    "shavehud_enemy_inside_man": "Infiltrato",
    "shavehud_enemy_escort_undercover": "Uomo delle Tasse",
    "shavehud_enemy_escort_heatstreet": "Matt",
    "shavehud_enemy_escort_chinese_prisoner": "Kazo",
    "shavehud_enemy_escort_cfo": "Direttore Finanziario di Garnet",
    "shavehud_enemy_escort_reservoirdogs": "Mr. Pink",
	"shavehud_enemy_escort_bain_locke": "Locke / Bain",
    "shavehud_enemy_drunk_pilot": "Pilota Ubriaco",
    "shavehud_enemy_escort": "Escort",
    "shavehud_enemy_boris": "Boris",
    "shavehud_enemy_spa_vip": "Charon",
    "shavehud_enemy_spa_vip_hurt": "Charon (Ferito)",
    "shavehud_enemy_old_hoxton_mission": "Hoxton",
    "shavehud_enemy_locke_mission": "Locke",
    "shavehud_enemy_hector_boss": "Hector con armatura",
    "shavehud_enemy_hector_boss_no_armor": "Hector",
    "shavehud_enemy_reservoirdogs": "Mr. Blonde",
    "shavehud_enemy_crew": "Membro della Crew",
    "shavehud_enemy_butler": "Aldstone",
    "shavehud_enemy_vlad": "Vlad",
	"shavehud_enemy_kento": "Kento",
    "shavehud_enemy_boom": "Granatiere",
    "shavehud_enemy_omnia_lpf": "OMNIA L.P.F.",
    "shavehud_enemy_summers": "Capitano Summers",
    "shavehud_enemy_boom_summers": "Maggiore Molly",
    "shavehud_enemy_taser_summers": "Ingegnere Electrika",
    "shavehud_enemy_medic_summers": "Sergente Doc",
    "shavehud_enemy_spring": "Capitano Spring",
    "shavehud_enemy_fbi_vet": "Poliziotto Veterano",
    "shavehud_enemy_deathvox_light": "Unità ZEAL",
    "shavehud_enemy_deathvox_heavy": "ZEAL Pesante",
     "shavehud_multiselect_all": "Tutto",
    "shavehud_multiselect_none": "Nessuno",
    "shavehud_multiselect_disabled": "Disabilitato",
    "shavehud_multiselect_random": "Casuale",
    "shavehud_multiselect_left": "Sinistra",
    "shavehud_multiselect_center": "entro",
    "shavehud_multiselect_right": "Destra",
    "shavehud_colors_white" : "Bianco",
    "shavehud_colors_light_yellow" : "Giallo Chiaro",
    "shavehud_colors_light_orange" : "Arancione Chiaro",
    "shavehud_colors_light_red" : "Rosso Chiaro",
    "shavehud_colors_light_purple" : "Viola Chiaro",
    "shavehud_colors_light_green" : "Verde Chiaro",
    "shavehud_colors_light_blue" : "Blu Chiaro",
    "shavehud_colors_light_gray": "Grigio Chiaro",
    "shavehud_colors_yellow" : "Giallo",
    "shavehud_colors_orange" : "Arancione",
    "shavehud_colors_red": "Rosso",
    "shavehud_colors_purple": "Viola",
    "shavehud_colors_green": "Verde",
    "shavehud_colors_blue": "Blu",
    "shavehud_colors_gray": "Grigio",
    "shavehud_colors_black": "Nero",
    "shavehud_colors_rainbow": "Arcobaleno",
    "shavehud_options_name": "Impostazioni di ShaveHUD",
    "shavehud_options_help": "Personalizza ShaveHUD in base alle tue preferenze.",
    "shavehud_language_title": "Lingua",
    "shavehud_language_desc": "Seleziona una localizzazione per ShaveHUD.\n(Richiesto un riavvio della mappa per applicare i cambiamenti...)",
    "shavehud_languages_english": "English",
    "shavehud_languages_german": "German",
    "shavehud_languages_dutch": "Dutch",
    "shavehud_languages_french": "French",
    "shavehud_languages_italian": "Italiano",
    "shavehud_languages_spanish": "Spanish",
    "shavehud_languages_portuguese": "Portugese",
    "shavehud_languages_russian": "Russian",
    "shavehud_languages_chinese": "Chinese",
    "shavehud_languages_korean": "Korean",
	"shavehud_straight_to_main_menu_title": "Straight to Main Menu",
	"shavehud_straight_to_main_menu_desc": "Automatically skips intros and goes straight to the main menu.",
    "shavehud_skip_blackscreen_title": "Salta Schermata Nera",
    "shavehud_skip_blackscreen_desc": "Salta in automatico la schermata nera all'inizio della missione.\n(Solo host)",
    "shavehud_instant_restart_title": "Riavvio Istantaneo",
    "shavehud_instant_restart_desc": "Salta in automatico il conto alla rovescia di 5 secondi quando si riavvia una partita online.\n(Solo host)",
    "shavehud_stat_screen_speedup_title": "Schermata statistiche velocizzata",
    "shavehud_stat_screen_speedup_desc": "Velocizza in automatico il conteggio dell'esperienza, senza la necessita di tenere premuto spazio.",
    "shavehud_stat_screen_delay_title": "Ritardo schermata statistiche",
    "shavehud_stat_screen_delay_desc": "Procedi per X secondi, prima di conteggiare gli XP.\n(Host) ",
    "shavehud_loot_screen_pick_card_title": "Scelta automatica carta",
    "shavehud_loot_screen_pick_card_desc": "Sceglie una carte in automatico, quando viene mostrata la schermata delle carte.",
    "shavehud_loot_screen_pick_specific_card_title": "Scelta automatica carta specifica",
    "shavehud_loot_screen_pick_specific_card_desc": "Specifica quale carta dovrà essere scelta automaticamente.",
	"shavehud_loot_screen_instant_cardflip_title": "Instant Cardflip",
	"shavehud_loot_screen_instant_cardflip_desc": "Instantly flip selected card.",
    "shavehud_loot_screen_delay_title": "Ritardo schermata delle carte",
    "shavehud_loot_screen_delay_desc": "Procede per X secondi dopo che hai ottenuto la tua ricompensa.\n(Solo host, 0 = disabilitato)",
    "shavehud_replace_weapon_names_title": "Nomi Armi Reali",
    "shavehud_replace_weapon_names_desc": "Sostituisce i nomi delle armi con le loro controparti realmente esistenti.\n(Riavvio della mappa necessario per applicare le modifiche...)",
    "shavehud_inventory_tab_names_title": "Usa nomi tabella dell'inventario",
    "shavehud_inventory_tab_names_desc": "Personalizza i nomi delle tabelle dell'inventario.\n(Cambia il nome modificando '/mods/saves/ShaveHUD_InventoryNames.txt')",
    "shavehud_inventory_names_title": "Mostra nomi nei riquadri",
    "shavehud_inventory_names_desc": "Mostra il nome dell'arma, armatura, equipaggiabile, ecc. all'interno del proprio riquadro nell'inventario.",
    "shavehud_skill_names_title": "Mostra nomi abilità",
    "shavehud_skill_names_desc": "Mostra sempre il nome delle abilità nella schermata delle abilità.",
    "shavehud_show_contractor_job_heat_title":"Mostra calore contratto",
    "shavehud_show_contractor_job_heat_desc":"Mostra il calore del colpo nella lista broker dei contratti.",
    "shavehud_show_mini_icons_title": "Mostra sempre le mini-icone",
    "shavehud_show_mini_icons_desc": "Mostra sempre le mini-icone degli accessori delle tue armi, non solo quella equipaggiata.",
    "shavehud_no_slowmotion_title": "No Slow motion",
    "shavehud_no_slowmotion_desc": "Disabilita lo slow motion quando indossi la maschera o quando cadi a terra.",
    "shavehud_reset_options_title": "Resetta Impostazioni",
    "shavehud_reset_options_desc": "Resetta tutte le impostazioni al loro valore predefinito.",
    "shavehud_reset_options_confirm": "Sei sicuro, vuoi resettare tutte le impostazioni ai loro valori predefiniti?",
    "shavehud_panels_options_name": "Opzioni del pannello generale del HUD",
    "shavehud_panels_options_help": "Opzioni per i pannelli generali del HUD, come CustomHUD, Sospetto, Indicatore Danno, DrivingHUD e molti altri.",
    "shavehud_use_customhud_title": "Usa CustomHUD",
    "shavehud_use_customhud_desc": "Sostituisce l'HUD vanilla con CustomHUD, creato da Se7en.\n(Un riavvio della mappa è necessario per applicare le modifiche...)",
    "shavehud_adv_assault_title": "Barra d'Assalto Avanzata",
    "shavehud_adv_assault_desc": "Mostra la fase d'assalto, il tempo e gli spawn rimanenti durante l'assalto.\n(Solo host)",
    "shavehud_assault_position_title": "Posizione d'Assalto",
    "shavehud_assault_position_desc": "Posizione orizzontale per la barra d'assalto.",
    "shavehud_pacified_civs_title": "Mostra Civili Tranquillizzati",
    "shavehud_pacified_civs_desc": "Cambia il segnalino dei civili che non sono stati legati, mentre sono tranquilli.",
    "shavehud_use_realammo_title": "Usa Munizioni Reali",
    "shavehud_use_realammo_desc": "Mostra le munizioni rimanenti, senza contare le munizioni attualmente nel caricatore.",
	"shavehud_auto_discard_parachute_title": "Auto Discard Parachute",
	"shavehud_auto_discard_parachute_desc": "Automatically discard parachute after landing.",	
    "shavehud_enable_burstmode_title": "Abilità la modalità di fuoco raffica",
    "shavehud_enable_burstmode_desc": "Abilita una modalità di fuoco a raffica per le tue armi.",
    "shavehud_playerpanel_options_name": "Pannello Giocatore",
    "shavehud_playerpanel_options_help": "Impostazioni per il tuo pannello del HUD.",
    "shavehud_teampanels_options_name": "Pannelli compagni di squadra",
    "shavehud_teampanels_options_help": "Impostazione per i pannelli dei tuoi compagni di squadra.",
    "shavehud_panels_position_title": "Posizione",
    "shavehud_panels_position_desc": "Posizione orizzontale del pannello del HUD.",
    "shavehud_panels_scale_title": "Dimensione",
    "shavehud_panels_scale_desc": "Dimensione del pannello del HUD.",
    "shavehud_panels_oppacity_title": "Opacità",
    "shavehud_panels_oppacity_desc": "Selezione l'opacità del pannello del HUD.",
    "shavehud_panels_show_name_title": "Mostra Nomi",
    "shavehud_panels_show_name_desc": "Mostra nomi dei giocatori.",
    "shavehud_panels_show_rank_title": "Mostra Livelli",
    "shavehud_panels_rank_name_desc": "Mostra livelli dei giocatori.",
    "shavehud_panels_truncate_tags_title": "Tronca tag",
    "shavehud_panels_truncate_tags_desc": "Prova a troncare i tag clan dai nomi dei giocatori.",
    "shavehud_panels_show_char_title": "Mostra Personaggi",
    "shavehud_panels_show_char_desc": "Mostra il personaggio scelto dal giocatore.",
    "shavehud_panels_show_ping_title": "Mostra Ping",
    "shavehud_panels_show_ping_desc": "Ti mostra il ping del giocatore.",
    "shavehud_panels_show_status_title": "Mostra Status",
    "shavehud_panels_show_status_desc": "Mostra lo Status del giocatore (vita, armatura, ecc.)",
    "shavehud_panels_condition_icon_color_title": "Colore Icona Condizione",
    "shavehud_panels_condition_icon_color_desc": "Imposta il colore dell'icona della condizione (a terra, in prigione, canto del cignio, ecc.)",
    "shavehud_panels_show_equip_title": "Mostra Equipaggiamento",
    "shavehud_panels_show_equip_desc": "Mostra l'equipaggiamento del giocatore.",
    "shavehud_panels_show_special_equip_title": "Mostra equipaggiamento speciale",
    "shavehud_panels_show_special_equip_desc": "Mostra l'equipaggiamento speciale del giocatore.",
    "shavehud_panels_special_equip_rows_title": "Colonne equipaggiamento speciale",
    "shavehud_panels_special_equip_rows_desc": "Totale di equipaggiamento speciale che viene messo nella stessa colonna.",
    "shavehud_panels_show_callsign_title": "Mostra Callsign",
    "shavehud_panels_show_callsign_desc": "Mostra un callsign per quel giocatore.",
    "shavehud_panels_show_stamina_title": "Mostra Stamina",
    "shavehud_panels_show_stamina_desc": "Mostra un cerchio della Stamina dentro il cerchio della salute.",
    "shavehud_panels_show_downcounter_title": "Mostra il contatore degli atterramenti",
    "shavehud_panels_show_downcounter_desc": "Mostra un contatore di quante volta si può cadere ancora a terra per chiunque non sia IA. \nIl contaotre mostra quanto volte puoi cadere ancora a terra te e i tuoi compagni.",
    "shavehud_panels_show_carry_title": "Mostra Trasportato",
    "shavehud_panels_show_carry_desc": "Mostra informazioni su osa trasporti.",
    "shavehud_panels_build_show_title": "Mostra Build",
    "shavehud_panels_build_show_desc": "Mostra la build di un giocatore che si sta unendo.",
    "shavehud_panels_build_time_title": "Tempo di mostra della build",
    "shavehud_panels_build_time_desc": "Mostra la build di un giocatore che si sta unendo per X secondi.\n(0 = Sempre)",
    "shavehud_panels_weapon_icon_title": "Icone Armi",
    "shavehud_panels_weapon_icon_desc": "quali icone delle armi vuoi vedere?",
    "shavehud_panels_weapon_name_title": "nomi Armi",
    "shavehud_panels_weapon_name_desc": "Mostrare nomi delle armi?",
    "shavehud_panels_weapon_ammo_title": "Munizioni Arma",
    "shavehud_panels_weapon_ammo_desc": "Modalità di display delle munizioni.",
    "shavehud_panels_weapon_firemode_title": "Modalità di fuoco dell'arma",
    "shavehud_panels_weapon_firemode_desc": "Mostra la modalità di fuoco dell'arma, o la nasconde.",
    "shavehud_panels_hide": "Nascondi",
    "shavehud_panels_selected": "Solo Selezionato",
    "shavehud_panels_unselected": "Solo Non Selezionato",
    "shavehud_panels_both": "Entrambi",
    "shavehud_panels_ammo_total": "Solo munizioni totali",
    "shavehud_panels_show_interaction_title": "Mostra Interazione",
    "shavehud_panels_show_interaction_desc": "Mostra interazioni dei tuoi compagni di squadra.",
    "shavehud_panels_show_interaction_number_title": "Timer Interazione",
    "shavehud_panels_show_interaction_number_desc": "Mostra un indicatore numerico",
    "shavehud_panels_show_interaction_text_title": "Testo interazione",
    "shavehud_panels_show_interaction_text_desc": "Mostra testo durante l'interazione",
    "shavehud_panels_interaction_time_title": "Durata minima interazione",
    "shavehud_panels_interaction_time_desc": "Mostra interazione dei tuoi compagni, solo se è più lunga di X secondi.",
    "shavehud_panels_use_ai_color_title": "Usa colore personalizzato per i bot",
    "shavehud_panels_use_ai_color_desc": "Usa un colore personalizzato per il nome dei bot. (Cambia anche il colore dei pop up dei danni)",
    "shavehud_panels_ai_color_title": "Colore personalizzato bot",
    "shavehud_panels_ai_color_desc": "imposta il colore personalizzato da usare per i nomi dei bot. (Cambia anche il colore dei pop up dei danni)",
    "shavehud_chat_options_name": "Opzioni Chat",
    "shavehud_chat_options_help": "opzioni per personalizzare la chat.",
    "shavehud_chat_waittime_title": "Tempo di Scomparsa Chat",
    "shavehud_chat_waittime_desc": "Tempo prima che la chat scompaia\n(0 = Mai)",
    "shavehud_chat_fontsize_title": "Dimensione Font della Chat",
    "shavehud_chat_fontsize_desc": "Dimensione del font per la chat in gioco.",
    "shavehud_chat_outputlines_title": "Righe massime della chat",
    "shavehud_chat_outputlines_desc": "Righe massime prima che venga abilitata la possibilità di scrollare con la rotella del mouse.",
    "shavehud_spam_filter_title": "Filtro per Spam della Chat",
    "shavehud_spam_filter_desc": "Rimuove i messaggi di spam di PocoHUD e [NGBTO] dalla tua chat.",
    "shavehud_chat_width_title": "Larghezza Chat",
    "shavehud_chat_width_desc": "Larghezza della finestra di chat",
    "shavehud_chat_inputlines_title": "Linee di testo massime inseribili",
    "shavehud_chat_inputlines_desc": "Righe di testo massime che puoi digitare in un messaggio",
    "shavehud_chat_colored_bg_title": "Sfondo Colorato",
    "shavehud_chat_colored_bg_desc": "Colora la linea del messaggio in base a chi scrive",
    "shavehud_chat_scrollbar_align_title": "Allineamento barra di scorrimento",
    "shavehud_chat_scrollbar_align_desc": "Allineamento della barra di scorrimento",
    "shavehud_suspicion_options_name": "Opzioni sospetto",
    "shavehud_suspicion_options_help": "Opzioni per la dimensione del pannello di sospetto, oltre che dei suoi componenti visibili.",
    "shavehud_suspicion_scale_title": "Dimensioni Sospetto",
    "shavehud_suspicion_scale_desc": "Dimensione degli elementi che formano il pannello di sospetto.",
    "shavehud_susp_eye_title": "Mostra Occhio di Sospetto",
    "shavehud_susp_eye_desc": "mostra gli elementi di base del pannello di sospetto.",
    "shavehud_susp_numeric_title": "Mostra sospetto in numero",
    "shavehud_susp_numeric_desc": "Mostra il valore numerico del sospetto.",
    "shavehud_susp_numeric_outline_title": "Contorno nero",
    "shavehud_susp_numeric_outline_desc": "Mostra un contorno nero intorno al numero del valore di sospetto.",
    "shavehud_killcounter_options_name": "Opzioni Contatore di Uccisioni",
    "shavehud_killcounter_options_help": "Opzioni per l'apparizione del Contatore di Uccisioni",
    "shavehud_killcounter_player_show_killcount_title": "Mostra Contatore di Uccisioni del Giocatore",
    "shavehud_killcounter_player_show_killcount_desc": "Mostra un contatore di uccisioni sul tuo HUD.",
    "shavehud_killcounter_player_color_title": "Colore del Contatore di Uccisioni del giocatore",
    "shavehud_killcounter_player_color_desc": "Seleziona il colore del tuo contatore di uccisioni.",
    "shavehud_killcounter_player_show_special_title": "Conta il numero di uccisioni speciali del giocatore",
    "shavehud_killcounter_player_show_special_desc": "Mostra le uccisioni di nemici speciali separatamente.",
    "shavehud_killcounter_player_show_head_title": "Conta i Colpi alla Testa",
    "shavehud_killcounter_player_show_head_desc": "Conta i colpi alla testa separatamente.",
    "shavehud_killcounter_player_show_accuracy_title": "Mostra Accuratezza Giocatore",
    "shavehud_killcounter_player_show_accuracy_desc": "Mostra la tua accuratezza attuale sul HUD.",
    "shavehud_killcounter_team_show_killcount_title": "Mostra contatore delle uccisioni dei tuoi compagni",
    "shavehud_killcounter_team_show_killcount_desc": "Mostra un contatore di uccisioni nel HUD dei tuoi compagni.",
    "shavehud_killcounter_team_color_title": "Colore Contatore di Uccisioni dei tuoi compagni",
    "shavehud_killcounter_team_color_desc": "Seleziona il colore del contatore di uccisioni per i tuoi compagni di squadra.",
    "shavehud_killcounter_team_show_special_title": "Conta uccisioni speciali dei tuoi compagni di squadra",
    "shavehud_killcounter_team_show_special_desc": "Mostra le uccisioni di nemici speciali separatamente.",
    "shavehud_killcounter_team_show_head_title": "Conta Colpi alla Testa dei Compagni di Squadra",
    "shavehud_killcounter_team_show_head_desc": "Mostra i colpi alla testa separatamente.",
    "shavehud_killcounter_team_show_ai_title": "Contatore di Uccisioni per IA",
    "shavehud_killcounter_team_show_ai_desc": "Anche i bot avranno un contatore di uccisioni?",
    "shavehud_corpse_limit_title": "Limite Cadaveri",
    "shavehud_corpse_limit_desc": "Quanti cadaveri sarà possibile avere nello stesso momento in gioco?\n(Riavvio della mappa necessario per applicare le modifiche...)",
    "shavehud_drivinghud_options_name": "Opzioni DrivingHUD",
    "shavehud_drivinghud_options_help": "Alcune opzioni per DrivingHUD.",
    "shavehud_show_drivinghud_title": "Mostra Driving HUD",
    "shavehud_show_drivinghud_desc": "Mostra un piccolo HUD in basso a destra mentre guidi.\n(Riavvio della mappa necessario per applicare le modifiche...)",
    "shavehud_drivinghud_scale_title": "Dimensione",
    "shavehud_drivinghud_scale_desc": "Dimensione del DrivingHUD.",
    "shavehud_drivinghud_show_vehicle_title": "Mostra immagine del veicolo",
    "shavehud_drivinghud_show_vehicle_desc": "mostra una piccola immagine del veicolo e le immagini delle maschere dei giocatori all'interno del veicolo con te.",
    "shavehud_drivinghud_show_health_title": "Mostra salute",
    "shavehud_drivinghud_show_health_desc": "Mostra la barra della salute del veicolo.",
    "shavehud_drivinghud_show_loot_title": "Mostra Bottino",
    "shavehud_drivinghud_show_loot_desc": "Mostra il bottino attuale e il numero massimo di bottino trasportabile dal veicolo.",
    "shavehud_drivinghud_show_passengers_title": "Mostra Passeggeri",
    "shavehud_drivinghud_show_passengers_desc": "Mostra i passeggeri totali e il numero di sedili.",
    "shavehud_drivinghud_show_gear_title": "Mostra Marcia",
    "shavehud_drivinghud_show_gear_desc": "Mostra a quale marcia stai andando.",
    "shavehud_drivinghud_show_speed_title": "Mostra Velocità",
    "shavehud_drivinghud_show_speed_desc": "Mostra la velocità attuale del veicolo.",
    "shavehud_drivinghud_speed_in_mph_title": "Velocità in miglia orarie",
    "shavehud_drivinghud_speed_in_mph_desc": "Mostra la velocità in miglia orarie.\n(Se disabilitato usa i kilometri orari.)",
    "shavehud_drivinghud_show_rpm_title": "Mostra i Giri al minuto",
    "shavehud_drivinghud_show_rpm_desc": "Mostra i giri del veicolo al minuto.",
    "shavehud_infopanels_options_name": "Opzioni Info HUD",
    "shavehud_infopanels_options_help": "Opzioni per le informazioni nel HUDList.",
    "shavehud_use_hudlist_title": "Usa HUDList",
    "shavehud_use_hudlist_desc": "HUDList può mostrare molte cosa utili, incl. Tempi dei trapani, numero di nemici e di bottino, risorsenella mappa, ecc. (Riavvio della mappa necessario per applicare le modifiche...)",
    "shavehud_hudlist_scale_right_title": "Dimensioni lista Destra",
    "shavehud_hudlist_scale_right_desc": "Dimensione della lista di oggetti di destra.",
    "shavehud_hudlist_scale_left_title": "Dimensioni lista Sinistra",
    "shavehud_hudlist_scale_left_desc": "Dimensione della lista di oggetti di sinistra.",
    "shavehud_hudlist_scale_buff_title": "Dimensione lista Buff",
    "shavehud_hudlist_scale_buff_desc": "Dimensione della lista di oggetti buff.",
    "shavehud_hudlist_box_color_title": "Colore Font Riquadro",
    "shavehud_hudlist_box_color_desc": "Colore del font per i riquadri di sinistra e destra.\n(Attualmente è richiesto un riavvio della mappa per applicare le modifiche...)",
    "shavehud_hudlist_box_bg_color_title": "Colore Sfondo Riquadro",
    "shavehud_hudlist_box_bg_color_desc": "Background color for Left- and Right List Boxes.\n(Attualmente è richiesto un riavvio della mappa per applicare le modifiche...)",
    "shavehud_hudlist_civcolor_title": "Colore Civili",
    "shavehud_hudlist_civcolor_desc": "Colore dei civili e degli ostaggi in EnemyCounter.",
    "shavehud_hudlist_thugcolor_title": "Colore Tirapiedi",
    "shavehud_hudlist_thugcolor_desc": "Colore dei tirapiedi e dei mafiosi in EnemyCounter.",
    "shavehud_hudlist_copcolor_title": "Colore nemici",
    "shavehud_hudlist_copcolor_desc": "Colore dei poliziotti, SWAT e SWAT pesanti in EnemyCounter.",
    "shavehud_hudlist_specialcolor_title": "Colore Speciali",
    "shavehud_hudlist_specialcolor_desc": "Colore degli speciali e delle torrette in EnemyCounter.",
    "shavehud_hudlist_progress_alpha_left_title": "Alpha della barra di progresso sinistra",
    "shavehud_hudlist_progress_alpha_left_desc": "Valore alpha della barra di progresso per gli oggetti nella lista di sinistra.",
    "shavehud_hudlist_progress_alpha_right_title": "Alpha della barra di progresso destra",
    "shavehud_hudlist_progress_alpha_right_desc": "Valore alpha della barra di progresso per gli oggetti nella lista di destra.",
    "shavehud_hudlist_progress_alpha_buff_title": "Alpha della barra buff",
    "shavehud_hudlist_progress_alpha_buff_desc": "Valore alpha della barra di progresso per gli oggetti della lista buff.",
    "shavehud_hudlist_timers_in_seconds_title": "Timer in secondi",
    "shavehud_hudlist_timers_in_seconds_desc": "Mostra sempre il timer in secondi.",
    "shavehud_infopanels_left_options_name": "Opzioni Lista di Sinistra",
    "shavehud_infopanels_left_options_help": "Opzioni per le informazioni della lista di sinistra.",
    "shavehud_hudlist_show_timers_title": "Mostra Timers",
    "shavehud_hudlist_show_timers_desc": "mostra il timer di Trapani, Hack, ecc.",
    "shavehud_hudlist_show_equipment_desc": "Scegli se vuoi che questo equipaggiamento venga mostrato in alto sullo schermo.",
    "shavehud_hudlist_show_ammo_bags_title": "Mostra Borse di Munizioni",
    "shavehud_hudlist_show_doc_bags_title": "Mostra Kit Medici",
    "shavehud_hudlist_show_first_aid_kits_title": "Mostra Kit di Pronto Soccorso",
    "shavehud_hudlist_show_body_bags_title": "Mostra Borse per cadaveri",
    "shavehud_hudlist_show_grenade_crates_title": "Mostra Granate",
    "shavehud_hudlist_sentries_title": "Mostra Torrette Automatiche",
    "shavehud_hudlist_sentries_desc": "Mostra Salute e munizioni delle torrette.",
    "shavehud_hudlist_hide_empty_sentries_title": "Nascondi torrette vuote",
    "shavehud_hudlist_hide_empty_sentries_desc": "Nascondi riquadri torrette vuote.",
    "shavehud_hudlist_show_ecms_title": "Mostra Jammer",
    "shavehud_hudlist_show_ecms_desc": "Mostra Timer per i jammer",
    "shavehud_hudlist_show_ecm_retrigger_title": "Mostra riattivazione jammer",
    "shavehud_hudlist_show_ecm_retrigger_desc": "Mostra, quando un jammer è pronto per essere riattivato.",
    "shavehud_hudlist_show_minions_title": "Mostra Jokers",
    "shavehud_hudlist_show_minions_desc": "Mostra la salute di tutti i poliziotti Joker.",
    "shavehud_hudlist_show_own_minions_only_title": "Solo Joker Personali",
    "shavehud_hudlist_show_own_minions_only_desc": "Mostra solo i propri Joker.",
    "shavehud_hudlist_show_pagers_title": "Mostra Cerca persone",
    "shavehud_hudlist_show_pagers_desc": "Mostra Timer del cerca persone rimanente, prima che scatti l'allarme.",
    "shavehud_hudlist_show_tape_loop_title": "Mostra Loop telecamera",
    "shavehud_hudlist_show_tape_loop_desc": "Mostra il countdown del loop della telecamera.",
    "shavehud_hudlist_remove_answered_pagers_title": "Rimuovi contorno dei cerca persone",
    "shavehud_hudlist_remove_answered_pagers_desc": "Rimuove il contorno del cerca persone, se qualcuno sta già rispondendo.",
    "shavehud_infopanels_right_options_name": "Opzioni Lista di Destra",
    "shavehud_infopanels_right_options_help": "Opzioni per le informazioni della lista di destra.",
    "shavehud_hudlist_show_enemies_title": "Mostra Nemici",
    "shavehud_hudlist_show_enemies_desc": "Mostra i nemici totali nella mappa.",
    "shavehud_hudlist_aggregate_enemies_title": "Nemici Unificati",
    "shavehud_hudlist_aggregate_enemies_desc": "Mostra un riquadro del HUD per tutti i Nemici.",
    "shavehud_hudlist_show_turrets_title": "Mostra Torrette",
    "shavehud_hudlist_show_turrets_desc": "Mostra le torrette totali nella mappa.",
    "shavehud_hudlist_show_civilians_title": "Mostra Civili",
    "shavehud_hudlist_show_civilians_desc": "Mostra tutti i civili non legati sulla mappa.",
    "shavehud_hudlist_show_hostages_title": "Mostra Ostaggi",
    "shavehud_hudlist_show_hostages_desc": "mostra tutti gli ostaggi.",
    "shavehud_hudlist_aggregate_hostages_title": "Ostaggi Unificati",
    "shavehud_hudlist_aggregate_hostages_desc": "Mostra tutti i tipi di ostaggi in un singolo riquadro.",
    "shavehud_hudlist_show_minion_count_title": "Mostra Contatore Minion",
    "shavehud_hudlist_show_minion_count_desc": "Mostra tutti i poliziotti tenuti in ostaggio.",
    "shavehud_hudlist_show_pager_count_title": "Mostra Contatore Cerca persone",
    "shavehud_hudlist_show_pager_count_desc": "mostra quanti cerca persone sono stati allertati in furtiva.",
    "shavehud_hudlist_show_cam_count_title": "Mostra Contatore telecamere",
    "shavehud_hudlist_show_cam_count_desc": "Mostra tutte le telecamere attive in furtiva.",
    "shavehud_hudlist_show_bodybags_count_title": "Mostra Contatore Borse per cadaveri",
    "shavehud_hudlist_show_bodybags_count_desc": "Mostra le borse per cadaveri totali nel tuo inventario esteso direttamente sul tuo schermo in furtiva.",
    "shavehud_hudlist_show_corpse_count_title": "Mostra Contatore Cadaveri",
    "shavehud_hudlist_show_corpse_count_desc": "Mostra Mostra tutti i cadaveri messi dentro le borse per cadaveri e non, nella mappa.",
    "shavehud_hudlist_show_loot_title": "Mostra Bottino",
    "shavehud_hudlist_show_loot_desc": "Conta tutto il bottino attualmente nella mappa.",
    "shavehud_hudlist_aggregate_loot_title": "Bottino Unificato",
    "shavehud_hudlist_aggregate_loot_desc": "mostra tutto il bottino con un singolo valore.",
    "shavehud_hudlist_separate_bagged_loot_title": "Separa il valore del bottino",
    "shavehud_hudlist_separate_bagged_loot_desc": "Separa il contatore del bottino nelle borse e separato.",
    "shavehud_hudlist_show_potential_loot_title": "Mostra bottino potenziale",
    "shavehud_hudlist_show_potential_loot_desc": "Mostra tutte le case nella mappa come se fosse bottino. \n(Ricorda, le casse potrebbero essere vuote...)",
    "shavehud_hudlist_show_special_pickups_title": "Mostra Oggetti Speciali",
    "shavehud_hudlist_show_special_pickups_desc": "Mostra tutti gli ingredienti chimici, schede d'accesso e altri oggetti nella mappa.",
    "shavehud_hudlist_show_mission_pickups_title": "Mostra Oggetti di Missione",
    "shavehud_hudlist_show_mission_pickups_desc": "Mostra tutti gli ingredienti chimici, schede d'accesso, travi e altri oggetti di missione nella mappa.",
    "shavehud_hudlist_show_collectables_pickups_title": "Mostra Oggetti Collezionabili",
    "shavehud_hudlist_show_collectables_pickups_desc": "Mostra tutti pacchetti di Gage, Casse Spec-Ops & Chiavi ecc. nella mappa.",
    "shavehud_hudlist_show_valuables_pickups_title": "Mostra Oggetti Bottino",
    "shavehud_hudlist_show_valuables_pickups_desc": "Mostra tutti gli oggetti di valore, come le mazzette di banconote, le collane ecc.",
    "shavehud_infopanels_buff_options_name": "Opzioni Lista Buff",
    "shavehud_infopanels_buff_options_help": "Opzioni per le informazioni della lista buff.",
    "shavehud_infopanels_buff_mastermind_options_name": "Abilità Capo regime",
    "shavehud_infopanels_buff_mastermind_options_help": "Abilita o disabilita gli indicatori visivi delle abilità di Capo regime.",
    "shavehud_infopanels_buff_enforcer_options_name": "Abilità Distruttore",
    "shavehud_infopanels_buff_enforcer_options_help": "Abilita o disabilita gli indicatori visivi delle abilità di Distruttore.",
    "shavehud_infopanels_buff_technician_options_name": "Abilità Tecnico",
    "shavehud_infopanels_buff_technician_options_help": "Abilita o disabilita gli indicatori visivi delle abilità del Tecnico.",
    "shavehud_infopanels_buff_ghost_options_name": "Abilità Spettro",
    "shavehud_infopanels_buff_ghost_options_help": "Abilita o disabilita gli indicatori visivi delle abilità del Fantasma.",
    "shavehud_infopanels_buff_fugitive_options_name": "Abilità Fuggitivo",
    "shavehud_infopanels_buff_fugitive_options_help": "Abilita o disabilita gli indicatori visivi delle abilità del Fuggitivo.",
    "shavehud_infopanels_buff_perkdecks_options_name": "Specializzazioni",
    "shavehud_infopanels_buff_perkdecks_options_help": "Abilita o disabilita gli indicatori visivi delle Specializzazioni.",
    "shavehud_infopanels_buff_gageboosts_options_name": "Boost di Gage",
    "shavehud_infopanels_buff_gageboosts_options_help": "Abilita o disabilita gli indicatori visivi dei Boost di Gage.",
    "shavehud_infopanels_buff_henchmen_options_name": "Abilità Squadra",
    "shavehud_infopanels_buff_henchmen_options_help": "Abilita o disabilita gli indicatori visivi delle abilità della squadra.",
    "shavehud_hudlist_show_buffs_title": "Mostra Buffs",
    "shavehud_hudlist_show_buffs_desc": "Mostra i buff attivi al centro in basso sullo schermo.",
    "shavehud_hudlist_damage_increase_compbuff_title": "Buff Aumento Danni",
    "shavehud_hudlist_damage_increase_compbuff_desc": "Oggetto buff composito, mostra il valore aggiuntivo delle abilità che aumentano i danni.",
    "shavehud_hudlist_damage_reduction_compbuff_title": "Buff Riduzione Danni",
    "shavehud_hudlist_damage_reduction_compbuff_desc": "Oggetto buff composito, mostra il valore aggiuntivo delle abilità che riducono i danni.",
    "shavehud_hudlist_melee_damage_increase_compbuff_title": "Buff Aumento Danni Corpo a Corpo",
    "shavehud_hudlist_melee_damage_increase_compbuff_desc": "Oggetto buff composito, mostra il valore aggiuntivo delle abilità che aumentano i danni corpo a corpo.",
    "shavehud_hudlist_passive_health_regen_compbuff_title": "Rigenerazione Passiva Salute",
    "shavehud_hudlist_passive_health_regen_compbuff_desc": "Oggetto composito buff, mostra il valore aggiuntivo delle abilità di cura passiva.",
    "shavehud_hudlist_total_dodge_chance_compbuff_title": "Probabilità di Dodge Totale",
    "shavehud_hudlist_total_dodge_chance_compbuff_desc": "Oggetto composito buff, mostra il valore aggiuntivo delle abilità di dodge.",
    "shavehud_hudlist_aggressive_reload_aced_buff_title": "Ricarica Aggressiva",
    "shavehud_hudlist_aggressive_reload_aced_buff_desc": "",
    "shavehud_hudlist_ammo_efficiency_buff_title": "Efficienza Munizioni",
    "shavehud_hudlist_ammo_efficiency_buff_desc": "",
    "shavehud_hudlist_armor_break_invulnerable_buff_title": "Blitzkrieg Bop (Anarchico)",
    "shavehud_hudlist_armor_break_invulnerable_buff_desc": "",
    "shavehud_hudlist_berserker_buff_title": "Berserker",
    "shavehud_hudlist_berserker_buff_desc": "Parte di Buff composti.",
    "shavehud_hudlist_biker_buff_title": "Debuff Rigen (Motociclista)",
    "shavehud_hudlist_biker_buff_desc": "",
    "shavehud_hudlist_bloodthirst_basic_buff_title": "Assetato di Sangue (Base)",
    "shavehud_hudlist_bloodthirst_basic_buff_desc": "Parte di Buff composti.",
    "shavehud_hudlist_bloodthirst_aced_buff_title": "Sete di Sangue (Asso)",
    "shavehud_hudlist_bloodthirst_aced_buff_desc": "",
    "shavehud_hudlist_bullet_storm_buff_title": "Tempesta di Proiettili",
    "shavehud_hudlist_bullet_storm_buff_desc": "",
    "shavehud_hudlist_close_contact_buff_title": "Contatto Ravvicinato (Infiltrato)",
    "shavehud_hudlist_close_contact_buff_desc": "Parte di buff compositi.",
    "shavehud_hudlist_combat_medic_buff_title": "Medico da Combattimento (Attivo)",
    "shavehud_hudlist_combat_medic_buff_desc": "Parte di Buff compositi.",
    "shavehud_hudlist_combat_medic_passive_buff_title": "Medico da Combattimento (Passivo)",
    "shavehud_hudlist_combat_medic_passive_buff_desc": "Parte di Buff compositi.",
    "shavehud_hudlist_desperado_buff_title": "Desperados",
    "shavehud_hudlist_desperado_buff_desc": "",
    "shavehud_hudlist_die_hard_buff_title": "Duro da Morire",
    "shavehud_hudlist_die_hard_buff_desc": "Parte di Buff compositi.",
    "shavehud_hudlist_dire_need_buff_title": "Necessità Assoluta",
    "shavehud_hudlist_dire_need_buff_desc": "",
    "shavehud_hudlist_frenzy_buff_title": "Frenzy",
    "shavehud_hudlist_frenzy_buff_desc": "Parte di Buff compositi.",
    "shavehud_hudlist_grinder_buff_title": "Rigen Salute (Attaccante)",
    "shavehud_hudlist_grinder_buff_desc": "",
    "shavehud_hudlist_chico_injector_buff_title": "Durata Iniettore (Signore della Droga)",
    "shavehud_hudlist_chico_injector_buff_desc": "",
    "shavehud_hudlist_damage_control_debuff_title": "Durata Fiaschetta (Stoico)",
    "shavehud_hudlist_damage_control_debuff_desc": "",
    "shavehud_hudlist_delayed_damage_buff_title": "Danno Ritardato (Stoico)",
    "shavehud_hudlist_delayed_damage_buff_desc": "",
    "shavehud_hudlist_hostage_situation_buff_title": "Situazione con Ostaggi (Capo regime)",
    "shavehud_hudlist_hostage_situation_buff_desc": "Parte di buff compositi.",
    "shavehud_hudlist_hostage_taker_buff_title": "Prendi Ostaggi",
    "shavehud_hudlist_hostage_taker_buff_desc": "",
    "shavehud_hudlist_inspire_buff_title": "Ispirazione (Boost)",
    "shavehud_hudlist_inspire_buff_desc": "",
    "shavehud_hudlist_lock_n_load_buff_title": "Carico e Pronto",
    "shavehud_hudlist_lock_n_load_buff_desc": "",
    "shavehud_hudlist_melee_stack_damage_buff_title": "Danno cumulativo corpo a corpo (Infiltrato)",
    "shavehud_hudlist_melee_stack_damage_buff_desc": "Parte di buff compositi.",
    "shavehud_hudlist_maniac_buff_title": "Riduzione Danni (Maniaco)",
    "shavehud_hudlist_maniac_buff_desc": "",
    "shavehud_hudlist_muscle_regen_buff_title": "Rigen Salute (Braccio Destro)",
    "shavehud_hudlist_muscle_regen_buff_desc": "",
    "shavehud_hudlist_messiah_buff_title": "Messia",
    "shavehud_hudlist_messiah_buff_desc": "",
    "shavehud_hudlist_overdog_buff_title": "Overdog (Infiltratore)",
    "shavehud_hudlist_overdog_buff_desc": "",
    "shavehud_hudlist_overkill_buff_title": "Overkill",
    "shavehud_hudlist_overkill_buff_desc": "Parte di Buff compositi.",
    "shavehud_hudlist_painkiller_buff_title": "Antidolorifici",
    "shavehud_hudlist_painkiller_buff_desc": "Parte di Buff compositi.",
    "shavehud_hudlist_partner_in_crime_buff_title": "Partner nel Crimine",
    "shavehud_hudlist_partner_in_crime_buff_desc": "Parte di Buff compositi.",
    "shavehud_hudlist_running_from_death_buff_title": "Sfuggendo alla Morte",
    "shavehud_hudlist_running_from_death_buff_desc": "",
    "shavehud_hudlist_pocket_ecm_jammer_buff_title": "Durata Jammer Portatile (Hacker)",
    "shavehud_hudlist_pocket_ecm_jammer_buff_desc": "",
    "shavehud_hudlist_pocket_ecm_kill_dodge_buff_title": "Dodge Jammer Portatile (Hacker)",
    "shavehud_hudlist_pocket_ecm_kill_dodge_buff_desc": "Parte di buff compositi.",
    "shavehud_hudlist_quick_fix_buff_title": "Sistemazione Rapida",
    "shavehud_hudlist_quick_fix_buff_desc": "Parte di Buff compositi.",
    "shavehud_hudlist_second_wind_buff_title": "Seconda Chance",
    "shavehud_hudlist_second_wind_buff_desc": "",
    "shavehud_hudlist_sixth_sense_buff_title": "Sesto Senso",
    "shavehud_hudlist_sixth_sense_buff_desc": "",
    "shavehud_hudlist_sicario_dodge_buff_title": "Dodge Aggiuntivo (Sicario)",
    "shavehud_hudlist_sicario_dodge_buff_desc": "",
    "shavehud_hudlist_smoke_screen_buff_title": "Granata Fumogena (Sicario)",
    "shavehud_hudlist_smoke_screen_buff_desc": "",
    "shavehud_hudlist_tag_team_buff_title": "Dispenser di Gas (Coppia)",
    "shavehud_hudlist_tag_team_buff_desc": "",
    "shavehud_hudlist_swan_song_buff_title": "Canto del Cigno",
    "shavehud_hudlist_swan_song_buff_desc": "",
    "shavehud_hudlist_tooth_and_claw_buff_title": "Denti e Artigli (Assassino)",
    "shavehud_hudlist_tooth_and_claw_buff_desc": "",
    "shavehud_hudlist_trigger_happy_buff_title": "Grilletto Facile",
    "shavehud_hudlist_trigger_happy_buff_desc": "Parte di Buff compositi.",
    "shavehud_hudlist_underdog_buff_title": "Underdog",
    "shavehud_hudlist_underdog_buff_desc": "Parte di Buff compositi.",
    "shavehud_hudlist_unseen_strike_buff_title": "Colpo dal Nulla",
    "shavehud_hudlist_unseen_strike_buff_desc": "",
    "shavehud_hudlist_up_you_go_buff_title": "Alzati e Cammina",
    "shavehud_hudlist_up_you_go_buff_desc": "Parte di buff compositi.",
    "shavehud_hudlist_uppers_buff_title": "Uppers",
    "shavehud_hudlist_uppers_buff_desc": "",
    "shavehud_hudlist_yakuza_buff_title": "Velocità Rigen Armatura (Yakuza)",
    "shavehud_hudlist_yakuza_buff_desc": "",
    "shavehud_hudlist_anarchist_armor_recovery_debuff_title": "Voglia di vivere (Anarchico)",
    "shavehud_hudlist_anarchist_armor_recovery_debuff_desc": "",
    "shavehud_hudlist_ammo_give_out_debuff_title": "Debuff ricezione munizioni (Scommettitore)",
    "shavehud_hudlist_ammo_give_out_debuff_desc": "",
    "shavehud_hudlist_bullseye_debuff_title": "Debuff Occhio di Falco",
    "shavehud_hudlist_bullseye_debuff_desc": "",
    "shavehud_hudlist_inspire_debuff_title": "Debuff Boost Ispirazione",
    "shavehud_hudlist_inspire_debuff_desc": "",
    "shavehud_hudlist_inspire_revive_debuff_title": "ebuff Rianimazione di Ispirazione",
    "shavehud_hudlist_inspire_revive_debuff_desc": "",
    "shavehud_hudlist_life_drain_debuff_title": "Debuff Risucchia Vita (Infiltrato)",
    "shavehud_hudlist_life_drain_debuff_desc": "",
    "shavehud_hudlist_medical_supplies_debuff_title": "Debuff Rifornimenti medici (Scommettitore)",
    "shavehud_hudlist_medical_supplies_debuff_desc": "",
    "shavehud_hudlist_sociopath_debuff_title": "Debuff Rigen (Sociopatico)",
    "shavehud_hudlist_sociopath_debuff_desc": "",
    "shavehud_hudlist_armorer_teambuff_title": "buff di Squadra Armatura (Armatura)",
    "shavehud_hudlist_armorer_teambuff_desc": "",
    "shavehud_hudlist_bulletproof_teambuff_title": "Buff di Squadra Antiproiettile",
    "shavehud_hudlist_bulletproof_teambuff_desc": "",
    "shavehud_hudlist_crew_chief_teambuff_title": "buff di Squadra statistiche aumentate (Caporegime)",
    "shavehud_hudlist_crew_chief_teambuff_desc": "Parte di buff copositi.",
    "shavehud_hudlist_forced_friendship_teambuff_title": "Buff di Squadra Amicizia Forzata",
    "shavehud_hudlist_forced_friendship_teambuff_desc": "",
    "shavehud_hudlist_life_steal_gage_debuff_title": "Ruba Vita",
    "shavehud_hudlist_life_steal_gage_debuff_desc": "",
    "shavehud_hudlist_invulnerable_gage_buff_title": "Invulnerabilità",
    "shavehud_hudlist_invulnerable_gage_buff_desc": "",
    "shavehud_hudlist_crew_inspire_debuff_title": "Ispirazione",
    "shavehud_hudlist_crew_inspire_debuff_desc": "",
    "shavehud_hudlist_crew_throwable_regen_buff_title": "Accumulatore",
    "shavehud_hudlist_crew_throwable_regen_buff_desc": "",
    "shavehud_hudlist_crew_health_regen_buff_title": "Curatore",
    "shavehud_hudlist_crew_health_regen_buff_desc": "",
    "shavehud_waypoints_options_name": "Opzioni Segnalini Personalizzati",
    "shavehud_waypoints_options_help": "Opzioni per controllare i segnalini personalizzati.",
    "shavehud_waypoints_color_title": "Colore Segnalini",
    "shavehud_waypoints_color_desc": "Il colore dei segnalini di missione base.",
    "shavehud_waypoints_show_ammo_bag_title": "Mostra Borse di Munizioni",
    "shavehud_waypoints_show_ammo_bag_desc": "Mostra Segnalini per le Borse di Munizioni, e ti dice la percentuale rimanente.",
    "shavehud_waypoints_show_doc_bag_title": "Mostra Kit Medici",
    "shavehud_waypoints_show_doc_bag_desc": "Mostra Segnalini per i Kit Medici, e ti dice la percentuale rimanente.",
    "shavehud_waypoints_show_first_aid_kit_title": "Mostra Kit di Pronto Soccorso",
    "shavehud_waypoints_show_first_aid_kit_desc": "Mostra Segnalini per i Kit di Pronto Soccorso, e mostra gli effetti delle abilità.",
    "shavehud_waypoints_show_body_bag_title": "Mostra Borse per cadaveri",
    "shavehud_waypoints_show_body_bag_desc": "Mostra Segnalini per le borse per cadaveri, e ti dice quante borse contiene ancora.",
    "shavehud_waypoints_show_grenade_crate_title": "Mostra valigette per Granate",
    "shavehud_waypoints_show_grenade_crate_desc": "Mostra Segnalini per le Valigette per Granate, e ti dice quante granate rimangono.",
    "shavehud_waypoints_show_sentries_title": "Mostra Torrette Automatiche",
    "shavehud_waypoints_show_sentries_desc": "Mostra Segnalini per le torrette automatiche, e ti dice quante munizioni hanno ancora.",
    "shavehud_waypoints_show_ecms_title": "Mostra Jammer",
    "shavehud_waypoints_show_ecms_desc": "Mostra Segnalini per i jammer, e ti dice quanta batteria rimane e la durata del feedback.",
    "shavehud_waypoints_show_timers_title": "Mostra Timers",
    "shavehud_waypoints_show_timers_desc": "Mostra Segnalini per i timer, e ti mostra il tempo rimanente e le relative migliorie.",
    "shavehud_waypoints_show_loot_title": "Mostra Bottino",
    "shavehud_waypoints_show_loot_desc": "Mostra il nome del tipo di bottino sopra di esso, quando ci guardi vicino.",
    "shavehud_waypoints_loot_icon_title": "Icona Borsone",
    "shavehud_waypoints_loot_icon_desc": "Mostra l'immagine di un borsone vicino al bottino messo dentro delle borse.",
    "shavehud_waypoints_loot_offset_title": "Dislivello",
    "shavehud_waypoints_loot_offset_desc": "Seleziona il dislivello per il testo sopra il bottino.",
    "shavehud_waypoints_loot_bagged_offset_title": "Dislivello borsoni",
    "shavehud_waypoints_loot_bagged_offset_desc": "Seleziona il dislivello per il testo sopra al bottino dentro ai borsoni.",
    "shavehud_waypoints_loot_angle_title": "Angolo Visibile",
    "shavehud_waypoints_loot_angle_desc": "Imposta a quale angolazione è visibile il testo.",
    "shavehud_waypoints_show_special_equipment_title": "Mostra Oggetti Speciali",
    "shavehud_waypoints_show_special_equipment_desc": "Mostra segnalini per differenti tipi di equipaggiamento. Ottimo per imparare tutti i luoghi velocemente.",
    "shavehud_waypoints_show_minions_title": "Mostra Minion",
    "shavehud_waypoints_show_minions_desc": "Mostra nome dei Minion sopra la loro testa, nel colore del giocatore che lo ha convertito.\nMostra anche il contatore di uccisioni.",
    "shavehud_waypoints_show_pager_title": "Mostra Cerca persone",
    "shavehud_waypoints_show_pager_desc": "Mostra un segnalino per i cerca persone attivi. Il suo colore cambia, quando qualcuno sta risponendo.",
    "shavehud_tabstats_options_name": "Opzioni di TabStats",
    "shavehud_tabstats_options_help": "Configura l'aspetto del tuo Tabscreen .",
    "shavehud_tabstats_clock_mode_title": "Orologio",
    "shavehud_tabstats_clock_mode_desc": "Quale modalità deve usare l'orologio?",
    "shavehud_tabstats_clock_mode_a": "12 ore",
    "shavehud_tabstats_clock_mode_b": "24 ore",
    "shavehud_tabstats_clock_mode_c": "Ora rapina",
    "shavehud_use_tabstats_title": "Usa TabStats",
    "shavehud_use_tabstats_desc": "Mostra your Statistics on Tab Screen instead, of the Mission briefing.\n(A Map change is needed to apply...)",
    "shavehud_tabstats_font_size_title": "Dimensione Font della Lista",
    "shavehud_tabstats_font_size_desc": "Dimensione Font per la lista delle statistiche avanzate.",
    "shavehud_tabstats_color_title": "Colore Lista",
    "shavehud_tabstats_color_desc": "Colora la lista delle statistiche avanzate.",
    "shavehud_tabstats_actual_mask_title": "Usa la maschera indossata",
    "shavehud_tabstats_actual_mask_desc": "Usa la maschera indossata invece di quella personale del personaggio che stai usando.",
    "shavehud_tabstats_numeric_loot_title": "Contatore Bottino Numerico",
    "shavehud_tabstats_numeric_loot_desc": "Disabilita il mini gioco del conteggio dei borsoni e mostra immediatamente il numero.",
    "shavehud_crewloadout_options_name": "Opzioni Equipaggiamento Squadra",
    "shavehud_crewloadout_options_help": "Scegli da dove vuoi prendere le informazioni su che armatura e abilità i tuoi compagni stanno portando.",
    "shavehud_crewloadout_lobby_title": "Mostra nella Lobby",
    "shavehud_crewloadout_lobby_desc": "Aggiunge un tasto alla tua lobby, che può mostrare l'equipaggiamento della tua squadra.",
    "shavehud_crewloadout_cs_lobby_title": "Mostra nella Lobby di Serie Criminale",
    "shavehud_crewloadout_cs_lobby_desc": "Aggiunge una nuova tabella vicino ai modificatori e alle ricompense nella lobby di serie criminale.",
    "shavehud_crewloadout_briefing_title": "Sostituisci nella preparazione",
    "shavehud_crewloadout_briefing_desc": "Sostituisce l'equipaggiamento di base della squadra nel pannello di preparazione alla missione.",
    "shavehud_crewloadout_tabscreen_title": "Mostra sul Tabscreen",
    "shavehud_crewloadout_tabscreen_desc": "Mostra le abilità, specializzazione e ping attuale dei giocatori nella tua lobby. \n(Disabilitato se usi questa funzionalità di LobbyPlayerInfo)",
    "shavehud_profilemenu_replace_title": "Sostituisci Profili del Menu",
    "shavehud_profilemenu_replace_desc": "Sostituisce il selezionatore di profili base con quello più avanzato di ShaveHUD.",
    "shavehud_dmgindicator_options_name": "Indicatore Danni",
    "shavehud_dmgindicator_options_help": "Imposta il tempo di sparizione, dimensione e colore degli indicatore di danni.",
    "shavehud_show_dmg_indicator_title": "Indicatore Danni Dinamico",
    "shavehud_show_dmg_indicator_desc": "Trasforma i 4 indicatori di danno statici in più indicatori dinamici, che si muovono in basse alla tua posizione e da dove proviene la fonte del danno.",
    "shavehud_dmg_ind_time_title": "Durata Indicatore",
    "shavehud_dmg_ind_time_desc": "Determina per quanto tempo verrà mostrato l'indicatore.",
    "shavehud_dmg_ind_size_title": "Dimensione Indicatore",
    "shavehud_dmg_ind_size_desc": "Determina la dimensione del cerchio, su cui intorno sono piazzati gli indicatori.",
    "shavehud_dmg_indicator_max_count_title": "Numero Massimo di Indicatori",
    "shavehud_dmg_indicator_max_count_desc": "Specifica il numero massimo di indicatori di danno sullo schermo.",
    "shavehud_dmg_shield_color_title": "Colore Armatura",
    "shavehud_dmg_shield_color_desc": "Colore dell'indicatore, quando subisci danni solo all'armatura.",
    "shavehud_dmg_health_color_title": "Colore Salute",
    "shavehud_dmg_health_color_desc": "Colore dell'indicatore, quando perdi salute.",
    "shavehud_dmg_crit_color_title": "Colore Salute Bassa",
    "shavehud_dmg_crit_color_desc": "Colore dell'indicatore, quando la tua salute è bassa.",
    "shavehud_dmg_vehicle_color_title": "Colore Veicolo",
    "shavehud_dmg_vehicle_color_desc": "Colore dell'indicatore, quando stanno colpendo il tuo veicolo.",
    "shavehud_dmg_friendlyfire_color_title": "Colore Fuoco Amico",
    "shavehud_dmg_friendlyfire_color_desc": "Colore dell'indicatore, quando vieni colpito dal fuoco amico o da esplosivi.",
    "shavehud_dmgpopup_options_name": "Popup Danno Nemici",
    "shavehud_dmgpopup_options_help": "Spunta un Popup vicino alla testa del nemico, mostrando il danno subito.",
    "shavehud_show_dmg_popup_title": "Mostra Popup Danno",
    "shavehud_show_dmg_popup_desc": "Abilita il popup del danno.",
    "shavehud_dmg_popup_player": "Giocatore",
    "shavehud_dmg_popup_all": "Tutti",
    "shavehud_dmg_popup_scale_title": "Dimensione Popup",
    "shavehud_dmg_popup_scale_desc": "Cambia la dimensione dei popup danni.",
    "shavehud_dmg_popup_skull_scale_title": "Dimensione teschio",
    "shavehud_dmg_popup_skull_scale_desc": "Cambia le dimensioni dell'icona del teschio quando si effettua un'uccisione.",
    "shavehud_dmg_popup_skull_align_title": "Allineamento teschio",
    "shavehud_dmg_popup_skull_align_desc": "Cambia l'allineamento del teschio quando si effettua un'uccisione.",
    "shavehud_dmg_popup_time_title": "Durata popup",
    "shavehud_dmg_popup_time_desc": "Determina quanto rimarrà su schermo il popup.",
    "shavehud_dmg_popup_height_title": "Altezza Popup",
    "shavehud_dmg_popup_height_desc": "Determina quanto in alto rispetto alla testa del nemico, renderizzerà il popup.",
    "shavehud_dmg_popup_alpha_title": "Opacità popup",
    "shavehud_dmg_popup_alpha_desc": "Seleziona l'opacità del popup.",
    "shavehud_dmg_popup_color_title": "Colore popup Colpo al Corpo",
    "shavehud_dmg_popup_color_desc": "Seleziona il colore del popup in caso di colpi al corpo",
    "shavehud_dmg_popup_critical_color_title": "Colore popup Critico",
    "shavehud_dmg_popup_critical_color_desc": "Seleziona il colore del popup in caso di colori critici.",
    "shavehud_dmg_popup_headshot_color_title": "Colore popup Colpi alla testa",
    "shavehud_dmg_popup_headshot_color_desc": "Seleziona il colore dei popup per i colpi alla testa.",
    "shavehud_enemyhealthbar_options_name": "Barra della Salute nemica",
    "shavehud_enemyhealthbar_options_help": "Imposta quali nemici devono avere la barra della salute.",
	"shavehud_show_floatinghealthbar_title": "Show Floating Enemy Healthbar",
	"shavehud_show_floatinghealthbar_desc": "Display Floating Enemy Healthbar, when aiming at an enemy.",
	"shavehud_fhb_custom_fix_title": "Custom Health Texture Fix",
	"shavehud_fhb_custom_fix_desc": "Fixes rendering of custom health textures. Toggle on/off if the FHB health texture's size seems wrong.",
    "shavehud_show_enemyhealthbar_title": "Mostra Barra della Salute nemica",
    "shavehud_show_enemyhealthbar_desc": "Mostra barra della salute nemica in alto al centro, quando miri ad un nemico.\n(Riavvio della mappa necessario per applicare le modifiche...)",
    "shavehud_show_civhealthbar_title": "Barra della Salute Civili",
    "shavehud_show_civhealthbar_desc": "Mostra la barra della salute anche per i Civili e la IA di squadra.",
    "shavehud_show_carhealthbar_title": "Mostra barra della Salute Veicolo",
    "shavehud_show_carhealthbar_desc": "Mostra Barra della Salute per i veicoli guidabili.",
    "shavehud_show_healthbar_pointer_title": "Mostra Puntatore",
    "shavehud_show_healthbar_pointer_desc": "Mostra una Freccia sotto la salute, nella direzione del proprietario della barra.",
    "shavehud_interaction_options_name": "Opzioni Interazione",
    "shavehud_interaction_options_help": "Scegli le tue impostazioni di interazione preferite.",
    "shavehud_press2hold_lock_mode_title": "Modalità Blocco",
    "shavehud_press2hold_lock_mode_desc": "Blocca, quando sta eseguendo un interazione per più di X secondi. (Progresso)\nBlocca, la durata totale dell'interazione è più di X secondi. (Totale)",
    "shavehud_press2hold_lock_mode_a": "Progresso",
    "shavehud_press2hold_lock_mode_b": "Totale",
    "shavehud_press2hold_lock_mode_c": "Cerca persone+serrature",
    "shavehud_press2hold_lock_mode_d": "Solo cerca persone",
    "shavehud_press2hold_min_timer_duration_title": "Durata Timer min.",
    "shavehud_press2hold_min_timer_duration_desc": "La durata minima del timer per bloccare.",
    "shavehud_press2hold_show_lockindicator_title": "Mostra Indicatore Blocco",
    "shavehud_press2hold_show_lockindicator_desc": "Mostra un cerchio trasparente rosso/verde, per indicare se l'azione è bloccata oppure no.",
    "shavehud_press2hold_equipment_cancel_title": "Equipaggiamento Interrotto",
    "shavehud_press2hold_equipment_cancel_desc": "Interrompi un interazione non bloccabile con il tasto degli equipaggiabili.\n(Altrimenti premendo lo stesso tasto di interazione.)",
    "shavehud_press2hold_interrupt_hint_title": "Mostra Suggerimento Interruzione",
    "shavehud_press2hold_interrupt_hint_desc": "Mostra un suggerimento per ricordarti, quale tasto interromperà l'azione.",
    "shavehud_press2hold_show_timer_title": "Mostra tempo rimanente",
    "shavehud_press2hold_show_timer_desc": "Mostra il tempo d'interazione rimanente dentro al cerchio.",
    "shavehud_press2hold_show_circle_title": "Mostra Cerchio di Interazione",
    "shavehud_press2hold_show_circle_desc": "Determina se il cerchio d'interazione standard debba essere mostrato.",
    "shavehud_press2hold_circle_scale_title": "Dimensione Cerchio",
    "shavehud_press2hold_circle_scale_desc": "Dimensione del cerchio d'interazione.",
    "shavehud_press2hold_timer_scale_title": "Dimensione timer",
    "shavehud_press2hold_timer_scale_desc": "Dimensione del timer centrale (Tiene conto della dimensione del cerchio).",
    "shavehud_press2hold_text_scale_title": "Dimensione Testo",
    "shavehud_press2hold_text_scale_desc": "Dimensione del testo d'interazione sotto al cerchio.",
    "shavehud_press2hold_show_reload_circle_title": "Mostra tempo di ricarica",
    "shavehud_press2hold_show_reload_circle_desc": "Determina se mostrare la ricarica dell'arma come se fosse una interazione.",
    "shavehud_press2hold_show_melee_circle_title": "Mostra carica dell'arma corpo a corpo",
    "shavehud_press2hold_show_melee_circle_desc": "Determina se mostrare la carica delle armi corpo a corpo come se fosse un'interazione.",
    "shavehud_press2hold_timer_color_start_title": "Colore Timer (Inizio)",
    "shavehud_press2hold_timer_color_start_desc": "Colore del timer quando inizi una interazione.",
    "shavehud_press2hold_timer_color_title": "Colore Timer (Fine)",
    "shavehud_press2hold_timer_color_desc": "Colore del timer quando raggiunge la conclusione dell'interazione.",
    "shavehud_press2hold_show_timer_outline_title": "Contorno nero",
    "shavehud_press2hold_show_timer_outline_desc": "Mostra un contorno intorno al testo del tempo rimanente.",
    "shavehud_doubletap_nades_stealth_title": "Sicura anti-granate in furtiva",
    "shavehud_doubletap_nades_stealth_desc": "Se selezionato, dovrai premere due volte il tasto per le granate durante la fase stealth. \nServe solo per prevenire incidenti.",
    "shavehud_hold_to_pick_title": "Raccoglimento automatico",
	"shavehud_hold_to_pick_desc": "Automatically pick up small loot.",
	"shavehud_press_to_mask_title": "Press to Mask Up",
	"shavehud_press_to_mask_desc": "When checked, you only have to press (rather than hold) to mask up.",
    "shavehud_inventory_options_name": "Opzioni di miglioramento dell'inventario",
    "shavehud_inventory_options_help": "Opzioni per cambiare la visualizzazione del tuo inventario e alterare il comportamento del tuo equipaggiamento nello stesso.",
    "shavehud_equipment_senty_auto_ap_title": "Sentinella Automatica Mod-PA",
    "shavehud_equipment_senty_auto_ap_desc": "Le sentinelle spawneranno con i proiettili per perforare l'armatura, se hai l'abilità necessaria.",
    "shavehud_equipment_tripmine_auto_sensor_stealth_title": "Mine in Modalità Sensore",
    "shavehud_equipment_tripmine_auto_sensor_stealth_desc": "Le Mine spawneranno in modalità sensore, mentre sei in furtiva.",
    "shavehud_equipment_ecm_feedback_disabled_stealth_title": "Sicura per i Feedback dei Jammer",
    "shavehud_equipment_ecm_feedback_disabled_stealth_desc": "Durante la modalità furtiva il feedback del jammer verrà silenziato.",
    "shavehud_equipment_shaped_charge_disabled_stealth_title": "Sicura per le cariche cave",
    "shavehud_equipment_shaped_charge_disabled_stealth_desc": "Se selezionato, devi premere due volte per piazzare delle cariche cave in furtiva. \nServe solo per prevenire incidenti.",
    "shavehud_equipment_keycard_doors_disabled_title": "Sicura per le Schede d'accesso",
    "shavehud_equipment_keycard_doors_disabled_desc": "Quando selezionato, devi cliccare due volte per chiudere le porte ne 'L'evasione di Hoxton - Giorno 2'. \nServe solo per prevenire incidenti.",
    "shavehud_override_fedinv": "Abilita Federal Inventory",
    "shavehud_override_fedinv_desc": "Abilita le icone per l'inventario colorate.\nRichiede il riavvio del gioco.",
    "shavehud_gadget_options_name": "Opzioni accessori Arma",
    "shavehud_gadget_options_help": "Specifica il colore personalizzato del tuo laser.",
    "shavehud_laser_autoon_title": "Laser Attivo Automaticamente",
    "shavehud_laser_autoon_desc": "Accende automaticamente il laser appena si tira fuori l'arma, sulle armi che lo hanno montato.",
    "shavehud_show_angled_sight_title": "Mostra Mirino Angolato",
    "shavehud_show_angled_sight_desc": "Gira leggermente l'arma nelle tue mani, mentre il mirino angolato è attivo.",
    "shavehud_gadget_player_laser_options_name": "Laser Giocatore",
    "shavehud_gadget_player_laser_options_help": "Impostazione per il tuo laser.",
    "shavehud_gadget_player_sentry_laser_options_name": "Opzioni torrette automatiche del giocatore",
    "shavehud_gadget_player_sentry_laser_options_help": "Impostazioni per i laser delle tue torrette automatiche.",
    "shavehud_gadget_team_laser_options_name": "Laser della Squadra",
    "shavehud_gadget_team_laser_options_help": "Impostazioni per i laser della squadra.",
    "shavehud_gadget_team_sentry_laser_options_name": "Laser Torrette automatiche della Squadra",
    "shavehud_gadget_team_sentry_laser_options_help": "Impostazioni per i laser delle torrette automatiche della Squadra.",
    "shavehud_gadget_sniper_laser_options_name": "Laser dei Cecchini",
    "shavehud_gadget_sniper_laser_options_help": "Impostazioni per i laser dei cecchini nemici.",
    "shavehud_gadget_turret_laser_active_options_name": "Laser Torretta (Attiva)",
    "shavehud_gadget_turret_laser_active_options_help": "Impostazioni del laser per le torrette SWAT attive.",
    "shavehud_gadget_turret_laser_rearming_options_name": "Laser Torretta (In Ricarica)",
    "shavehud_gadget_turret_laser_rearming_options_help": "Impostazioni del laser per le torrette SWAT in ricarica.",
    "shavehud_gadget_turret_laser_mad_options_name": "Laser Torretta (Impazzita)",
    "shavehud_gadget_turret_laser_mad_options_help": "Impostazioni del laser per le torrette SWAT colpite dall'effetto di un jammer.",
    "shavehud_gadget_player_flashlight_options_name": "Torcia Giocatore",
    "shavehud_gadget_player_flashlight_options_help": "Impostazioni per la tua torcia.",
    "shavehud_gadget_team_flashlight_options_name": "Torcia Compagni di Squadra",
    "shavehud_gadget_team_flashlight_options_help": "Impostazioni per le torce dei tuoi compagni di squadra.",
    "shavehud_gadgets_enabled_title": "Sovrascrivi Colore",
    "shavehud_gadgets_enabled_desc": "Usa questa definizione invece dell'impostazione salvata.",
    "shavehud_gadgets_beam_r_title": "Raggio Laser (R)",
    "shavehud_gadgets_beam_r_desc": "Componente Rossa del colore del laser.",
    "shavehud_gadgets_beam_g_title": "Raggio Laser (G)",
    "shavehud_gadgets_beam_g_desc": "Componente Verde del colore del laser.",
    "shavehud_gadgets_beam_b_title": "Raggio Laser (B)",
    "shavehud_gadgets_beam_b_desc": "Componente Blu del colore del laser.",
    "shavehud_gadgets_beam_a_title": "Alpha Raggio Laser",
    "shavehud_gadgets_beam_a_desc": "Opacità del raggio laser.",
    "shavehud_gadgets_dot_match_title": "Colore Punto uguale",
    "shavehud_gadgets_dot_match_desc": "Determina, se il colore del punto laser deve essere uguale a quello del raggio laser.",
    "shavehud_gadgets_dot_r_title": "Punto Laser (R)",
    "shavehud_gadgets_dot_r_desc": "Componente Rossa del punto laser.",
    "shavehud_gadgets_dot_g_title": "Punto Laser (G)",
    "shavehud_gadgets_dot_g_desc": "Componente Verde del punto laser.",
    "shavehud_gadgets_dot_b_title": "Punto Laser (B)",
    "shavehud_gadgets_dot_b_desc": "Componente blu del punto laser.",
    "shavehud_gadgets_dot_a_title": "Alpha Punto Laser",
    "shavehud_gadgets_dot_a_desc": "Opacità del punto laser.",
    "shavehud_gadgets_glow_match_title": "Colore Bagliore Uguale",
    "shavehud_gadgets_glow_match_desc": "Determina, se il bagliore del raggio laser deve essere uguale a quello del raggio stesso.",
    "shavehud_gadgets_glow_r_title": "Bagliore Laser (R)",
    "shavehud_gadgets_glow_r_desc": "Componente rossa del bagliore del laser.",
    "shavehud_gadgets_glow_g_title": "Bagliore Laser (G)",
    "shavehud_gadgets_glow_g_desc": "Componente verde del bagliore del laser.",
    "shavehud_gadgets_glow_b_title": "Bagliore Laser (B)",
    "shavehud_gadgets_glow_b_desc": "Componente blu del bagliore del laser.",
    "shavehud_gadgets_glow_a_title": "Alpha Bagliore Laser",
    "shavehud_gadgets_glow_a_desc": "Opacità del bagliore del laser.",
    "shavehud_gadgets_light_r_title": "Torcia (R)",
    "shavehud_gadgets_light_r_desc": "Componente rossa del colore della torcia.",
    "shavehud_gadgets_light_g_title": "Torcia (G)",
    "shavehud_gadgets_light_g_desc": "Componente verde del colore della torcia.",
    "shavehud_gadgets_light_b_title": "Torcia (B)",
    "shavehud_gadgets_light_b_desc": "Componente blu del colore della torcia.",
    "shavehud_gadgets_light_brightness_title": "Luminosità Torcia",
    "shavehud_gadgets_light_brightness_desc": "Luminosità della torcia.",
    "shavehud_gadgets_light_angle_title": "Angolazione Torcia",
    "shavehud_gadgets_light_angle_desc": "L'angolazione in cui la torcia illumina.",
    "shavehud_gadgets_light_range_title": "Raggio Torcia",
    "shavehud_gadgets_light_range_desc": "Distanza che può coprire la torcia.",
    "shavehud_gadgets_rainbow_enabled_title": "Abilita Arcobaleno",
    "shavehud_gadgets_rainbow_enabled_desc": "Abilita la modalità arcobaleno.",
    "shavehud_gadgets_rainbow_frequency_title": "Frequenza arcobaleno",
    "shavehud_gadgets_rainbow_frequency_desc": "Determina quanto velocemente l'arcobaleno cambia colore.",
    "shavehud_gadgets_pulse_enabled_title": "Abilita pulsazione",
    "shavehud_gadgets_pulse_enabled_desc": "Attiva la modalità pulsazione.",
    "shavehud_gadgets_pulse_min_title": "Pulsazioni minime",
    "shavehud_gadgets_pulse_min_desc": "Modificatore di opacità minima in uso.",
    "shavehud_gadgets_pulse_max_title": "Pulsazioni massime",
    "shavehud_gadgets_pulse_max_desc": "Modificatore di opacità massima in uso.",
    "shavehud_gadgets_pulse_frequency_title": "Frequenza Pulsazioni",
    "shavehud_gadgets_pulse_frequency_desc": "Determina il tempo che ci mette a pulsare dal moltiplicatore di opacità minimo al massimo.",
    "shavehud_skipit_options_name": "Opzione Salta",
    "shavehud_skipit_options_help": "Opzioni per saltare menu inutili e risparmiarti tempo prezioso.",
    "shavehud_assaultbanner_options_name": "opzioni barra d'assalto",
    "shavehud_assaultbanner_options_help": "Opzioni per cambiare la barra d'assalto.",
	"shavehud_create_empty_lobby_title": "Create Empty Lobby",
	"shavehud_create_empty_lobby_desc": "Create a contractless multiplayer lobby.\n(defaults to friends-only, changeable to public or private)",
	"shavehud_item_insta_custody_mod_id": "Vai in custodia",
    "shavehud_item_insta_custody_mod_desc": "Vuoi andare in custodia?",
    "shavehud_chat_insta_custody_mod_msg": "E' stata utilizzata \"Instant Custody\".",
    "shavehud_dialog_insta_custody_mod_yes": "Sì",
    "shavehud_dialog_insta_custody_mod_no": "No",
	"shavehud_autokick_cheat_mods_title": "Autokick Cheat Mods",
    "shavehud_autokick_cheat_mods_desc": "Automatically kick players using cheat mods (that can impact your gameplay)",
    "shavehud_badass_camera_title": "Badass Camera",
    "shavehud_badass_camera_desc": "Enable cinematic camera effects in main menu",
    "shavehud_bag_tilt_removal_title": "Bag Carry Tilt Removal",
    "shavehud_bag_tilt_removal_desc": "Disable the camera tilt when carrying bags",
    "shavehud_bigger_better_replaced_title": "Bigger Better Replaced",
    "shavehud_bigger_better_replaced_desc": "Replaces \"The Bigger The Better\" with \"SpecOps Suppressor\" (model only)",
    "shavehud_bullet_decapitations_title": "Bullet Dismemberment",
    "shavehud_bullet_decapitations_desc": "Improved gore effects",
    "shavehud_clear_descriptions_title": "Clear Descriptions",
    "shavehud_clear_descriptions_desc": "Improved descriptions for weapon gadgets and special ammo",
    "shavehud_correct_armor_sorting_title": "Correct Armor Sorting",
    "shavehud_correct_armor_sorting_desc": "Order armor by protection in ascending order",
    "shavehud_fix_counter_taser_title": "Counter-Taser Animation",
    "shavehud_fix_counter_taser_desc": "Restore the counter-taser animation",
    "shavehud_difficulty_animation_title": "Blackscreen Difficulty Animation",
    "shavehud_difficulty_animation_desc": "Animated difficulty indicator on blackscreen",
    "shavehud_disable_telemetry_title": "Disable Spyware",
    "shavehud_disable_telemetry_desc": "Disable the game's built-in telemetry",
    "shavehud_enable_akimbo_mode_title": "Akimbo Firemode Toggle",
    "shavehud_enable_akimbo_mode_desc": "Activate Akimbo Firemode Toggle Keybind",
    "shavehud_fix_ability_use_title": "Perkdeck Ability Use Fix",
    "shavehud_fix_ability_use_desc": "Allow using perkdeck abilities while driving or shooting",
    "shavehud_fix_auto_fire_sound_title": "Autofire Sound Fix",
    "shavehud_fix_auto_fire_sound_desc": "Prevent duplicate sound playback on single shots",
    "shavehud_fix_bot_bullet_collision_title": "Disable Bot Bullet Collision",
    "shavehud_fix_bot_bullet_collision_desc": "Allow player shots to pass through Team AI",
    "shavehud_fix_bullet_push_title": "Disable Killing Bullet Push",
    "shavehud_fix_bullet_push_desc": "Disable the killing bullet push that causes visual glitches (Shotguns and Stealth unaffected)",
    "shavehud_fix_cloaker_cam_lock_title": "Disable Cloaker Camera Lock",
    "shavehud_fix_cloaker_cam_lock_desc": "Prevents Cloakers from locking your camera",
    "shavehud_fix_correct_diff_enemies_title": "Correct Difficulty Enemies",
    "shavehud_fix_correct_diff_enemies_desc": "Prevent wrong enemies spawning",
    "shavehud_fix_crimespree_crash_loss_title": "Crimespree Crash Loss Fix",
    "shavehud_fix_crimespree_crash_loss_desc": "Prevents losing your crimespree after crashing",
    "shavehud_fix_crimespree_phalanx_spawn_limit_title": "Crimespree Phalanx Spawn Limit",
    "shavehud_fix_crimespree_phalanx_spawn_limit_desc": "Forces Phalanx Shields to adhere to spawn limits",
    "shavehud_fix_crimespree_rankspread_filter_title": "Crimespree Rank Spread Filter Fix",
    "shavehud_fix_crimespree_rankspread_filter_desc": "Fixes the Rank Spread Filter",
    "shavehud_fix_diff_check_fallback_title": "Difficulty Check Fallback Fix",
    "shavehud_fix_diff_check_fallback_desc": "Fixes scripted spawns which are broken on Mayhem/Death Sentence",
    "shavehud_fix_dozer_sprint_title": "Bulldozer Sprint Fix",
    "shavehud_fix_dozer_sprint_desc": "Prevent Bulldozers from sprinting near players, as originally intended",
    "shavehud_fix_keep_heist_outfits_title": "Keep specific heist outfits",
    "shavehud_fix_keep_heist_outfits_desc": "Override outfits if the heist has a specific one (client-side only)",
    "shavehud_fix_logical_heist_outfits_title": "Extend specific heist outfits",
    "shavehud_fix_logical_heist_outfits_desc": "Use Parka for Boiling Point, Legacy Tactical for Slaughterhouse",
    "shavehud_fix_reload_speed_boost_title": "Reload Speed Boost Fix",
    "shavehud_fix_reload_speed_boost_desc": "Allow reload speed boost affectig single reload weapons",
    "shavehud_fix_shotgun_reload_title": "Shotgun Reload Fix",
    "shavehud_fix_shotgun_reload_desc": "Fix an issue where Shotguns and similar weapons only reload one round",
    "shavehud_fix_stale_lobby_title": "Stale Lobby Contract Fix",
    "shavehud_fix_stale_lobby_desc": "Report lobby as contractless to Steam rather than the last finished heist",
    "shavehud_fixes_options_name": "Bugfix Options",
    "shavehud_hidden_dlc_title": "Hide Latest DLC ad",
    "shavehud_hidden_dlc_desc": "Hide latest DLC advertisement on main menu",
    "shavehud_hidden_updates_title": "Hide Content Updates",
    "shavehud_hidden_updates_desc": "Hide Content Updates on main menu",
    "shavehud_instant_custody_title": "Instant Custody",
    "shavehud_instant_custody_desc": "Enables menu option to go into custody voluntarily",
    "shavehud_instant_pick_gage_title": "Instant Gage Package Pickup",
    "shavehud_instant_pick_gage_desc": "Instantly pick up Gage packages",
    "shavehud_inventory_count_title": "Inventory Count",
    "shavehud_inventory_count_desc": "Display additional information for throwables and equipment",
    "shavehud_kick_friend_title": "Don't Ban Friends",
    "shavehud_kick_friend_desc": "Allow friends to rejoin your lobby after a kick",
    "shavehud_ladder_improvements_title": "Ladder Improvements",
    "shavehud_ladder_improvements_desc": "Makes ladder handling much more intuitive, see modwork.shop/23192",
    "shavehud_mask_in_outfit_screen_title": "Show Mask in outfit screen",
    "shavehud_mask_in_outfit_screen_desc": "Display your mask in outfit screen",
    "shavehud_misc_options_name": "Other Options",
    "shavehud_mod_list_lite_title": "Modlist Lite",
    "shavehud_mod_list_lite_desc": "Prevent modlist from loading icons",
    "shavehud_no_fade_title": "Disable Fade to Black",
    "shavehud_no_fade_desc": "Remove Fade to Black in main menu",
    "shavehud_no_red_lasers_title": "No Red Teammate Lasers",
    "shavehud_no_red_lasers_desc": "Replaces red teammate lasers with the default green",
    "shavehud_no_sway_title": "Disable Fake Weapon Sway",
    "shavehud_no_sway_desc": "Remove fake weapon sway when aiming down sights",
    "shavehud_no_weapon_rotation_title": "Disable Weapon Rotation",
    "shavehud_no_weapon_rotation_desc": "Remove Weapon Preview Rotation in the Blackmarket",
    "shavehud_player_blood_title": "Player Bloodsplats",
    "shavehud_player_blood_desc": "Generate bloodsplats when players are hit",
    "shavehud_redundant_card_removal_title": "Remove Redundant Cards",
    "shavehud_redundant_card_removal_desc": "Remove money and experience from the loot table",
    "shavehud_returnable_mask_components_title": "Return Mask Components",
    "shavehud_returnable_mask_components_desc": "Allow returning mask components",
    "shavehud_shield_despawn_timer_title": "Shield Despawn Timer",
    "shavehud_shield_despawn_timer_desc": "Despawn dead Shields after a timeout",
    "shavehud_shield_despawn_timer_value_title": "Despawn Timeout",
    "shavehud_shield_despawn_timer_value_desc": "Timeout in seconds for despawning dead Shields",
    "shavehud_skin_hider_title": "Hide Skins in Lobby",
    "shavehud_skin_hider_desc": "Display Infamy cards instad of skins in lobby (where applicable)",
    "shavehud_starring_title": "Blackscreen Starring",
    "shavehud_starring_desc": "Display player and character names on blackscreen",
    "shavehud_vehicle_fov_title": "Vehicle FOV",
    "shavehud_vehicle_fov_desc": "Override FOV for all vehicles",
    "shavehud_vehicle_fov_value_title": "Override Value",
    "shavehud_vehicle_fov_value_desc": "Set FOV for all vehicles to this",
	"shavehud_fix_third_person_recoil_title": "Third Person Recoil",
	"shavehud_fix_third_person_recoil_desc": "Enable firing/recoil animations for most weapons in third person"
}