{
	"menu_jowi": "윅",
	"hud_int_hold_grab_the_bag": "$INTERACT 키 를 눌러서 $BAG 를(을) 들기",
	"shavehud_dialog_force_start_title": "강제로 게임을 시작할까요?",
	"shavehud_dialog_force_start_desc": "정말로 강제로 게임을 시작하시겠습니까?\n이 기능을 잠수 플레이어, 버그걸린 로비일때만 사용해주세요.\n그리고 모든 플레이어가 무기를 바꿀 시간도 주시구요.\n\n감사합니다 :)",
	"shavehud_dialog_install_title": "설치: $NAME",
	"shavehud_dialog_install_desc": "'$NAME' 를(을) 설치하고 싶습니까?",
	"shavehud_dialog_remind_later": "다중에 다시 물어보기",
	"shavehud_dialog_install_fed_inv_desc": "Federal Inventory 는 인벤토리 아이템, 마스크 등을 풀 컬러 로 바꿔주는 모드입니다.\n 오버라이드 모드 이며, BLT 업데이터를 통해 자동으로 최신버젼을 다운로드합니다.",
	"shavehud_dialog_rename_inv_tab": "인벤토리 이름 바꾸기",
	"shavehud_dialog_rename_inv_tab_desc": "이 페이지의 인벤토리 이름을 정해주세요.",
	"shavehud_dialog_save": "저장",
	"shavehud_dialog_requires_superblt_title": "[ShaveHUD] No SuperBLT detected!",
	"shavehud_dialog_requires_superblt_desc_long": "ShaveHUD requires SuperBLT in order to work.\nSuperBLT is a fork of the BLT mod-loading hook for PAYDAY 2, with a number of major improvements. \nIt is fully backwards-compatable with regular BLT mods.\n\nYou can find further information and installation instructions here: \n$URL",
	"shavehud_dialog_requires_superblt_desc_short": "ShaveHUD is no longer compatable with regular BLT.\nPlease update to SuperBLT to continue using it.\nYou can find SuperBLT at '$URL'.",
	"shavehud_dialog_update_install_folder_title": "[ShaveHUD] Auto-Updates compromised!",
	"shavehud_dialog_update_install_folder_desc": "For automatic updates, ShaveHUD's install folder \nneeds to be named 'mods/ShaveHUD/'. \n(Currently its 'mods/$FOLDER/')",
	"shavehud_notification_disabled_override_title": "ShaveHUD: $NAME 는(은) 현재 비활성화 되있습니다.",
	"shavehud_notification_disabled_override_desc": "설정을 원하신다면 여기를 눌러주세요.",
	"shavehud_notification_restart_override_title": "ShaveHUD: $NAME 는(은) 설치가 가능합니다.",
	"shavehud_notification_restart_override_desc": "다운로드를 하기 위해서 게임을 다시 시작해 주세요.",
	"shavehud_int_locked": "$BTN_CANCEL 키 를 눌러서 취소하기",
	"shavehud_int_locked_pager": "$BTN_CANCEL 키 를 눌러서 그만두기\n(알람이 울립니다)",
	"shavehud_preplanning_save": "계획 저장",
	"shavehud_preplanning_load": "계획 불러오기",
	"shavehud_preplanning_reset": "계획 초기화",
	"shavehud_preplanning_reset_all": "모든 계획 초기화",
	"shavehud_preplanning_delete": "계획 삭제",
	"shavehud_preplanning_save_tooltip_title": "계획 저장:",
	"shavehud_preplanning_save_tooltip_desc": "당신이 산 계획을 다음에 이 미션을 다시 플레이할때 를 위해서 저장합니다.",
	"shavehud_preplanning_load_tooltip_title": "계획 불러오기:",
	"shavehud_preplanning_load_tooltip_desc": "당신이 저장한 계획을 불러올 메뉴 입니다.",
	"shavehud_preplanning_reset_tooltip_title": "계획 초기화:",
	"shavehud_preplanning_reset_tooltip_desc": "당신이 산 모든 계획, 투표를 초기화합니다.",
	"shavehud_preplanning_reset_all_tooltip_title": "모든 계획 초기화:",
	"shavehud_preplanning_reset_all_tooltip_desc": "이 방에 있는 모든 사람의 계획을 초기합니다.",
	"shavehud_preplanning_delete_tooltip_title": "저장된 계획 삭제",
	"shavehud_preplanning_delete_tooltip_desc": "당신이 저장환 계획을 삭제합니다.",
	"shavehud_preplanning_manager_title": "사전 계획 관리자",
	"shavehud_preplanning_error_no_saved_plans": "저장된 계획이 없습니다.",
	"shavehud_preplanning_error_max_plans_reached": "최대 저장할 수 있는 계획 수 를 초과했습니다.",
	"shavehud_preplanning_votes_title": "투표:",
	"shavehud_preplanning_assets_title": "에셋:",
	"shavehud_preplanning_dialog_save": "계획을 저장하시겠습니까?",
	"shavehud_preplanning_dialog_save_desc": "$계획\n\n\n저장할 계획 이름을 적어주세요.\n(이미 있는 이름일 경우 그 계획을 덮어쓰게 됩니다.)",
	"shavehud_preplanning_dialog_delete": "계획을 삭제합니까?",
	"shavehud_preplanning_dialog_delete_desc": "정말로 '$NAME' 을(를) 삭제하시겠습니까?",
	"shavehud_preplanning_msg_saved_success": "계획이 저장되었습니다.",
	"shavehud_preplanning_msg_saved_failed": "계획을 저장하는 도중에 오류가 발생하였습니다.",
	"shavehud_preplanning_msg_no_save_slot": "최대 저장할 수 있는 계획 수 를 초과했습니다.",
	"shavehud_preplanning_msg_no_current_plan": "현재 당신이 산 계획이 없어서 저장이 불가능합니다.",
	"shavehud_preplanning_msg_loaded_success": "계획 불러오기 성공.",
	"shavehud_preplanning_msg_loaded_failed": "계획을 불러오는 도중에 오류가 발생하였습니다.",
	"shavehud_preplanning_msg_loaded_partitially": "계획이 부분정도 불러와졌습니다: $ERRORMSG",
	"shavehud_preplanning_msg_loaded_missing_skill": "해당하는 스킬이 없습니다",
	"shavehud_preplanning_msg_loaded_missing_favours": "특권 포인트가 부족합니다",
	"shavehud_preplanning_msg_loaded_missing_money": "돈이 부족합니다",
	"shavehud_preplanning_msg_reseted_success": "계획이 초기화 되었습니다.",
	"shavehud_preplanning_msg_reseted_failed": "계획을 초기화 하는 도중에 오류가 발생하였습니다.",
	"shavehud_preplanning_msg_deleted_success": "계획이 삭제되었습니다.",
	"shavehud_preplanning_msg_deleted_failed": "저장된 계획을 삭제하는 도중에 오류가 발생하였습니다.",
	"shavehud_preplanning_msg_folder_creation_failed": "Failed to create folder: $FOLDER \nPlease make sure the game has the required permissions or create it manually.",
	"shavehud_preplanning_msg_file_creation_failed": "Failed to create file: $FILE \nPlease make sure the game has the required permissions or create it manually.",
	"shavehud_inv_tab_rename_hint": "탭을 더블클릭 하여 이름을 바꿉니다.",
	"shavehud_loadout_hours_played": "$HOURS 시간.",
    "shavehud_profile_switch_title": "프로필 변경",
    "shavehud_profile_switch_title_profiles": "프로필:",
	"victory_most_damage": "최다 데미지:",
	"victory_session_damage": "총 데미지:",
	"shavehud_advassault_phase_title": "습격 타입: ",
	"shavehud_advassault_spawns_title": "남은 스폰: ",
	"shavehud_advassault_time_title": "남은 시간: ",
	"shavehud_advassault_phase_anticipation": "모으는 중",
	"shavehud_advassault_phase_build": "빌드",
	"shavehud_advassault_phase_sustain": "지속",
	"shavehud_advassault_phase_fade": "페이드",
	"shavehud_advassault_time_overdue": "OVERDUE",
	"shavehud_locked_assault": "끝이 없는 습격 입니다! 최대한 빨리 탈출하십시오!",
	"shavehud_customhud_interaction_done": "완료",
	"shavehud_customhud_interaction_aborted": "취소됨",
	"shavehud_hudlist_device_timer": "타이머",
	"shavehud_hudlist_device_drill": "드릴",
	"shavehud_hudlist_device_hack": "해킹",
	"shavehud_hudlist_device_saw": "톱",
	"shavehud_hudlist_device_security": "Hacks",
	"shavehud_hudlist_device_security_bar": "Hack $CURRENT/$TOTAL",
	"shavehud_hudlist_loot_armor": "방탄복",
	"shavehud_hudlist_loot_bomb": "폭탄",
	"shavehud_hudlist_loot_weapon": "무기",
	"shavehud_hudlist_loot_diamond": "다이아몬드",
	"shavehud_hudlist_loot_evidence": "증거물",
	"shavehud_hudlist_loot_toast": "토스트",
	"shavehud_hudlist_loot_crate": "상자",
	"shavehud_hudlist_loot_toothbrush": "칫솔",
	"shavehud_hudlist_loot_bag": "가방",
	"shavehud_hudlist_loot_shoes": "신발",
	"shavehud_hudlist_loot_toy": "장난감",
	"shavehud_hudlist_loot_vr": "헤드셋",
	"shavehud_hudlist_loot_egg": "Egg",
	"shavehud_hudlist_loot_treasure": "Treasure",
	"shavehud_hudlist_showcase": "Showcase",
	"shavehud_hudlist_buff_basic": "베이직",
	"shavehud_hudlist_buff_aced": "에이스",
	"shavehud_hudlist_buff_boost": "부스트",
	"shavehud_hudlist_buff_revive": "인스파이어",
	"shavehud_hudlist_buff_crew_inspire_debuff": "인스파이어 (AI)",
	"shavehud_hudlist_buff_dmg_inc": "+데미지",
	"shavehud_hudlist_buff_dmg_dec": "-데미지",
	"shavehud_hudlist_buff_mdmg_inc": "+근접데미지",
	"shavehud_hudlist_buff_phealth_reg": "체력 리젠",
	"shavehud_hudlist_buff_tot_dodge": "회피률%",
	"shavehud_tabstats_total_damage": "총 데미지:",
	"shavehud_tabstats_tanks_killed": "불도저 사살 수:",
	"shavehud_tabstats_cloakers_killed": "클로커 사살 수:",
	"shavehud_tabstats_shields_killed": "쉴드 사살 수:",
	"shavehud_tabstats_snipers_killed": "스나이퍼 사살 수:",
	"shavehud_tabstats_tasers_killed": "테이져 사살 수:",
	"shavehud_tabstats_gensec_killed": "젠섹 사살 수:",
	"shavehud_tabstats_medic_killed": "메딕 사살 수:",
	"shavehud_tabstats_melee_kills": "근접 사살 수:",
	"shavehud_tabstats_explosion_kills": "폭팔 사살 수:",
	"shavehud_tabstats_nonspecial_kills": "일반경찰 사살 수:",
	"shavehud_tabstats_total_kills": "Total Kills:",
	"shavehud_tabstats_total_revives": "총 살려낸 팀원 (플레이어/봇):",
	"shavehud_tabstats_alltime_stat": "합계:",
	"shavehud_enemy_civilian": "시민",
	"shavehud_enemy_mariachi": "Mariachi Band Member",
	"shavehud_enemy_gangster": "갱스터",
	"shavehud_enemy_biker": "바이커",
	"shavehud_enemy_bolivian_security_mex": "Coyopa Security",
	"shavehud_enemy_bolivian_security": "소사 경비원",
	"shavehud_enemy_bolivian_thug": "소사 암살자",
	"shavehud_enemy_mobster": "러시안 몹스터",
	"shavehud_enemy_security": "경비원",
	"shavehud_enemy_gensec": "젠섹 유닛",
	"shavehud_enemy_cop": "일반 경찰",
	"shavehud_enemy_fbi": "FBI 유닛",
	"shavehud_enemy_swat": "스왓 유닛",
	"shavehud_enemy_heavy_swat": "해비 스왓",
    "shavehud_enemy_heavy_swat_sniper": "해비 스왓 스나이퍼",
	"shavehud_enemy_city_swat": "엘리트 스왓",
	"shavehud_enemy_shield": "쉴드",
	"shavehud_enemy_spook": "클로커",
	"shavehud_enemy_shadow_spook" :"Shadow Cloaker",
	"shavehud_enemy_taser": "테이져",
	"shavehud_enemy_sniper": "스나이퍼",
	"shavehud_enemy_medic": "메딕",
	"shavehud_enemy_tank": "불도저",
	"shavehud_enemy_tank_hw": "머리없는 도저",
	"shavehud_enemy_tank_medic": "메딕 도저",
	"shavehud_enemy_tank_mini": "미니건 도저",
	"shavehud_enemy_phalanx_minion": "윈터즈 쉴드",
	"shavehud_enemy_phalanx_vip": "캡틴 윈터즈",
	"shavehud_enemy_swat_van": "스왓 터렛",
	"shavehud_enemy_ceiling_turret": "터렛",
	"shavehud_enemy_aa_turret": "Anti-Air Turret",
	"shavehud_enemy_crate_turret": "터렛",
	"shavehud_enemy_sentry_gun": "센트리 건",
	"shavehud_enemy_mobster_boss": "커미사르",
	"shavehud_enemy_chavez_boss": "챠베즈",
	"shavehud_enemy_druglord_boss": "소사 두목",
	"shavehud_enemy_druglord_boss_stealth": "소사 두목",
	"shavehud_enemy_biker_boss": "바이커 두목",
	"shavehud_enemy_bank_manager": "은행 관리원",
	"shavehud_enemy_dah_ralph": "Ralph Garnet",
	"shavehud_enemy_inside_man": "내부자",
	"shavehud_enemy_escort_undercover": "택스맨",
	"shavehud_enemy_escort_heatstreet": "매트",
	"shavehud_enemy_escort_chinese_prisoner": "카조",
	"shavehud_enemy_escort_cfo": "가넷 CFO",
	"shavehud_enemy_escort_reservoirdogs": "Mr. Pink",
	"shavehud_enemy_escort_bain_locke": "Locke / Bain",
	"shavehud_enemy_drunk_pilot": "취한 파일럿",
	"shavehud_enemy_escort": "호위자",
	"shavehud_enemy_boris": "보리스",
	"shavehud_enemy_spa_vip": "샤론",
	"shavehud_enemy_spa_vip_hurt": "샤론 (부상)",
	"shavehud_enemy_old_hoxton_mission": "혹스턴",
	"shavehud_enemy_locke_mission": "로크",
	"shavehud_enemy_hector_boss": "무장한 헥터",
	"shavehud_enemy_hector_boss_no_armor": "헥터",
	"shavehud_enemy_reservoirdogs": "Mr. Blonde",
	"shavehud_enemy_crew": "팀 멤버",
	"shavehud_enemy_butler": "알드스톤",
	"shavehud_enemy_vlad": "블라드",
	"shavehud_enemy_kento": "Kento",
	"shavehud_enemy_boom": "Grenadier",
	"shavehud_enemy_omnia_lpf": "OMNIA L.P.F.",
	"shavehud_enemy_summers": "캡틴 서머즈",
	"shavehud_enemy_boom_summers": "Major Molly",
	"shavehud_enemy_taser_summers": "Engineer Electrika",
	"shavehud_enemy_medic_summers": "Sergeant Doc",
	"shavehud_enemy_spring": "캡틴 스프링",
	"shavehud_enemy_fbi_vet": "베테랑 경찰",
	"shavehud_enemy_deathvox_light": "ZEAL Unit",
	"shavehud_enemy_deathvox_heavy": "Heavy ZEAL",
	"shavehud_multiselect_all": "모두",
	"shavehud_multiselect_none": "없음",
	"shavehud_multiselect_disabled": "비활성화",
	"shavehud_multiselect_random": "무작위",
	"shavehud_multiselect_left": "왼쪽",
	"shavehud_multiselect_center": "가운데",
	"shavehud_multiselect_right": "오른쪽",
	"shavehud_colors_white" : "하얀색",
	"shavehud_colors_light_yellow" : "연한 노란색",
	"shavehud_colors_light_orange" : "연한 주황색",
	"shavehud_colors_light_red" : "연한 빨간색",
	"shavehud_colors_light_purple" : "연한 보라색",
	"shavehud_colors_light_green" : "연한 초록색",
	"shavehud_colors_light_blue" : "연한 파란색",
	"shavehud_colors_light_gray": "연한 회색",
	"shavehud_colors_yellow" : "노란색",
	"shavehud_colors_orange" : "주황색",
	"shavehud_colors_red": "빨간색",
	"shavehud_colors_purple": "보라색",
	"shavehud_colors_green": "초록색",
	"shavehud_colors_blue": "파란색",
	"shavehud_colors_gray": "회색",
	"shavehud_colors_black": "검은색",
	"shavehud_colors_rainbow": "무지개색",
	"shavehud_options_name": "ShaveHUD 설정",
	"shavehud_options_help": "ShaveHUD 를 설정하는 곳 입니다.",
	"shavehud_language_title": "Language",
	"shavehud_language_desc": "Select a localization for ShaveHUD.\n(A Map change is needed to apply...)",
	"shavehud_languages_english": "English",
	"shavehud_languages_german": "German",
	"shavehud_languages_dutch": "Dutch",
	"shavehud_languages_french": "French",
	"shavehud_languages_italian": "Italian",
	"shavehud_languages_spanish": "Spanish",
	"shavehud_languages_portuguese": "Portugese",
	"shavehud_languages_russian": "Russian",
	"shavehud_languages_chinese": "Chinese",
	"shavehud_languages_korean": "Korean",
	"shavehud_straight_to_main_menu_title": "Straight to Main Menu",
	"shavehud_straight_to_main_menu_desc": "Automatically skips intros and goes straight to the main menu.",
	"shavehud_skip_blackscreen_title": "검은화면 스킵",
	"shavehud_skip_blackscreen_desc": "자동으로 검은 화면(미션시작)을 스킵합니다.\n(방장 전용)",
	"shavehud_instant_restart_title": "즉시 재시작",
	"shavehud_instant_restart_desc": "온라인 로비에서 재시작할때 5초를 카운트다운을 건너뛰고 바로 재시작 합니다.\n(방장 전용)",
	"shavehud_stat_screen_speedup_title": "통계 화면 속도",
	"shavehud_stat_screen_speedup_desc": "활성화 하면 스페이스바를 누르지 않아도 통계 화면의 속도를 빨라지게 합니다.",
	"shavehud_stat_screen_delay_title": "통계 화면 지연시간",
	"shavehud_stat_screen_delay_desc": "총 EXP가 끝까지 표시되면 X 초 후에 자동으로 넘어갑니다.\n(방장 전용) ",
	"shavehud_loot_screen_pick_card_title": "카드 자동 고르기",
	"shavehud_loot_screen_pick_card_desc": "카드 화면이 나오면 자동으로 카드를 고릅니다.",
	"shavehud_loot_screen_pick_specific_card_title": "자동으로 고를 카드",
	"shavehud_loot_screen_pick_specific_card_desc": "어떤 카드를 자동으로 고를건지 설정합니다.",
	"shavehud_loot_screen_instant_cardflip_title": "Instant Cardflip",
	"shavehud_loot_screen_instant_cardflip_desc": "Instantly flip selected card.",
	"shavehud_loot_screen_delay_title": "카드 화면 딜레이",
	"shavehud_loot_screen_delay_desc": "X 초 후에 다음화면 으로 넘어갑니다.\n(방장 전용, 0 = 비활성화)",
	"shavehud_replace_weapon_names_title": "현실 무기 이름",
	"shavehud_replace_weapon_names_desc": "무기 이름을 현실에 존재하는 무기 이름으로 바꿉니다.\n(맵을 바꿔야 적용됩니다...)",
	"shavehud_inventory_tab_names_title": "인벤토리 탭 이름 사용",
	"shavehud_inventory_tab_names_desc": "인벤토리 탭 이름을 바꿉니다.\n(이름은 '/mods/saves/ShaveHUD_InventoryNames.txt' 에서 바꿀 수 있습니다.)",
	"shavehud_inventory_names_title": "인벤토리 이름 표시",
	"shavehud_inventory_names_desc": "인벤토리 아이템 박스 안에 무기이름, 아이템이름 등을 표시합니다.",
	"shavehud_skill_names_title": "스킬 이름 표시",
	"shavehud_skill_names_desc": "항상 스킬창에서 스킬 이름이 표시됩니다.\n(기본적으로 마우스 커서를 올려야 스킬 이름이 표시됩니다)",
	"shavehud_show_contractor_job_heat_title":"Show Contractor Heat",
	"shavehud_show_contractor_job_heat_desc":"Shows job heat in the contract broker list.",
	"shavehud_show_mini_icons_title": "작은 아이콘 표시",
	"shavehud_show_mini_icons_desc": "개조된 무기 모드를 항상 박스 안에 표시합니다.\n(기본적으로 선택해야 모드가 표시됩니다)",
	"shavehud_no_slowmotion_title": "슬로우 모션 비활성화",
	"shavehud_no_slowmotion_desc": "다운되거나 마스크 쓸때 나오는 슬로우 모션을 비활성화 합니다.",
	"shavehud_reset_options_title": "설정 초기화",
	"shavehud_reset_options_desc": "모든 설정을 기본값으로 초기화시킵니다.",
	"shavehud_reset_options_confirm": "정말로 모든 설정을 기본값으로 되돌리시겠습니까?",
	"shavehud_panels_options_name": "일반 HUD 패널 설정",
	"shavehud_panels_options_help": "CustomHUD, 의심도, 데미지 인디케이터 등을 설정합니다.",
	"shavehud_use_customhud_title": "CustomHUD 를 사용합니다",
	"shavehud_use_customhud_desc": "Se7en 님이 만든 고급 CustomHUD 를 사용합니다.\n(맵을 바꿔야 적용됩니다...)",
	"shavehud_adv_assault_title": "자세한 어설트 배너",
	"shavehud_adv_assault_desc": "어설트 상태, 남은 스폰 등을 표시합니다.\n(방장 전용)",
	"shavehud_assault_position_title": "어설트 배너 위치",
	"shavehud_assault_position_desc": "어설트 배너 위치를 설정합니다.",
	"shavehud_pacified_civs_title": "엎드린 시민 마크",
	"shavehud_pacified_civs_desc": "시민이 엎드리면 느낌표 대신에 체크마크를 표시합니다.",
	"shavehud_use_realammo_title": "탄약 표시",
	"shavehud_use_realammo_desc": "탄약 표시를 다른게임처럼(예: C-S:S) 표시합니다.",
	"shavehud_auto_discard_parachute_title": "Auto Discard Parachute",
	"shavehud_auto_discard_parachute_desc": "Automatically discard parachute after landing.",	
	"shavehud_enable_burstmode_title": "점사 모드",
	"shavehud_enable_burstmode_desc": "당신의 무기에 점사 모드를 활성화시킵니다.",
	"shavehud_playerpanel_options_name": "플레이어 패널",
	"shavehud_playerpanel_options_help": "당신의 HUD 패널을 설정합니다.",
	"shavehud_teampanels_options_name": "팀 패널",
	"shavehud_teampanels_options_help": "팀원의 HUD 패널을 설정합니다.",
	"shavehud_panels_position_title": "패널 위치",
	"shavehud_panels_position_desc": "패널 위치를 설정합니다.",
	"shavehud_panels_scale_title": "크기",
	"shavehud_panels_scale_desc": "HUD 패널의 크기를 설정합니다.",
	"shavehud_panels_oppacity_title": "투명함",
	"shavehud_panels_oppacity_desc": "HUD 패널의 투명도를 설정합니다.",
	"shavehud_panels_show_name_title": "이름",
	"shavehud_panels_show_name_desc": "이름을 표시합니다.",
	"shavehud_panels_show_rank_title": "레벨",
	"shavehud_panels_rank_name_desc": "레벨을 표시합니다.",
	"shavehud_panels_truncate_tags_title": "Truncate tags",
	"shavehud_panels_truncate_tags_desc": "Try to truncate clan tags from player names.",
	"shavehud_panels_show_char_title": "캐릭터",
	"shavehud_panels_show_char_desc": "캐릭터를 표시합니다.",
	"shavehud_panels_show_ping_title": "핑",
	"shavehud_panels_show_ping_desc": "다른사람의 핑을 표시합니다.",
	"shavehud_panels_show_status_title": "플레이어 상태 표시",
	"shavehud_panels_show_status_desc": "플레이어의 체력, 방탄복 등을 표시합니다.",
	"shavehud_panels_condition_icon_color_title": "Condition Icon Color",
	"shavehud_panels_condition_icon_color_desc": "Set the color of the condition icon (downed, in custody, swan song, etc.)",
	"shavehud_panels_show_equip_title": "장비",
	"shavehud_panels_show_equip_desc": "플레이어의 장비를 표시합니다.",
	"shavehud_panels_show_special_equip_title": "특별한 장비",
	"shavehud_panels_show_special_equip_desc": "플레이어의 특별한 장비를 표시합니다.",
	"shavehud_panels_special_equip_rows_title": "Special Equipment Rows",
	"shavehud_panels_special_equip_rows_desc": "Number of Special Equipment Items that get placed in one column.",
	"shavehud_panels_show_callsign_title": "Show Callsign",
	"shavehud_panels_show_callsign_desc": "Show a callsign for that player.",
	"shavehud_panels_show_stamina_title": "스테미너 표시",
	"shavehud_panels_show_stamina_desc": "동그란 체력 바 안에 스테미너 원을 표시합니다.",
	"shavehud_panels_show_downcounter_title": "다운 된 횟수 표시",
	"shavehud_panels_show_downcounter_desc": "AI를 제외하고 다운된 횟수를 표시합니다. \n당신은 남은 다운횟수, 팀원은 총 다운된 횟수를 표시합니다.",
	"shavehud_panels_show_carry_title": "캐리 표시",
	"shavehud_panels_show_carry_desc": "팀원이 들고있는 가방이 어떤것인지 표시합니다.",
	"shavehud_panels_build_show_title": "빌드 표시",
	"shavehud_panels_build_show_desc": "참가중인 플레이어의 빌드를 표시합니다.",
	"shavehud_panels_build_time_title": "시간제한된 빌드 표시",
	"shavehud_panels_build_time_desc": "X 초 동안 빌드를 표시합니다.\n(0 = 무제한)",
	"shavehud_panels_weapon_icon_title": "무기 아이콘 표시",
	"shavehud_panels_weapon_icon_desc": "무기 아이콘을 표시합니다.",
	"shavehud_panels_weapon_name_title": "무기 이름 표시",
	"shavehud_panels_weapon_name_desc": "무기 이름을 표시합니다.",
	"shavehud_panels_weapon_ammo_title": "무기 탄약 표시",
	"shavehud_panels_weapon_ammo_desc": "무기 탄약 표시 모드.",
	"shavehud_panels_weapon_firemode_title": "무기 발사모드 표시",
	"shavehud_panels_weapon_firemode_desc": "무기 발사모드를 표시합니다.",
	"shavehud_panels_hide": "숨기기",
	"shavehud_panels_selected": "선택된 것만",
	"shavehud_panels_unselected": "선택되지 않은 것만",
	"shavehud_panels_both": "모두",
	"shavehud_panels_ammo_total": "총 탄약 만",
	"shavehud_panels_show_interaction_title": "상호작용 표시",
	"shavehud_panels_show_interaction_desc": "팀원의 상호작용을 표시합니다.",
	"shavehud_panels_show_interaction_number_title": "Interaction Timer",
	"shavehud_panels_show_interaction_number_desc": "Show a numerical indicator",
	"shavehud_panels_show_interaction_text_title": "Interaction Text",
	"shavehud_panels_show_interaction_text_desc": "Show interaction text",
	"shavehud_panels_interaction_time_title": "최소 상호작용 시간",
	"shavehud_panels_interaction_time_desc": "팀원의 상호작용이 X 초 이상일 경우, 팀원 HUD 에 표시합니다.",
	"shavehud_panels_use_ai_color_title": "사용자 지정 봇 색 사용",
	"shavehud_panels_use_ai_color_desc": "봇 이름 색을 바꿉니다\n(데미지 팝업에도 색이 바뀝니다)",
	"shavehud_panels_ai_color_title": "봇 색",
	"shavehud_panels_ai_color_desc": "봇 이름 색을 설정합니다\n(데미지 팝업에도 색이 바뀝니다)",
	"shavehud_chat_options_name": "채팅 옵션",
	"shavehud_chat_options_help": "채팅창이 어떻게 표시될지 설정합니다.",
	"shavehud_chat_waittime_title": "채팅 페이드 시간",
	"shavehud_chat_waittime_desc": "X 초 후에 채팅이 사라집니다.\n(0 = 무제한)",
	"shavehud_chat_fontsize_title": "채팅 폰트 크기",
	"shavehud_chat_fontsize_desc": "인게임 채팅 폰트 크기.",
	"shavehud_chat_outputlines_title": "최대 줄 수",
	"shavehud_chat_outputlines_desc": "스크롤이 활성화되기전 까지의 채팅창 줄 수 를 설정합니다.",
	"shavehud_spam_filter_title": "채팅 도배 필터",
	"shavehud_spam_filter_desc": "PocoHUD, [NGBTO] 의 도배를 차단합니다.",
	"shavehud_chat_width_title": "채팅창 크기",
	"shavehud_chat_width_desc": "채팅창 크기를 조절합니다 (가로)",
	"shavehud_chat_inputlines_title": "최대 입력 줄",
	"shavehud_chat_inputlines_desc": "Number of lines of text you can type",
	"shavehud_chat_colored_bg_title": "색있는 채팅창",
	"shavehud_chat_colored_bg_desc": "플레이어의 색을 바탕으로 채팅창 배경 색이 바뀝니다",
	"shavehud_chat_scrollbar_align_title": "Scrollbar Align",
	"shavehud_chat_scrollbar_align_desc": "Alignment of the scroll bar",
	"shavehud_suspicion_options_name": "의심미터 옵션",
	"shavehud_suspicion_options_help": "의심미터, 의심도 등을 설정합니다.",
	"shavehud_suspicion_scale_title": "의심미터 크기",
	"shavehud_suspicion_scale_desc": "의심미터 크기를 설정합니다.",
	"shavehud_susp_eye_title": "기본 의심미터 표시",
	"shavehud_susp_eye_desc": "기본 의심미터를 표시합니다.",
	"shavehud_susp_numeric_title": "의심미터 숫자 표시",
	"shavehud_susp_numeric_desc": "의심도를 숫자로 표시합니다.",
	"shavehud_susp_numeric_outline_title": "검은색 테두리",
	"shavehud_susp_numeric_outline_desc": "의심미터 숫자에 테두리를 표시합니다.",
	"shavehud_killcounter_options_name": "킬 카운터 옵션",
	"shavehud_killcounter_options_help": "화면에 표시되는 킬 카운터를 설정합니다.",
	"shavehud_killcounter_player_show_killcount_title": "플레이어 킬 카운터 표시",
	"shavehud_killcounter_player_show_killcount_desc": "당신의 킬 카운터를 HUD 에 표시합니다.",
	"shavehud_killcounter_player_color_title": "킬 카운터 색 설정",
	"shavehud_killcounter_player_color_desc": "당신의 킬 카운터 색을 바꿉니다.",
	"shavehud_killcounter_player_show_special_title": "특수경찰 표시",
	"shavehud_killcounter_player_show_special_desc": "당신이 특수경찰을 죽인 수 를 따로 표시합니다",
	"shavehud_killcounter_player_show_head_title": "헤드샷 표시",
	"shavehud_killcounter_player_show_head_desc": "당신이 헤드샷으로 죽인 적을 따로 표시합니다.",
	"shavehud_killcounter_player_show_accuracy_title": "플레이어 명중률 표시",
	"shavehud_killcounter_player_show_accuracy_desc": "HUD 에 현재 당신의 명중률을 표시합니다.",
	"shavehud_killcounter_team_show_killcount_title": "팀원 킬 카운터 표시",
	"shavehud_killcounter_team_show_killcount_desc": "팀원의 킬 카운터를 팀원 HUD 에 표시합니다.",
	"shavehud_killcounter_team_color_title": "팀원 킬 카운터 색 설정",
	"shavehud_killcounter_team_color_desc": "팀원의 킬 카운터 색을 바꿉니다.",
	"shavehud_killcounter_team_show_special_title": "팀원 특수경찰 표시",
	"shavehud_killcounter_team_show_special_desc": "팀원이 죽인 특수경찰을 수 를 따로 표시합니다.",
	"shavehud_killcounter_team_show_head_title": "팀원 헤드샷 표시",
	"shavehud_killcounter_team_show_head_desc": "팀원이 헤드샷으로 죽인 적을 따로 표시합니다.",
	"shavehud_killcounter_team_show_ai_title": "AI 킬 카운터 표시",
	"shavehud_killcounter_team_show_ai_desc": "봇 킬 카운터를 표시합니다.",
	"shavehud_corpse_limit_title": "시체 제한",
	"shavehud_corpse_limit_desc": "한번에 시체 몇 구를 표시할 수 있는지 설정합니다.\n(맵을 바꿔야 적용됩니다...)",
	"shavehud_drivinghud_options_name": "DrivingHUD 옵션",
	"shavehud_drivinghud_options_help": "DrivingHUD 를 설정합니다",
	"shavehud_show_drivinghud_title": "DrivingHUD 사용하기",
	"shavehud_show_drivinghud_desc": "오른쪽 하단에 차량 허드를 표시합니다.\n(맵을 바꿔야 적용됩니다...)",
	"shavehud_drivinghud_scale_title": "크기",
	"shavehud_drivinghud_scale_desc": "DrivingHUD 의 크기를 설정합니다.",
	"shavehud_drivinghud_show_vehicle_title": "차량 이미지 표시하기",
	"shavehud_drivinghud_show_vehicle_desc": "차량 이미지, 타고있는 플레이어 마스크를 표시합니다.",
	"shavehud_drivinghud_show_health_title": "체력 표시",
	"shavehud_drivinghud_show_health_desc": "차량 체력 바 를 표시합니다.",
	"shavehud_drivinghud_show_loot_title": "가방 표시",
	"shavehud_drivinghud_show_loot_desc": "현재 차량에 싣고 있는 가방이랑 최대 실을수 있는 가방을 표시합니다.",
	"shavehud_drivinghud_show_passengers_title": "승객 표시",
	"shavehud_drivinghud_show_passengers_desc": "현재 승객 몇 명이 타고있는지 표시합니다.",
	"shavehud_drivinghud_show_gear_title": "기어 표시",
	"shavehud_drivinghud_show_gear_desc": "현재 기어가 몇 단 인지 표시합니다.",
	"shavehud_drivinghud_show_speed_title": "속도 표시",
	"shavehud_drivinghud_show_speed_desc": "차량이 달리는 속도를 표시합니다.",
	"shavehud_drivinghud_speed_in_mph_title": "MPH 사용",
	"shavehud_drivinghud_speed_in_mph_desc": "속도를 MPH으로 표시합니다.\n(기본적으로 km/h 으로 표시됩니다.)",
	"shavehud_drivinghud_show_rpm_title": "RPM 표시",
	"shavehud_drivinghud_show_rpm_desc": "차량 RPM 을 표시합니다.",
	"shavehud_infopanels_options_name": "HUD 리스트 정보 옵션",
	"shavehud_infopanels_options_help": "화면 양옆에 나오는 HUD 리스트를 설정합니다.",
	"shavehud_use_hudlist_title": "HUDList 사용",
	"shavehud_use_hudlist_desc": "HUDList 는 드릴타이머, 경찰수 등을 표시합니다.\n(맵을 바꿔야 적용됩니다...)",
	"shavehud_hudlist_scale_right_title": "오른쪽 리스트 크기",
	"shavehud_hudlist_scale_right_desc": "HUD 오른쪽에 표시되는 리스트 크기를 설정합니다.",
	"shavehud_hudlist_scale_left_title": "왼쪽 리스트 크기",
	"shavehud_hudlist_scale_left_desc": "HUD 왼쪽에 표시되는 리스트 크기를 설정합니다.",
	"shavehud_hudlist_scale_buff_title": "버프 리스트 크기",
	"shavehud_hudlist_scale_buff_desc": "버프 리스트 크기를 설정합니다.",
	"shavehud_hudlist_box_color_title": "사각형 폰트 색",
	"shavehud_hudlist_box_color_desc": "양옆에 있는 사각형의 색을 설정합니다.\n(현재 맵을 바꿔야 적용됩니다...)",
	"shavehud_hudlist_box_bg_color_title": "사각형 배경 색",
	"shavehud_hudlist_box_bg_color_desc": "양옆에 있는 사각형의 배경 색을 설정합니다.\n(현재 맵을 바꿔야 적용됩니다...)",
	"shavehud_hudlist_civcolor_title": "시민 색",
	"shavehud_hudlist_civcolor_desc": "적 카운터 에 표시될 시민의 색을 바꿉니다.",
	"shavehud_hudlist_thugcolor_title": "몹스터 색",
	"shavehud_hudlist_thugcolor_desc": "적 카운터 에 표시될 갱, 몹스터의 색을 바꿉니다.",
	"shavehud_hudlist_copcolor_title": "적군 색",
	"shavehud_hudlist_copcolor_desc": "적 카운터 에 표시될 스왓, 헤비스왓 등의 색을 바꿉니다.",
	"shavehud_hudlist_specialcolor_title": "스페셜 색",
	"shavehud_hudlist_specialcolor_desc": "적 카운터 에 표시될 스페셜의 색을 바꿉니다.",
	"shavehud_hudlist_progress_alpha_left_title": "Left Progress Alpha",
	"shavehud_hudlist_progress_alpha_left_desc": "Alpha value for the progress bars on left list items.",
	"shavehud_hudlist_progress_alpha_right_title": "Right Progress Alpha",
	"shavehud_hudlist_progress_alpha_right_desc": "Alpha value for the progress bars on right list items.",
	"shavehud_hudlist_progress_alpha_buff_title": "Buff Progress Alpha",
	"shavehud_hudlist_progress_alpha_buff_desc": "Alpha value for the progress bars on buff list items.",
	"shavehud_hudlist_timers_in_seconds_title": "Timers in seconds",
	"shavehud_hudlist_timers_in_seconds_desc": "Always display timers in seconds.",
	"shavehud_infopanels_left_options_name": "왼쪽 리스트 옵션",
	"shavehud_infopanels_left_options_help": "왼쪽에 표시될 리스트들을 설정합니다.",
	"shavehud_hudlist_show_timers_title": "타이머 표시",
	"shavehud_hudlist_show_timers_desc": "드릴, 해킹 등의 시간이 얼마나 남아있는지 HUD 에 표시합니다.",
	"shavehud_hudlist_show_equipment_desc": "어떤 장비가 당신의 화면 오른쪽에 표시될지 설정합니다.",
	"shavehud_hudlist_show_ammo_bags_title": "탄약 가방 표시",
	"shavehud_hudlist_show_doc_bags_title": "의료 가방 표시",
	"shavehud_hudlist_show_first_aid_kits_title": "응급 치료 킷 표시",
	"shavehud_hudlist_show_body_bags_title": "시체 가방 표시",
	"shavehud_hudlist_show_grenade_crates_title": "수류탄 상자 표시",
	"shavehud_hudlist_sentries_title": "센트리 표시",
	"shavehud_hudlist_sentries_desc": "센트리의 체력과 탄약을 표시합니다.",
	"shavehud_hudlist_hide_empty_sentries_title": "비어있는 센트리 숨기기",
	"shavehud_hudlist_hide_empty_sentries_desc": "탄약이 없는 센트리는 HUD 에 표시되지 않습니다.",
	"shavehud_hudlist_show_ecms_title": "ECM 재머 표시",
	"shavehud_hudlist_show_ecms_desc": "ECM 시간이 얼마나 남았는지 표시합니다.",
	"shavehud_hudlist_show_ecm_retrigger_title": "ECM 재머 재사용 표시",
	"shavehud_hudlist_show_ecm_retrigger_desc": "ECM 재머의 피드백을 언제 재사용 가능한지 표시합니다.",
	"shavehud_hudlist_show_minions_title": "조커 체력 표시",
	"shavehud_hudlist_show_minions_desc": "조커된 경찰의 체력을 표시합니다.",
	"shavehud_hudlist_show_own_minions_only_title": "Own Jokers Only",
	"shavehud_hudlist_show_own_minions_only_desc": "Only display your own jokered Cops.",
	"shavehud_hudlist_show_pagers_title": "페이저 표시",
	"shavehud_hudlist_show_pagers_desc": "페이저의 알람이 울리기 전 까지의 시간을 표시합니다.",
	"shavehud_hudlist_show_tape_loop_title": "카메라 루프 표시",
	"shavehud_hudlist_show_tape_loop_desc": "카메라 루프의 시간이 얼마나 남았는지 표시합니다.",
	"shavehud_hudlist_remove_answered_pagers_title": "페이저 아웃라인 비활성화",
	"shavehud_hudlist_remove_answered_pagers_desc": "다른 플레이어가 페이저를 받고 있으면 아웃라인을 비활성화 시킵니다.",
	"shavehud_infopanels_right_options_name": "오른쪽 리스트 옵션",
	"shavehud_infopanels_right_options_help": "오른쪽에 표시될 리스트들을 설정합니다..",
	"shavehud_hudlist_show_enemies_title": "적 표시",
	"shavehud_hudlist_show_enemies_desc": "맵에 적이 몇명 남았는지 표시합니다.",
	"shavehud_hudlist_aggregate_enemies_title": "모든 적 표시",
	"shavehud_hudlist_aggregate_enemies_desc": "모든 적군을 모아서 표시합니다.",
	"shavehud_hudlist_show_turrets_title": "터렛 표시",
	"shavehud_hudlist_show_turrets_desc": "맵에 터렛이 몇대 있는지 표시합니다.",
	"shavehud_hudlist_show_civilians_title": "시민 표시",
	"shavehud_hudlist_show_civilians_desc": "맵에 시민이 몇명 있는지 표시합니다. \n(인질 표시랑 다릅니다)",
	"shavehud_hudlist_show_hostages_title": "인질 표시",
	"shavehud_hudlist_show_hostages_desc": "맵에 인질이 몇명 있는지 표시합니다. \n(시민 표시랑 다릅니다)",
	"shavehud_hudlist_aggregate_hostages_title": "모든 인질 표시",
	"shavehud_hudlist_aggregate_hostages_desc": "모든 인질을 모아서 표시합니다.",
	"shavehud_hudlist_show_minion_count_title": "제압된 경찰 표시",
	"shavehud_hudlist_show_minion_count_desc": "맵에 제압된 경찰이 몇명 있는지 표시합니다.",
	"shavehud_hudlist_show_pager_count_title": "스텔스 리스트 표시",
	"shavehud_hudlist_show_pager_count_desc": "사용된 페이저, 카메라, 시체가방 등을 표시합니다.",
	"shavehud_hudlist_show_cam_count_title": "카메라 수 표시",
	"shavehud_hudlist_show_cam_count_desc": "스텔스 일 경우 총 카메라 몇 대가 작동중인지 표시합니다.",
	"shavehud_hudlist_show_bodybags_count_title": "시체가방 표시",
	"shavehud_hudlist_show_bodybags_count_desc": "스텔스 일 경우 HUD에 시체가방 수 를 표시합니다.",
	"shavehud_hudlist_show_corpse_count_title": "시체 표시",
	"shavehud_hudlist_show_corpse_count_desc": "스텔스 일 경우 현재 맵에 있는 시체, 가방에 담은 시체를 표시합니다.",
	"shavehud_hudlist_show_loot_title": "루트 표시",
	"shavehud_hudlist_show_loot_desc": "현재 맵에 있는 가방에 담을수 있는 루트를 표시합니다.",
	"shavehud_hudlist_aggregate_loot_title": "모든 루트 표시",
	"shavehud_hudlist_aggregate_loot_desc": "모든 루트 타입을 모아서 표시합니다.",
	"shavehud_hudlist_separate_bagged_loot_title": "가방 따로 표시",
	"shavehud_hudlist_separate_bagged_loot_desc": "가방에 담은 루트랑 담지 않은 루트를 따로 표시합니다.",
	"shavehud_hudlist_show_potential_loot_title": "루트 가능성 표시",
	"shavehud_hudlist_show_potential_loot_desc": "루트 카운터에 상자를 표시합니다. \n(주의: 빈 상자일수도 있습니다...)",
	"shavehud_hudlist_show_special_pickups_title": "특수 픽업 표시",
	"shavehud_hudlist_show_special_pickups_desc": "맵에 있는 키카드, 크로우바, 재료 등을 표시합니다.",
	"shavehud_hudlist_show_mission_pickups_title": "미션 재료 표시",
	"shavehud_hudlist_show_mission_pickups_desc": "현재 맵에 키카드, 나무판자 등 재료를 표시합니다.",
	"shavehud_hudlist_show_collectables_pickups_title": "Show Collectable Pickups",
	"shavehud_hudlist_show_collectables_pickups_desc": "Show amount of Gage packages, Spec-Ops Cases & Keys et cetera on the map.",
	"shavehud_hudlist_show_valuables_pickups_title": "Show Loot Pickups",
	"shavehud_hudlist_show_valuables_pickups_desc": "Show amount of valuable items, like money bundles or necklaces on the map.",
	"shavehud_infopanels_buff_options_name": "버프 리스트 옵션",
	"shavehud_infopanels_buff_options_help": "버프 리스트에 표시될 버프들을 설정합니다.",
	"shavehud_infopanels_buff_mastermind_options_name": "마스터마인드",
	"shavehud_infopanels_buff_mastermind_options_help": "어떤 마스터마인드의 스킬들이 표시될지 설정합니다.",
	"shavehud_infopanels_buff_enforcer_options_name": "인포서",
	"shavehud_infopanels_buff_enforcer_options_help": "어떤 인포서의 스킬들이 표시될지 설정합니다.",
	"shavehud_infopanels_buff_technician_options_name": "테크니션",
	"shavehud_infopanels_buff_technician_options_help": "어떤 테크니션의 스킬들이 표시될지 설정합니다.",
	"shavehud_infopanels_buff_ghost_options_name": "고스트",
	"shavehud_infopanels_buff_ghost_options_help": "어떤 고스트의 스킬들이 표시될지 설정합니다.",
	"shavehud_infopanels_buff_fugitive_options_name": "퓨지티브",
	"shavehud_infopanels_buff_fugitive_options_help": "어떤 퓨지티브의 스킬들이 표시될지 설정합니다.",
	"shavehud_infopanels_buff_perkdecks_options_name": "특성 덱",
	"shavehud_infopanels_buff_perkdecks_options_help": "어떤 특성 덱의 스킬들이 표시될지 설정합니다.",
	"shavehud_infopanels_buff_gageboosts_options_name": "Gage Boosts",
	"shavehud_infopanels_buff_gageboosts_options_help": "Enable or Disable visual indicators for Gage Boosts.",
	"shavehud_infopanels_buff_henchmen_options_name": "Henchmen Skills",
	"shavehud_infopanels_buff_henchmen_options_help": "Enable or Disable visual indicators for Henchmen Skills.",
	"shavehud_hudlist_show_buffs_title": "버프 표시",
	"shavehud_hudlist_show_buffs_desc": "화면 가운대에 버프를 표시합니다.",
	"shavehud_hudlist_damage_increase_compbuff_title": "데미지 증가",
	"shavehud_hudlist_damage_increase_compbuff_desc": "데미지가 증가하는 스킬을 모두 모아서 퍼센트로 표시합니다.",
	"shavehud_hudlist_damage_reduction_compbuff_title": "데미지 절감",
	"shavehud_hudlist_damage_reduction_compbuff_desc": "데미지가 절감하는 스킬을 모두 모아서 퍼센트로 표시합니다.",
	"shavehud_hudlist_melee_damage_increase_compbuff_title": "근접 데미지 증가",
	"shavehud_hudlist_melee_damage_increase_compbuff_desc": "근접 데미지가 증가하는 스킬을 모두 모아서 퍼센트로 표시합니다.",
	"shavehud_hudlist_passive_health_regen_compbuff_title": "Passive Health Regeneration",
	"shavehud_hudlist_passive_health_regen_compbuff_desc": "Composite Buff item, displays added value of all passive Health regeneration effects.",
	"shavehud_hudlist_total_dodge_chance_compbuff_title": "Total Dodge Chance",
	"shavehud_hudlist_total_dodge_chance_compbuff_desc": "Composite Buff item, displays added value of all dodge increaing skills.",
	"shavehud_hudlist_aggressive_reload_aced_buff_title": "효율적 재장전",
	"shavehud_hudlist_aggressive_reload_aced_buff_desc": "",
	"shavehud_hudlist_ammo_efficiency_buff_title": "효율적인 탄약",
	"shavehud_hudlist_ammo_efficiency_buff_desc": "",
	"shavehud_hudlist_armor_break_invulnerable_buff_title": "블리츠크리그 밥 (아나키스트)",
	"shavehud_hudlist_armor_break_invulnerable_buff_desc": "",
	"shavehud_hudlist_berserker_buff_title": "버서커",
	"shavehud_hudlist_berserker_buff_desc": "모두 모아지는 버프 중 하나입니다.",
	"shavehud_hudlist_biker_buff_title": "리젠 디버프 (바이커)",
	"shavehud_hudlist_biker_buff_desc": "",
	"shavehud_hudlist_bloodthirst_basic_buff_title": "피바라기 (베이직)",
	"shavehud_hudlist_bloodthirst_basic_buff_desc": "모두 모아지는 버프 중 하나입니다.",
	"shavehud_hudlist_bloodthirst_aced_buff_title": "피바라기 (에이스)",
	"shavehud_hudlist_bloodthirst_aced_buff_desc": "",
	"shavehud_hudlist_bullet_storm_buff_title": "탄환 폭풍",
	"shavehud_hudlist_bullet_storm_buff_desc": "",
	"shavehud_hudlist_close_contact_buff_title": "근접 전투 (인필트레이터)",
	"shavehud_hudlist_close_contact_buff_desc": "",
	"shavehud_hudlist_combat_medic_buff_title": "의무병 (작동)",
	"shavehud_hudlist_combat_medic_buff_desc": "모두 모아지는 버프 중 하나입니다.",
	"shavehud_hudlist_combat_medic_passive_buff_title": "의무병 (패시브)",
	"shavehud_hudlist_combat_medic_passive_buff_desc": "모두 모아지는 버프 중 하나입니다.",
	"shavehud_hudlist_desperado_buff_title": "데스페라도",
	"shavehud_hudlist_desperado_buff_desc": "",
	"shavehud_hudlist_die_hard_buff_title": "다이 하드",
	"shavehud_hudlist_die_hard_buff_desc": "모두 모아지는 버프 중 하나입니다.",
	"shavehud_hudlist_dire_need_buff_title": "급박한 상황",
	"shavehud_hudlist_dire_need_buff_desc": "",
	"shavehud_hudlist_frenzy_buff_title": "Frenzy",
	"shavehud_hudlist_frenzy_buff_desc": "Part of Composite Buffs.",
	"shavehud_hudlist_grinder_buff_title": "체력 리젠 (그라인더)",
	"shavehud_hudlist_grinder_buff_desc": "",
	"shavehud_hudlist_chico_injector_buff_title": "Injector Duration (Kingpin)",
	"shavehud_hudlist_chico_injector_buff_desc": "",
	"shavehud_hudlist_damage_control_debuff_title": "Flask Duration (Stoic)",
	"shavehud_hudlist_damage_control_debuff_desc": "",
	"shavehud_hudlist_delayed_damage_buff_title": "Delayed Damage (Stoic)",
	"shavehud_hudlist_delayed_damage_buff_desc": "",
	"shavehud_hudlist_hostage_situation_buff_title": "인질극 (크루 치프)",
	"shavehud_hudlist_hostage_situation_buff_desc": "모두 모아지는 버프 중 하나입니다.",
	"shavehud_hudlist_hostage_taker_buff_title": "인질범",
	"shavehud_hudlist_hostage_taker_buff_desc": "",
	"shavehud_hudlist_inspire_buff_title": "인스파이어 (부스트)",
	"shavehud_hudlist_inspire_buff_desc": "인스파이어 부스트 지속시간",
	"shavehud_hudlist_lock_n_load_buff_title": "Lock 'n' Load",
	"shavehud_hudlist_lock_n_load_buff_desc": "",
	"shavehud_hudlist_melee_stack_damage_buff_title": "근접 추가 데미지 (인필트레이터)",
	"shavehud_hudlist_melee_stack_damage_buff_desc": "모두 모아지는 버프 중 하나입니다.",
	"shavehud_hudlist_maniac_buff_title": "데미지 감소 (매니악)",
	"shavehud_hudlist_maniac_buff_desc": "",
	"shavehud_hudlist_muscle_regen_buff_title": "체력 리젠 (머슬)",
	"shavehud_hudlist_muscle_regen_buff_desc": "",
	"shavehud_hudlist_messiah_buff_title": "메시아",
	"shavehud_hudlist_messiah_buff_desc": "",
	"shavehud_hudlist_overdog_buff_title": "Overdog (인필트레이터)",
	"shavehud_hudlist_overdog_buff_desc": "",
	"shavehud_hudlist_overkill_buff_title": "오버킬",
	"shavehud_hudlist_overkill_buff_desc": "",
	"shavehud_hudlist_painkiller_buff_title": "진통제",
	"shavehud_hudlist_painkiller_buff_desc": "모두 모아지는 버프 중 하나입니다.",
	"shavehud_hudlist_partner_in_crime_buff_title": "공범",
	"shavehud_hudlist_partner_in_crime_buff_desc": "모두 모아지는 버프 중 하나입니다.",
	"shavehud_hudlist_running_from_death_buff_title": "죽읍으로부터의 탈주",
	"shavehud_hudlist_running_from_death_buff_desc": "",
	"shavehud_hudlist_pocket_ecm_jammer_buff_title": "Pocket ECM Duration (Hacker)",
	"shavehud_hudlist_pocket_ecm_jammer_buff_desc": "",
	"shavehud_hudlist_pocket_ecm_kill_dodge_buff_title": "Pocket ECM Dodge (Hacker)",
	"shavehud_hudlist_pocket_ecm_kill_dodge_buff_desc": "Part of Composite Buffs.",
	"shavehud_hudlist_quick_fix_buff_title": "응급 치료",
	"shavehud_hudlist_quick_fix_buff_desc": "모두 모아지는 버프 중 하나입니다.",
	"shavehud_hudlist_second_wind_buff_title": "세컨드 윈드",
	"shavehud_hudlist_second_wind_buff_desc": "",
	"shavehud_hudlist_sixth_sense_buff_title": "식스 센스",
	"shavehud_hudlist_sixth_sense_buff_desc": "",
	"shavehud_hudlist_sicario_dodge_buff_title": "Additional Dodge (Sicario)",
	"shavehud_hudlist_sicario_dodge_buff_desc": "",
	"shavehud_hudlist_smoke_screen_buff_title": "Smoke Bomb (Sicario)",
	"shavehud_hudlist_smoke_screen_buff_desc": "",
	"shavehud_hudlist_tag_team_buff_title": "Gas Dispenser (Tag Team)",
	"shavehud_hudlist_tag_team_buff_desc": "",
	"shavehud_hudlist_swan_song_buff_title": "스완송",
	"shavehud_hudlist_swan_song_buff_desc": "",
	"shavehud_hudlist_tooth_and_claw_buff_title": "이빨과 발톱 (히트맨)",
	"shavehud_hudlist_tooth_and_claw_buff_desc": "",
	"shavehud_hudlist_trigger_happy_buff_title": "난사광",
	"shavehud_hudlist_trigger_happy_buff_desc": "모두 모아지는 버프 중 하나입니다.",
	"shavehud_hudlist_underdog_buff_title": "궁지에 몰린 개",
	"shavehud_hudlist_underdog_buff_desc": "모두 모아지는 버프 중 하나입니다.",
	"shavehud_hudlist_unseen_strike_buff_title": "기습 공격",
	"shavehud_hudlist_unseen_strike_buff_desc": "",
	"shavehud_hudlist_up_you_go_buff_title": "다시 시작해볼까",
	"shavehud_hudlist_up_you_go_buff_desc": "모두 모아지는 버프 중 하나입니다.",
	"shavehud_hudlist_uppers_buff_title": "각성제",
	"shavehud_hudlist_uppers_buff_desc": "",
	"shavehud_hudlist_yakuza_buff_title": "아머 리젠 시간 (야쿠자)",
	"shavehud_hudlist_yakuza_buff_desc": "",
	"shavehud_hudlist_anarchist_armor_recovery_debuff_title": "삶을 위한 욕망 (아나키스트)",
	"shavehud_hudlist_anarchist_armor_recovery_debuff_desc": "",
	"shavehud_hudlist_ammo_give_out_debuff_title": "탄약 기부 (겜블러)",
	"shavehud_hudlist_ammo_give_out_debuff_desc": "",
	"shavehud_hudlist_bullseye_debuff_title": "불스아이 디버프",
	"shavehud_hudlist_bullseye_debuff_desc": "",
	"shavehud_hudlist_inspire_debuff_title": "인스파이어 부스트 디버프",
	"shavehud_hudlist_inspire_debuff_desc": "인스파이어 소리치기 쿨다운 (딜레이)",
	"shavehud_hudlist_inspire_revive_debuff_title": "인스파이어 디버프",
	"shavehud_hudlist_inspire_revive_debuff_desc": "인스파이어 쿨다운 (딜레이)",
	"shavehud_hudlist_life_drain_debuff_title": "체력 흡수 디버프 (인필트레이터)",
	"shavehud_hudlist_life_drain_debuff_desc": "",
	"shavehud_hudlist_medical_supplies_debuff_title": "의약품 디버프 (갬블러)",
	"shavehud_hudlist_medical_supplies_debuff_desc": "",
	"shavehud_hudlist_sociopath_debuff_title": "리젠 디버프 (소시오패스)",
	"shavehud_hudlist_sociopath_debuff_desc": "",
	"shavehud_hudlist_armorer_teambuff_title": "추가 아머 팀 버프 (아머러)",
	"shavehud_hudlist_armorer_teambuff_desc": "",
	"shavehud_hudlist_bulletproof_teambuff_title": "방탄갑옷 팀 버프",
	"shavehud_hudlist_bulletproof_teambuff_desc": "",
	"shavehud_hudlist_crew_chief_teambuff_title": "스탯 증가 팀 버프 (크루 치프)",
	"shavehud_hudlist_crew_chief_teambuff_desc": "모두 모아지는 버프 중 하나입니다.",
	"shavehud_hudlist_forced_friendship_teambuff_title": "강제 친구 팀 버프",
	"shavehud_hudlist_forced_friendship_teambuff_desc": "",
	"shavehud_hudlist_life_steal_gage_debuff_title": "Life Steal",
	"shavehud_hudlist_life_steal_gage_debuff_desc": "",
	"shavehud_hudlist_invulnerable_gage_buff_title": "Invulnerability",
	"shavehud_hudlist_invulnerable_gage_buff_desc": "",
	"shavehud_hudlist_crew_inspire_debuff_title": "Inspiring",
	"shavehud_hudlist_crew_inspire_debuff_desc": "",
	"shavehud_hudlist_crew_throwable_regen_buff_title": "Stockpiler",
	"shavehud_hudlist_crew_throwable_regen_buff_desc": "",
	"shavehud_hudlist_crew_health_regen_buff_title": "Healer",
	"shavehud_hudlist_crew_health_regen_buff_desc": "",
	"shavehud_waypoints_options_name": "웨이포인트 옵션",
	"shavehud_waypoints_options_help": "웨이포인트를 설정합니다.",
	"shavehud_waypoints_color_title": "웨이포인트 색",
	"shavehud_waypoints_color_desc": "기본 미션 웨이포인트의 색을 설정합니다.",
	"shavehud_waypoints_show_ammo_bag_title": "탄약 가방 표시",
	"shavehud_waypoints_show_ammo_bag_desc": "탄약 가방 웨이포인트를 표시합니다.\n(얼마나 남았는지 퍼센트로 표시됩니다.)",
	"shavehud_waypoints_show_doc_bag_title": "의료 가방 표시",
	"shavehud_waypoints_show_doc_bag_desc": "의료 가방 웨이포인트를 표시합니다.\n(얼마나 남았는지 숫자로 표시됩니다.)",
	"shavehud_waypoints_show_first_aid_kit_title": "응급 치료 킷 표시",
	"shavehud_waypoints_show_first_aid_kit_desc": "응급 치료 킷 웨이포인트를 표시합니다.\n(어떤 스킬이 적용되있는지도 표시됩니다.)",
	"shavehud_waypoints_show_body_bag_title": "시체 가방 표시",
	"shavehud_waypoints_show_body_bag_desc": "시체 가방 웨이포인트를 표시합니다.\n(얼마나 남았는지 숫자로 표시됩니다.)",
	"shavehud_waypoints_show_grenade_crate_title": "수류탄 상자 표시",
	"shavehud_waypoints_show_grenade_crate_desc": "수류탄 상자 웨이포인트를 표시합니다.\n(얼마나 남았는지 숫자로 표시됩니다.)",
	"shavehud_waypoints_show_sentries_title": "센트리 표시",
	"shavehud_waypoints_show_sentries_desc": "센트리 웨이포인트를 표시합니다.\n(얼마나 남아있는지 퍼센트로 표시됩니다.)",
	"shavehud_waypoints_show_ecms_title": "ECM 표시",
	"shavehud_waypoints_show_ecms_desc": "ECM 웨이포인트를 표시합니다.\n(피드백이나 남아있는 시간도 표시됩니다.)",
	"shavehud_waypoints_show_timers_title": "타이머 표시",
	"shavehud_waypoints_show_timers_desc": "남은시간 웨이포인트를 표시합니다.\n(어떤 업그레이드가 적용 되있는지도 표시됩니다.)",
	"shavehud_waypoints_show_loot_title": "루트 가방 표시",
	"shavehud_waypoints_show_loot_desc": "가까이 있는 가방안에 있는 루트 이름을 표시합니다.",
	"shavehud_waypoints_loot_icon_title": "가방 아이콘 표시",
	"shavehud_waypoints_loot_icon_desc": "가방안에 넣은 루트에 아이콘을 표시합니다.",
	"shavehud_waypoints_loot_offset_title": "Height offset",
	"shavehud_waypoints_loot_offset_desc": "Set the height offset of the text label on loot.",
	"shavehud_waypoints_loot_bagged_offset_title": "Bagged height offset",
	"shavehud_waypoints_loot_bagged_offset_desc": "Set the height offset of the text label on bagged loot.",
	"shavehud_waypoints_loot_angle_title": "Visible angle",
	"shavehud_waypoints_loot_angle_desc": "Set the angle the text label is visible in.",
	"shavehud_waypoints_show_special_equipment_title": "특수 장비 표시",
	"shavehud_waypoints_show_special_equipment_desc": "키카드, 나무판자 등 의 웨이포인트를 표시합니다.",
	"shavehud_waypoints_show_minions_title": "조커 표시",
	"shavehud_waypoints_show_minions_desc": "조커된 경찰 위에 이름, 조커 주인 색, 킬 카운터를 표시합니다.",
	"shavehud_waypoints_show_pager_title": "페이저 표시",
	"shavehud_waypoints_show_pager_desc": "페이저 웨이포인트를 표시합니다.\n(다른 플레이어가 응답 중 일 경우 초록색으로 바뀝니다.)",
	"shavehud_tabstats_options_name": "TabStats 옵션",
	"shavehud_tabstats_options_help": "Tab 누르면 나오는 화면을 설정합니다.",
	"shavehud_tabstats_clock_mode_title": "시간 모드",
	"shavehud_tabstats_clock_mode_desc": "시간이 어떻게 표시될지 설정합니다.",
	"shavehud_tabstats_clock_mode_a": "12시간",
	"shavehud_tabstats_clock_mode_b": "24시간",
	"shavehud_tabstats_clock_mode_c": "Heist Time",
	"shavehud_use_tabstats_title": "TabStats 사용",
	"shavehud_use_tabstats_desc": "미션 정보 대신에 당신의 통계를 표시합니다.\n(맵을 바꿔야 적용됩니다...)",
	"shavehud_tabstats_font_size_title": "리스트 폰트 크기",
	"shavehud_tabstats_font_size_desc": "고급 통계 리스트 폰트 크기를 설정합니다.",
	"shavehud_tabstats_color_title": "리스트 색",
	"shavehud_tabstats_color_desc": "고급 통계 리스트 색을 설정합니다.",
	"shavehud_tabstats_actual_mask_title": "진짜 마스크 표시",
	"shavehud_tabstats_actual_mask_desc": "현재 당신이 쓰고있는 마스크를 표시합니다\n(기본적으로 캐릭터의 마스크로 표시됩니다).",
	"shavehud_tabstats_numeric_loot_title": "Numeric Loot Counter",
	"shavehud_tabstats_numeric_loot_desc": "Disable the bag counting minigame and display the number right away.",
	"shavehud_crewloadout_options_name": "Crew Loadout Options",
	"shavehud_crewloadout_options_help": "Choose where you want to get Information on which gear and skills your teammates are bringing.",
	"shavehud_crewloadout_lobby_title": "Show in Lobby",
	"shavehud_crewloadout_lobby_desc": "Adds a button to your Lobby screen, that can display the loadout of you and your crew.",
	"shavehud_crewloadout_cs_lobby_title": "Show in Crimespree Lobby",
	"shavehud_crewloadout_cs_lobby_desc": "Adds a new tab right next to the modifiers and rewards in the crimespree lobby.",
	"shavehud_crewloadout_briefing_title": "Replace in briefing",
	"shavehud_crewloadout_briefing_desc": "Replaces the default Crew Loadout Panel in Mission briefing.",
	"shavehud_crewloadout_tabscreen_title": "Show on Tabscreen",
	"shavehud_crewloadout_tabscreen_desc": "Displays the Skills, Perk and current Ping of players in your lobby. \n(Disabled if you use this feature of LobbyPlayerInfo)",
    "shavehud_profilemenu_replace_title": "Replace Profile Menu",
    "shavehud_profilemenu_replace_desc": "Replaces the default Profile-Selector with ShaveHUDs advanced one.",
	"shavehud_dmgindicator_options_name": "데미지 인디케이터",
	"shavehud_dmgindicator_options_help": "데미지 인디케이터의 페이드 시간, 크기 등을 설정합니다.",
	"shavehud_show_dmg_indicator_title": "다이나믹 데미지 인디케이터",
	"shavehud_show_dmg_indicator_desc": "데미지 인디케이터의 애니메이션을 활성화 합니다.",
	"shavehud_dmg_ind_time_title": "인디케이터 지속시간",
	"shavehud_dmg_ind_time_desc": "데미지 인디케이터가 얼마나 오랫동안 표시될지 설정합니다.",
	"shavehud_dmg_ind_size_title": "인디케이터 크기",
	"shavehud_dmg_ind_size_desc": "데미지 인디케이터의 원 크기를 설정합니다.",
	"shavehud_dmg_indicator_max_count_title": "최대 인디케이터 수",
	"shavehud_dmg_indicator_max_count_desc": "화면에 표시될수있는 최대 인디케이터 수 를 설정합니다.",
	"shavehud_dmg_shield_color_title": "방탄복 색",
	"shavehud_dmg_shield_color_desc": "방탄복 데미지만 받았을때의 색을 설정합니다.",
	"shavehud_dmg_health_color_title": "체력 색",
	"shavehud_dmg_health_color_desc": "체력 데미지를 받았을때의 색을 설정합니다.",
	"shavehud_dmg_crit_color_title": "적은 체력 색",
	"shavehud_dmg_crit_color_desc": "많은 체력 데미지를 받았을때의 색을 설정합니다.",
	"shavehud_dmg_vehicle_color_title": "차량 색",
	"shavehud_dmg_vehicle_color_desc": "차량안에 있을때 데미지를 받을경우의 색을 설정합니다.",
	"shavehud_dmg_friendlyfire_color_title": "팀킬 색",
	"shavehud_dmg_friendlyfire_color_desc": "팀원의 폭팔물, 불 등의 체력을 받았을때의 색을 설정합니다..",
	"shavehud_dmgpopup_options_name": "적군 데미지 팝업 설정",
	"shavehud_dmgpopup_options_help": "적군 머리 옆에 뜨는 데미지 딜을 설정합니다.",
	"shavehud_show_dmg_popup_title": "데미지 팝업",
	"shavehud_show_dmg_popup_desc": "데미지 팝업을 표시합니다.",
	"shavehud_dmg_popup_player": "자기 만",
	"shavehud_dmg_popup_all": "모든 사람",
	"shavehud_dmg_popup_scale_title": "팝업 크기",
	"shavehud_dmg_popup_scale_desc": "Changes the size of the damage popups.",
	"shavehud_dmg_popup_skull_scale_title": "해골 크기",
	"shavehud_dmg_popup_skull_scale_desc": "Changes the size of the skull icon when it was a kill.",
	"shavehud_dmg_popup_skull_align_title": "Skull Align",
	"shavehud_dmg_popup_skull_align_desc": "Changes the alignment of the skull icon when it was a kill.",
	"shavehud_dmg_popup_time_title": "팝업 지속시간",
	"shavehud_dmg_popup_time_desc": "데미지 팝업이 얼마나 오랫동안 지속될지 설정합니다.",
	"shavehud_dmg_popup_height_title": "팝업 높이",
	"shavehud_dmg_popup_height_desc": "팝업이 표시될 높이를 설정합니다.",
	"shavehud_dmg_popup_alpha_title": "팝업 투명도",
	"shavehud_dmg_popup_alpha_desc": "Set the opacity of the popup.",
	"shavehud_dmg_popup_color_title": "몸샷 팝업 색",
	"shavehud_dmg_popup_color_desc": "몸샷으로 표시된 팝업 색을 설정합니다.",
	"shavehud_dmg_popup_critical_color_title": "Critical Popup Color",
	"shavehud_dmg_popup_critical_color_desc": "Set the color of the popup for critical hits.",
	"shavehud_dmg_popup_headshot_color_title": "헤드샷 팝업 색",
	"shavehud_dmg_popup_headshot_color_desc": "헤드샷으로 표시된 팝업 색을 설정합니다.",
	"shavehud_enemyhealthbar_options_name": "적 체력",
	"shavehud_enemyhealthbar_options_help": "적 체력바를 설정합니다.",
	"shavehud_show_floatinghealthbar_title": "Show Floating Enemy Healthbar",
	"shavehud_show_floatinghealthbar_desc": "Display Floating Enemy Healthbar, when aiming at an enemy.",
	"shavehud_fhb_custom_fix_title": "Custom Health Texture Fix",
	"shavehud_fhb_custom_fix_desc": "Fixes rendering of custom health textures. Toggle on/off if the FHB health texture's size seems wrong.",
	"shavehud_show_enemyhealthbar_title": "적 체력바 사용",
	"shavehud_show_enemyhealthbar_desc": "화면 가운데에 적 체력을 표시합니다.\n(맵을 바꿔야 적용됩니다...)",
	"shavehud_show_civhealthbar_title": "시민 체력바 사용",
	"shavehud_show_civhealthbar_desc": "봇이나 시민 체력을 표시합니다.",
	"shavehud_show_carhealthbar_title": "탈것 체력바 사용",
	"shavehud_show_carhealthbar_desc": "탈것 체력을 표시합니다.",
	"shavehud_show_healthbar_pointer_title": "포인터 사용",
	"shavehud_show_healthbar_pointer_desc": "체력바에 해당되는 적(시민)을 가르키는 화살표를 표시합니다.",
	"shavehud_interaction_options_name": "상호작용 설정",
	"shavehud_interaction_options_help": "상호작용이 어떻게 표시될지 설정합니다.",
	"shavehud_press2hold_lock_mode_title": "잠금 모드",
	"shavehud_press2hold_lock_mode_desc": "X 초 이상 누르면 잠금모드로 들어갑니다. (진행식)\n총 X 초 이상 눌러야 되면 잠금모드로 들어갑니다. (전체식)",
	"shavehud_press2hold_lock_mode_a": "진행식",
	"shavehud_press2hold_lock_mode_b": "전체식",
	"shavehud_press2hold_lock_mode_c": "페이저+죄물쇠",
	"shavehud_press2hold_lock_mode_d": "페이저 만",
	"shavehud_press2hold_min_timer_duration_title": "최소 시간",
	"shavehud_press2hold_min_timer_duration_desc": "최소한 몇 초 동안 눌러야 잠금모드로 들어가는지 설정합니다.",
	"shavehud_press2hold_show_lockindicator_title": "잠금 모드 표시",
	"shavehud_press2hold_show_lockindicator_desc": "잠금 모드가 작동되어있는지 아닌지 표시합니다.\n(초록색 빨간색으로 깜빡거립니다.)",
	"shavehud_press2hold_equipment_cancel_title": "장비키 취소",
	"shavehud_press2hold_equipment_cancel_desc": "잠금 모드로 들어간 상호작용을 장비키를 눌러 취소합니다.\n(리본적으로 상호작용키를 다시 눌러야 취소됩니다.)",
	"shavehud_press2hold_interrupt_hint_title": "취소버튼 보기",
	"shavehud_press2hold_interrupt_hint_desc": "어떤키가 취소키인지 상호작용 원 밑에 있는 텍스트에 표시합니다.",
	"shavehud_press2hold_show_timer_title": "남아있는 시간 표시",
	"shavehud_press2hold_show_timer_desc": "남아있는 시간을 상호작용 원 안에 표시합니다.",
	"shavehud_press2hold_show_circle_title": "상호작용 원 표시",
	"shavehud_press2hold_show_circle_desc": "기본 상호작용 원을 표시합니다.",
	"shavehud_press2hold_circle_scale_title": "원 크기",
	"shavehud_press2hold_circle_scale_desc": "Scaling factor of the interaction circle.",
	"shavehud_press2hold_timer_scale_title": "타이머 크기",
	"shavehud_press2hold_timer_scale_desc": "Scaling factor of the center timer (Takes circle scale into account).",
	"shavehud_press2hold_text_scale_title": "텍스트 크기",
	"shavehud_press2hold_text_scale_desc": "상호작용 원 밑에 표시되는 텍스트 크기를 설정합니다.",
	"shavehud_press2hold_show_reload_circle_title": "재장전 시간",
	"shavehud_press2hold_show_reload_circle_desc": "당신의 재장전 시간을 상호작용의 원으로 표시합니다.",
	"shavehud_press2hold_show_melee_circle_title": "근접 충전시간 표시",
	"shavehud_press2hold_show_melee_circle_desc": "근접 충전시간을 상호작용 원으로 표시합니다.",
	"shavehud_press2hold_timer_color_start_title": "색 설정 (시작할 때)",
	"shavehud_press2hold_timer_color_start_desc": "타이머가 무슨 색으로 시작할지 설정합니다.",
	"shavehud_press2hold_timer_color_title": "색 설정 (끝날 때)",
	"shavehud_press2hold_timer_color_desc": "타이머가 무슨 색으로 끝날지 설정합니다.",
	"shavehud_press2hold_show_timer_outline_title": "검은색 테두리",
	"shavehud_press2hold_show_timer_outline_desc": "남은 시간에 검은색 테두리를 적용합니다.",
	"shavehud_doubletap_nades_stealth_title": "스텔스 수류탄 방지",
	"shavehud_doubletap_nades_stealth_desc": "스텔스 일 경우 수류탄을 던지려면 2번 연속 키를 눌러야됩니다. \n사고 방지용.",
	"shavehud_hold_to_pick_title": "인스턴트 자동 줍기",
	"shavehud_hold_to_pick_desc": "Automatically pick up small loot.",
	"shavehud_press_to_mask_title": "Press to Mask Up",
	"shavehud_press_to_mask_desc": "When checked, you only have to press (rather than hold) to mask up.",
	"shavehud_inventory_options_name": "인벤토리 설정",
	"shavehud_inventory_options_help": "Options to change the visuals of your Inventory and alter Equipment behavior.",
	"shavehud_equipment_senty_auto_ap_title": "센트리 자동 AP 모드",
	"shavehud_equipment_senty_auto_ap_desc": "스킬이 있다면 센트리가 설치되는순간 자동으로 AP 모드로 설정됩니다.",
	"shavehud_equipment_tripmine_auto_sensor_stealth_title": "트립마인 자동 센서 모드",
	"shavehud_equipment_tripmine_auto_sensor_stealth_desc": "스텔스 일 경우, 트립마인을 설치하면 자동으로 센서 모드로 변경됩니다.",
	"shavehud_equipment_ecm_feedback_disabled_stealth_title": "ECM 피드팩 차단",
	"shavehud_equipment_ecm_feedback_disabled_stealth_desc": "스텔스 일 경우 ECM 피드팩을 사용 못하게 차단합니다.",
	"shavehud_equipment_shaped_charge_disabled_stealth_title": "Shaped Charge Suppression",
	"shavehud_equipment_shaped_charge_disabled_stealth_desc": "When checked, you need to doubletap to deploy shaped charges in stealth. \nOnly to prevent accidents.",
	"shavehud_equipment_keycard_doors_disabled_title": "Key-card Door Suppression",
	"shavehud_equipment_keycard_doors_disabled_desc": "When checked, you need to doubletap to close doors in hoxton breakout day 2. \nOnly to prevent accidents.",
	"shavehud_override_fedinv": "Enable Federal Inventory",
	"shavehud_override_fedinv_desc": "Enable colorized Inventory icons.\nRequires game restart to fully take effect.",
	"shavehud_gadget_options_name": "무기 가젯 옵션",
	"shavehud_gadget_options_help": "무기 가젯을 사용자에 맞게 설정합니다.",
	"shavehud_laser_autoon_title": "자동 레이저",
	"shavehud_laser_autoon_desc": "자동으로 레이저를 활성화 시킵니다.",
	"shavehud_show_angled_sight_title": "기울어진 무기",
	"shavehud_show_angled_sight_desc": "가방을 들 경우 무기도 같이 기울어집니다.",
	"shavehud_gadget_player_laser_options_name": "플레이어 레이저 색",
	"shavehud_gadget_player_laser_options_help": "플레이어의 레이저 색을 설정합니다.",
	"shavehud_gadget_player_sentry_laser_options_name": "플레이어 센트리 레이저 색",
	"shavehud_gadget_player_sentry_laser_options_help": "플레이어의 센트리 색을 설정합니다.",
	"shavehud_gadget_team_laser_options_name": "팀원 레이저 색",
	"shavehud_gadget_team_laser_options_help": "팀원의 레이저 색을 설정합니다.",
	"shavehud_gadget_team_sentry_laser_options_name": "팀원 센트리 레이저 색",
	"shavehud_gadget_team_sentry_laser_options_help": "팀원의 레이저 색을 설정합니다.",
	"shavehud_gadget_sniper_laser_options_name": "적군 스나이퍼 레이저 색",
	"shavehud_gadget_sniper_laser_options_help": "적군 스나이퍼의 레이저 색을 설정합니다.",
	"shavehud_gadget_turret_laser_active_options_name": "적군 터렛 레이저 색 (작동중)",
	"shavehud_gadget_turret_laser_active_options_help": "작동중인 적군 터렛 레이저 색을 설정합니다.",
	"shavehud_gadget_turret_laser_rearming_options_name": "적군 터렛 레이저 색 (보충중)",
	"shavehud_gadget_turret_laser_rearming_options_help": "보충중(쉴드파괴)인 적군 터렛 레이저 색을 설정합니다.",
	"shavehud_gadget_turret_laser_mad_options_name": "적군 터렛 레이저 색 (고장)",
	"shavehud_gadget_turret_laser_mad_options_help": "ECM에 의한 방해된 터렛 레이저를 설정합니다.",
	"shavehud_gadget_player_flashlight_options_name": "플레이어 손전등 색",
	"shavehud_gadget_player_flashlight_options_help": "플레이어의 손전등 색을 설정합니다.",
	"shavehud_gadget_team_flashlight_options_name": "팀원 손전등 색",
	"shavehud_gadget_team_flashlight_options_help": "팀원의 손전등 색을 설정합니다.",
	"shavehud_gadgets_enabled_title": "Overwrite Color",
	"shavehud_gadgets_enabled_desc": "Use this definition instead of the gadget configuration.",
	"shavehud_gadgets_beam_r_title": "레이저 색 (빨간색)",
	"shavehud_gadgets_beam_r_desc": "Red component of the laser color.",
	"shavehud_gadgets_beam_g_title": "레이저 색 (초록색)",
	"shavehud_gadgets_beam_g_desc": "Green component of the laser color.",
	"shavehud_gadgets_beam_b_title": "레이저 색 (파란색)",
	"shavehud_gadgets_beam_b_desc": "Blue component of the laser color.",
	"shavehud_gadgets_beam_a_title": "레이저 색 투명도",
	"shavehud_gadgets_beam_a_desc": "Oppacity of the laser beam.",
	"shavehud_gadgets_dot_match_title": "Matching Dot Color",
	"shavehud_gadgets_dot_match_desc": "Determines, if the laser dot should match the beam in color.",
	"shavehud_gadgets_dot_r_title": "Laser Dot (R)",
	"shavehud_gadgets_dot_r_desc": "Red component of the laser dots color.",
	"shavehud_gadgets_dot_g_title": "Laser Dot (G)",
	"shavehud_gadgets_dot_g_desc": "Green component of the laser dots color.",
	"shavehud_gadgets_dot_b_title": "Laser Dot (B)",
	"shavehud_gadgets_dot_b_desc": "Blue component of the laser dots color.",
	"shavehud_gadgets_dot_a_title": "Laser Dot Alpha",
	"shavehud_gadgets_dot_a_desc": "Oppacity of the laser dot.",
	"shavehud_gadgets_glow_match_title": "Matching Glow Color",
	"shavehud_gadgets_glow_match_desc": "Determines, if the lasers glow should match the beam in color.",
	"shavehud_gadgets_glow_r_title": "Laser Glow (R)",
	"shavehud_gadgets_glow_r_desc": "Red component of the laser glow color.",
	"shavehud_gadgets_glow_g_title": "Laser Glow (G)",
	"shavehud_gadgets_glow_g_desc": "Green component of the laser glow color.",
	"shavehud_gadgets_glow_b_title": "Laser Glow (B)",
	"shavehud_gadgets_glow_b_desc": "Blue component of the laser glow color.",
	"shavehud_gadgets_glow_a_title": "Laser Glow Alpha",
	"shavehud_gadgets_glow_a_desc": "Oppacity of the laser glow.",
	"shavehud_gadgets_light_r_title": "Flashlight (R)",
	"shavehud_gadgets_light_r_desc": "Red component of the flashlight color.",
	"shavehud_gadgets_light_g_title": "Flashlight (G)",
	"shavehud_gadgets_light_g_desc": "Green component of the flashlight color.",
	"shavehud_gadgets_light_b_title": "Flashlight (B)",
	"shavehud_gadgets_light_b_desc": "Blue component of the flashlight color.",
	"shavehud_gadgets_light_brightness_title": "Flashlight Brightness",
	"shavehud_gadgets_light_brightness_desc": "Brightness of the flashlight.",
	"shavehud_gadgets_light_angle_title": "Flashlight Angle",
	"shavehud_gadgets_light_angle_desc": "The angle the flashlight shines in.",
	"shavehud_gadgets_light_range_title": "Flashlight Range",
	"shavehud_gadgets_light_range_desc": "Distance the Flashlight can cover.",
	"shavehud_gadgets_rainbow_enabled_title": "Enable Rainbow",
	"shavehud_gadgets_rainbow_enabled_desc": "Enables the rainbow mode.",
	"shavehud_gadgets_rainbow_frequency_title": "Rainbow Frequency",
	"shavehud_gadgets_rainbow_frequency_desc": "Determines how fast the rainbow changes colors.",
	"shavehud_gadgets_pulse_enabled_title": "Enable Pulse",
	"shavehud_gadgets_pulse_enabled_desc": "Activates the pulse mode.",
	"shavehud_gadgets_pulse_min_title": "Pulse Min",
	"shavehud_gadgets_pulse_min_desc": "Minimum Oppacity modificator that gets used.",
	"shavehud_gadgets_pulse_max_title": "Pulse Max",
	"shavehud_gadgets_pulse_max_desc": "Maximum Oppacity modificator that gets used.",
	"shavehud_gadgets_pulse_frequency_title": "Pulse Frequency",
	"shavehud_gadgets_pulse_frequency_desc": "Determines the time it takes the pulse from minimum to maximum oppacity multiplicator.",
	"shavehud_skipit_options_name": "Skip-It 설정",
	"shavehud_skipit_options_help": "자동으로 스킵될지 설정합니다.\n(시작할때 Enter 꾹 누르기, 카드 자동 고르기 등등..)",
	"shavehud_assaultbanner_options_name": "어설트 배너 설정",
	"shavehud_assaultbanner_options_help": "어설트 배너를 설정합니다.",
	"shavehud_create_empty_lobby_title": "Create Empty Lobby",
	"shavehud_create_empty_lobby_desc": "Create a contractless multiplayer lobby.\n(defaults to friends-only, changeable to public or private)",
	"shavehud_item_insta_custody_mod_id": "Go into custody",
	"shavehud_item_insta_custody_mod_desc": "Do you want to go into custody?",
	"shavehud_chat_insta_custody_mod_msg": "\"Instant Custody\" mod was used.",
	"shavehud_dialog_insta_custody_mod_yes": "Yes",
	"shavehud_dialog_insta_custody_mod_no": "No",
	"shavehud_autokick_cheat_mods_title": "Autokick Cheat Mods",
    "shavehud_autokick_cheat_mods_desc": "Automatically kick players using cheat mods (that can impact your gameplay)",
    "shavehud_badass_camera_title": "Badass Camera",
    "shavehud_badass_camera_desc": "Enable cinematic camera effects in main menu",
    "shavehud_bag_tilt_removal_title": "Bag Carry Tilt Removal",
    "shavehud_bag_tilt_removal_desc": "Disable the camera tilt when carrying bags",
    "shavehud_bigger_better_replaced_title": "Bigger Better Replaced",
    "shavehud_bigger_better_replaced_desc": "Replaces \"The Bigger The Better\" with \"SpecOps Suppressor\" (model only)",
    "shavehud_bullet_decapitations_title": "Bullet Dismemberment",
    "shavehud_bullet_decapitations_desc": "Improved gore effects",
    "shavehud_clear_descriptions_title": "Clear Descriptions",
    "shavehud_clear_descriptions_desc": "Improved descriptions for weapon gadgets and special ammo",
    "shavehud_correct_armor_sorting_title": "Correct Armor Sorting",
    "shavehud_correct_armor_sorting_desc": "Order armor by protection in ascending order",
    "shavehud_fix_counter_taser_title": "Counter-Taser Animation",
    "shavehud_fix_counter_taser_desc": "Restore the counter-taser animation",
    "shavehud_difficulty_animation_title": "Blackscreen Difficulty Animation",
    "shavehud_difficulty_animation_desc": "Animated difficulty indicator on blackscreen",
    "shavehud_disable_telemetry_title": "Disable Spyware",
    "shavehud_disable_telemetry_desc": "Disable the game's built-in telemetry",
    "shavehud_enable_akimbo_mode_title": "Akimbo Firemode Toggle",
    "shavehud_enable_akimbo_mode_desc": "Activate Akimbo Firemode Toggle Keybind",
    "shavehud_fix_ability_use_title": "Perkdeck Ability Use Fix",
    "shavehud_fix_ability_use_desc": "Allow using perkdeck abilities while driving or shooting",
    "shavehud_fix_auto_fire_sound_title": "Autofire Sound Fix",
    "shavehud_fix_auto_fire_sound_desc": "Prevent duplicate sound playback on single shots",
    "shavehud_fix_bot_bullet_collision_title": "Disable Bot Bullet Collision",
    "shavehud_fix_bot_bullet_collision_desc": "Allow player shots to pass through Team AI",
    "shavehud_fix_bullet_push_title": "Disable Killing Bullet Push",
    "shavehud_fix_bullet_push_desc": "Disable the killing bullet push that causes visual glitches (Shotguns and Stealth unaffected)",
    "shavehud_fix_cloaker_cam_lock_title": "Disable Cloaker Camera Lock",
    "shavehud_fix_cloaker_cam_lock_desc": "Prevents Cloakers from locking your camera",
    "shavehud_fix_correct_diff_enemies_title": "Correct Difficulty Enemies",
    "shavehud_fix_correct_diff_enemies_desc": "Prevent wrong enemies spawning",
    "shavehud_fix_crimespree_crash_loss_title": "Crimespree Crash Loss Fix",
    "shavehud_fix_crimespree_crash_loss_desc": "Prevents losing your crimespree after crashing",
    "shavehud_fix_crimespree_phalanx_spawn_limit_title": "Crimespree Phalanx Spawn Limit",
    "shavehud_fix_crimespree_phalanx_spawn_limit_desc": "Forces Phalanx Shields to adhere to spawn limits",
    "shavehud_fix_crimespree_rankspread_filter_title": "Crimespree Rank Spread Filter Fix",
    "shavehud_fix_crimespree_rankspread_filter_desc": "Fixes the Rank Spread Filter",
    "shavehud_fix_diff_check_fallback_title": "Difficulty Check Fallback Fix",
    "shavehud_fix_diff_check_fallback_desc": "Fixes scripted spawns which are broken on Mayhem/Death Sentence",
    "shavehud_fix_dozer_sprint_title": "Bulldozer Sprint Fix",
    "shavehud_fix_dozer_sprint_desc": "Prevent Bulldozers from sprinting near players, as originally intended",
    "shavehud_fix_keep_heist_outfits_title": "Keep specific heist outfits",
    "shavehud_fix_keep_heist_outfits_desc": "Override outfits if the heist has a specific one (client-side only)",
    "shavehud_fix_logical_heist_outfits_title": "Extend specific heist outfits",
    "shavehud_fix_logical_heist_outfits_desc": "Use Parka for Boiling Point, Legacy Tactical for Slaughterhouse",
    "shavehud_fix_reload_speed_boost_title": "Reload Speed Boost Fix",
    "shavehud_fix_reload_speed_boost_desc": "Allow reload speed boost affectig single reload weapons",
    "shavehud_fix_shotgun_reload_title": "Shotgun Reload Fix",
    "shavehud_fix_shotgun_reload_desc": "Fix an issue where Shotguns and similar weapons only reload one round",
    "shavehud_fix_stale_lobby_title": "Stale Lobby Contract Fix",
    "shavehud_fix_stale_lobby_desc": "Report lobby as contractless to Steam rather than the last finished heist",
    "shavehud_fixes_options_name": "Bugfix Options",
    "shavehud_hidden_dlc_title": "Hide Latest DLC ad",
    "shavehud_hidden_dlc_desc": "Hide latest DLC advertisement on main menu",
    "shavehud_hidden_updates_title": "Hide Content Updates",
    "shavehud_hidden_updates_desc": "Hide Content Updates on main menu",
    "shavehud_instant_custody_title": "Instant Custody",
    "shavehud_instant_custody_desc": "Enables menu option to go into custody voluntarily",
    "shavehud_instant_pick_gage_title": "Instant Gage Package Pickup",
    "shavehud_instant_pick_gage_desc": "Instantly pick up Gage packages",
    "shavehud_inventory_count_title": "Inventory Count",
    "shavehud_inventory_count_desc": "Display additional information for throwables and equipment",
    "shavehud_kick_friend_title": "Don't Ban Friends",
    "shavehud_kick_friend_desc": "Allow friends to rejoin your lobby after a kick",
    "shavehud_ladder_improvements_title": "Ladder Improvements",
    "shavehud_ladder_improvements_desc": "Makes ladder handling much more intuitive, see modwork.shop/23192",
    "shavehud_mask_in_outfit_screen_title": "Show Mask in outfit screen",
    "shavehud_mask_in_outfit_screen_desc": "Display your mask in outfit screen",
    "shavehud_misc_options_name": "Other Options",
    "shavehud_mod_list_lite_title": "Modlist Lite",
    "shavehud_mod_list_lite_desc": "Prevent modlist from loading icons",
    "shavehud_no_fade_title": "Disable Fade to Black",
    "shavehud_no_fade_desc": "Remove Fade to Black in main menu",
    "shavehud_no_red_lasers_title": "No Red Teammate Lasers",
    "shavehud_no_red_lasers_desc": "Replaces red teammate lasers with the default green",
    "shavehud_no_sway_title": "Disable Fake Weapon Sway",
    "shavehud_no_sway_desc": "Remove fake weapon sway when aiming down sights",
    "shavehud_no_weapon_rotation_title": "Disable Weapon Rotation",
    "shavehud_no_weapon_rotation_desc": "Remove Weapon Preview Rotation in the Blackmarket",
    "shavehud_player_blood_title": "Player Bloodsplats",
    "shavehud_player_blood_desc": "Generate bloodsplats when players are hit",
    "shavehud_redundant_card_removal_title": "Remove Redundant Cards",
    "shavehud_redundant_card_removal_desc": "Remove money and experience from the loot table",
    "shavehud_returnable_mask_components_title": "Return Mask Components",
    "shavehud_returnable_mask_components_desc": "Allow returning mask components",
    "shavehud_shield_despawn_timer_title": "Shield Despawn Timer",
    "shavehud_shield_despawn_timer_desc": "Despawn dead Shields after a timeout",
    "shavehud_shield_despawn_timer_value_title": "Despawn Timeout",
    "shavehud_shield_despawn_timer_value_desc": "Timeout in seconds for despawning dead Shields",
    "shavehud_skin_hider_title": "Hide Skins in Lobby",
    "shavehud_skin_hider_desc": "Display Infamy cards instad of skins in lobby (where applicable)",
    "shavehud_starring_title": "Blackscreen Starring",
    "shavehud_starring_desc": "Display player and character names on blackscreen",
    "shavehud_vehicle_fov_title": "Vehicle FOV",
    "shavehud_vehicle_fov_desc": "Override FOV for all vehicles",
    "shavehud_vehicle_fov_value_title": "Override Value",
    "shavehud_vehicle_fov_value_desc": "Set FOV for all vehicles to this",
	"shavehud_fix_third_person_recoil_title": "Third Person Recoil",
	"shavehud_fix_third_person_recoil_desc": "Enable firing/recoil animations for most weapons in third person",
	"shavehud_fix_mag_drop_title": "Mag Drop Fixes",
	"shavehud_fix_mag_drop_desc": "Interrupted reloads no longer cause magazines to be stuck in a player's hands or disappear from the gun.",
	"shavehud_fix_mag_drop_limit_title": "Dropped Magazine Limit",
	"shavehud_fix_mag_drop_limit_desc": "Limit dropped magazines in the world",
	"shavehud_identify_vr_title": "Identify VR Players",
	"shavehud_identify_vr_desc": "Show in chat when someone else is using VR and announce in chat that you're using VR (if applicable)."
}