{
	"menu_jowi": "Wick",
	"hud_int_hold_grab_the_bag": "Segure $INTERACT para pegar a bag de $BAG",
	"shavehud_dialog_force_start_title": "Forçar início de jogo?",
	"shavehud_dialog_force_start_desc": "Você tem certeza que quer forçar o início do jogo?\n\nFavor use apenas para salas bugadas, ou se um player estiver afk.\nCertifique-se que todos tiveram tempo de escolher o loadout.\n\nObrigado :)",
	"shavehud_dialog_install_title": "Instalar: $NAME",
	"shavehud_dialog_install_desc": "Você quer instalar '$NAME'?",
	"shavehud_dialog_remind_later": "Perguntar mais tarde",
	"shavehud_dialog_install_fed_inv_desc": "Federal Inventory é um override mod, que instala ícones coloridos para suas armas, máscaras e deployables.\nÉ ótimo quando usado com um CustomHUD e usará o atualizador do BLT.",
	"shavehud_dialog_rename_inv_tab": "Renomear a página do inventário",
	"shavehud_dialog_rename_inv_tab_desc": "Tecle um novo nome para esta página de inventário.",
	"shavehud_dialog_save": "Gravar",
	"shavehud_dialog_requires_superblt_title": "[ShaveHUD] No SuperBLT detected!",
	"shavehud_dialog_requires_superblt_desc_long": "ShaveHUD requires SuperBLT in order to work.\nSuperBLT is a fork of the BLT mod-loading hook for PAYDAY 2, with a number of major improvements. \nIt is fully backwards-compatable with regular BLT mods.\n\nYou can find further information and installation instructions here: \n$URL",
	"shavehud_dialog_requires_superblt_desc_short": "ShaveHUD is no longer compatable with regular BLT.\nPlease update to SuperBLT to continue using it.\nYou can find SuperBLT at '$URL'.",
	"shavehud_dialog_update_install_folder_title": "[ShaveHUD] Auto-Updates compromised!",
	"shavehud_dialog_update_install_folder_desc": "For automatic updates, ShaveHUD's install folder \nneeds to be named 'mods/ShaveHUD/'. \n(Currently its 'mods/$FOLDER/')",
	"shavehud_notification_disabled_override_title": "ShaveHUD: $NAME está atualmente desativado.",
	"shavehud_notification_disabled_override_desc": "Se você mudou de idéia, clique aqui novamente.",
	"shavehud_notification_restart_override_title": "ShaveHUD: $NAME está pronto para instalar.",
	"shavehud_notification_restart_override_desc": "Reinicie o jogo para iniciar o download.",
	"shavehud_int_locked": "APERTE $BTN_CANCEL PARA INTERROMPER",
	"shavehud_int_locked_pager": "APERTE $BTN_CANCEL PARA INTERROMPER\n(ATIVA O ALARME)",
	"shavehud_preplanning_save": "Gravar plano",
	"shavehud_preplanning_load": "Carregar plano",
	"shavehud_preplanning_reset": "Resetar plano",
	"shavehud_preplanning_reset_all": "Resetar tudo",
	"shavehud_preplanning_delete": "Deletar um ou mais planos",
	"shavehud_preplanning_save_tooltip_title": "Gravar plano atual:",
	"shavehud_preplanning_save_tooltip_desc": "Grava seu plano atual, e você fará mais facil da próxima vez nesta missão.",
	"shavehud_preplanning_load_tooltip_title": "Carregar ultimo plano:",
	"shavehud_preplanning_load_tooltip_desc": "Abre um menu com todos os planos gravados.",
	"shavehud_preplanning_reset_tooltip_title": "Resetar plano atual:",
	"shavehud_preplanning_reset_tooltip_desc": "Remove todos os assets do plano atual, assim como os votes.",
	"shavehud_preplanning_reset_all_tooltip_title": "Resetar o plano completamente:",
	"shavehud_preplanning_reset_all_tooltip_desc": "Remove todos os assets do plano atual, assim como os votes.",
	"shavehud_preplanning_delete_tooltip_title": "Deletar plano gravado",
	"shavehud_preplanning_delete_tooltip_desc": "Limpa seus planos gravados.",
	"shavehud_preplanning_manager_title": "Gerenciador de Preplanning",
	"shavehud_preplanning_error_no_saved_plans": "Não foram encontrados planos gravados.",
	"shavehud_preplanning_error_max_plans_reached": "Quantidade máxima de planos gravados atingida.",
	"shavehud_preplanning_votes_title": "Votes:",
	"shavehud_preplanning_assets_title": "Assets:",
	"shavehud_preplanning_dialog_save": "Gravar planos?",
	"shavehud_preplanning_dialog_save_desc": "$PLAN\n\n\nTecle um nome para este plano.\n(Usar um nome existente irá sobrescrever o anterior.)",
	"shavehud_preplanning_dialog_delete": "Deletar plano?",
	"shavehud_preplanning_dialog_delete_desc": "Você tem certeza que quer deletar plano '$NAME'?",
	"shavehud_preplanning_msg_saved_success": "Plano atual gravado com sucesso.",
	"shavehud_preplanning_msg_saved_failed": "Ocorreu um erro ao gravar o plano.",
	"shavehud_preplanning_msg_no_save_slot": "Quantidade máxima de planos gravados atingida.",
	"shavehud_preplanning_msg_no_current_plan": "Você não tem nada planejado, que possa ser gravado.",
	"shavehud_preplanning_msg_loaded_success": "O plano foi carregado com sucesso.",
	"shavehud_preplanning_msg_loaded_failed": "Ocorreu um erro ao carregar o plano.",
	"shavehud_preplanning_msg_loaded_partitially": "O plano foi carregado parcialmente: $ERRORMSG",
	"shavehud_preplanning_msg_loaded_missing_skill": "Faltando uma Skill",
	"shavehud_preplanning_msg_loaded_missing_favours": "Sem favores suficientes",
	"shavehud_preplanning_msg_loaded_missing_money": "Sem dinheiro suficiente",
	"shavehud_preplanning_msg_reseted_success": "Resetar plano atual.",
	"shavehud_preplanning_msg_reseted_failed": "Ocorreu um erro ao resetar o plano atual.",
	"shavehud_preplanning_msg_deleted_success": "O plano foi deletado com sucesso.",
	"shavehud_preplanning_msg_deleted_failed": "Ocorreu um erro ao deletar o plano.",
	"shavehud_preplanning_msg_folder_creation_failed": "Falha ao criar pasta: $FOLDER \nCertifique-se que o jogo tem as permissões requeridas ou crie manualmente.",
	"shavehud_preplanning_msg_file_creation_failed": "Falha ao criar arquivo: $FILE \nCertifique-se que o jogo tem as permissões requeridas ou crie manualmente.",
	"shavehud_inv_tab_rename_hint": "Clique duas vezes na aba para renomeá-la.",
	"shavehud_loadout_hours_played": "$HOURS hrs.",
    "shavehud_profile_switch_title": "Mudar perfil",
    "shavehud_profile_switch_title_profiles": "Perfil:",
	"victory_most_damage": "Maior dano:",
	"victory_session_damage": "Dano total:",
	"shavehud_advassault_phase_title": "Período do Assault: ",
	"shavehud_advassault_spawns_title": "Spawns restantes: ",
	"shavehud_advassault_time_title": "Tempo restante: ",
	"shavehud_advassault_phase_anticipation": "Anticipation",
	"shavehud_advassault_phase_build": "Build",
	"shavehud_advassault_phase_sustain": "Sustain",
	"shavehud_advassault_phase_fade": "Fade",
	"shavehud_advassault_time_overdue": "ATRASADO",
	"shavehud_locked_assault": "Police Assault infinito!!!  Escape o mais rápido possível!!!",
	"shavehud_customhud_interaction_done": "COMPLETO",
	"shavehud_customhud_interaction_aborted": "ABORTADO",
	"shavehud_hudlist_device_timer": "Timer",
	"shavehud_hudlist_device_drill": "Drill",
	"shavehud_hudlist_device_hack": "Hack",
	"shavehud_hudlist_device_saw": "Serra",
	"shavehud_hudlist_device_security": "Hacks",
	"shavehud_hudlist_device_security_bar": "Hack $CURRENT/$TOTAL",
	"shavehud_hudlist_loot_armor": "Colete",
	"shavehud_hudlist_loot_bomb": "Bomba",
	"shavehud_hudlist_loot_weapon": "Arma",
	"shavehud_hudlist_loot_diamond": "Diamante",
	"shavehud_hudlist_loot_evidence": "Evidência",
	"shavehud_hudlist_loot_toast": "Toast",
	"shavehud_hudlist_loot_crate": "Caixa",
	"shavehud_hudlist_loot_toothbrush": "Escova",
	"shavehud_hudlist_loot_bag": "Bolsa",
	"shavehud_hudlist_loot_shoes": "Sapatos",
	"shavehud_hudlist_loot_toy": "Brinquedo",
	"shavehud_hudlist_loot_vr": "Headset",
	"shavehud_hudlist_loot_egg": "Egg",
	"shavehud_hudlist_loot_treasure": "Treasure",
	"shavehud_hudlist_showcase": "Mostruário",
	"shavehud_hudlist_buff_basic": "Basic",
	"shavehud_hudlist_buff_aced": "Aced",
	"shavehud_hudlist_buff_boost": "Boost",
	"shavehud_hudlist_buff_revive": "Reviver",
	"shavehud_hudlist_buff_crew_inspire_debuff": "Reviver (AI)",
	"shavehud_hudlist_buff_dmg_inc": "+Dmg",
	"shavehud_hudlist_buff_dmg_dec": "-Dmg",
	"shavehud_hudlist_buff_mdmg_inc": "+M.Dmg",
	"shavehud_hudlist_buff_phealth_reg": "+HP",
	"shavehud_hudlist_buff_tot_dodge": "%Esquiva",
	"shavehud_tabstats_total_damage": "Dano total:",
	"shavehud_tabstats_tanks_killed": "Bulldozers mortos:",
	"shavehud_tabstats_cloakers_killed": "Cloakers mortos:",
	"shavehud_tabstats_shields_killed": "Shields mortos:",
	"shavehud_tabstats_snipers_killed": "Snipers mortos:",
	"shavehud_tabstats_tasers_killed": "Tasers mortos:",
	"shavehud_tabstats_gensec_killed": "GENSEC mortos:",
	"shavehud_tabstats_medic_killed": "Médicos mortos:",
	"shavehud_tabstats_melee_kills": "Mortes com melee:",
	"shavehud_tabstats_explosion_kills": "Mortes com explõses:",
	"shavehud_tabstats_nonspecial_kills": "Mortes de cops não-especiais:",
	"shavehud_tabstats_total_kills": "Total Kills:",
	"shavehud_tabstats_total_revives": "Total de vezes que reviveu (P/AI):",
	"shavehud_tabstats_alltime_stat": "Tempo total:",
	"shavehud_enemy_civilian": "Civil",
	"shavehud_enemy_mariachi": "Mariachi Band Member",
	"shavehud_enemy_gangster": "Gangster",
	"shavehud_enemy_biker": "Motoqueiro",
	"shavehud_enemy_bolivian_security_mex": "Coyopa Security",
	"shavehud_enemy_bolivian_security": "Segurança do Sosa",
	"shavehud_enemy_bolivian_thug": "Matador do Sosa",
	"shavehud_enemy_mobster": "Mafioso Russo",
	"shavehud_enemy_security": "Segurança",
	"shavehud_enemy_gensec": "Unidade GENSEC",
	"shavehud_enemy_cop": "Oficial de polícia",
	"shavehud_enemy_fbi": "Unidade do FBI",
	"shavehud_enemy_swat": "Unidade da SWAT",
	"shavehud_enemy_heavy_swat": "Heavy SWAT",
    "shavehud_enemy_heavy_swat_sniper": "Heavy SWAT Sniper",
	"shavehud_enemy_city_swat": "Elite Unit",
	"shavehud_enemy_shield": "Shield",
	"shavehud_enemy_spook": "Cloaker",
	"shavehud_enemy_shadow_spook" :"Shadow Cloaker",
	"shavehud_enemy_taser": "Taser",
	"shavehud_enemy_sniper": "Sniper",
	"shavehud_enemy_medic": "Médico",
	"shavehud_enemy_tank": "Bulldozer",
	"shavehud_enemy_tank_hw": "Headless Dozer",
	"shavehud_enemy_tank_medic": "Medic Dozer",
	"shavehud_enemy_tank_mini": "Minigun Dozer",
	"shavehud_enemy_phalanx_minion": "Winters Shield",
	"shavehud_enemy_phalanx_vip": "Captain Winters",
	"shavehud_enemy_swat_van": "SWAT TURRET",
	"shavehud_enemy_ceiling_turret": "TURRET",
	"shavehud_enemy_aa_turret": "Anti-Air Turret",
	"shavehud_enemy_crate_turret": "Turret",
	"shavehud_enemy_sentry_gun": "SENTRY GUN",
	"shavehud_enemy_mobster_boss": "O comissário",
	"shavehud_enemy_chavez_boss": "Chavez",
	"shavehud_enemy_druglord_boss": "Chefão Sosa",
	"shavehud_enemy_druglord_boss_stealth": "Chefão Sosa",
	"shavehud_enemy_biker_boss": "Chefe Biker",
	"shavehud_enemy_bank_manager": "Gerente do banco",
	"shavehud_enemy_dah_ralph": "Ralph Garnet",
	"shavehud_enemy_inside_man": "Infiltrado",
	"shavehud_enemy_escort_undercover": "Taxman",
	"shavehud_enemy_escort_heatstreet": "Matt",
	"shavehud_enemy_escort_chinese_prisoner": "Kazo",
	"shavehud_enemy_escort_cfo": "Garnett CFO",
	"shavehud_enemy_escort_reservoirdogs": "Senhor Pink",
	"shavehud_enemy_escort_bain_locke": "Locke / Bain",
	"shavehud_enemy_drunk_pilot": "Piloto bêbado",
	"shavehud_enemy_escort": "Escolta",
	"shavehud_enemy_boris": "Boris",
	"shavehud_enemy_spa_vip": "Charon",
	"shavehud_enemy_spa_vip_hurt": "Charon (Hurt)",
	"shavehud_enemy_old_hoxton_mission": "Hoxton",
	"shavehud_enemy_locke_mission": "Locke",
	"shavehud_enemy_hector_boss": "Hector Blindado",
	"shavehud_enemy_hector_boss_no_armor": "Hector",
	"shavehud_enemy_reservoirdogs": "Senhor Blonde",
	"shavehud_enemy_crew": "Membro da equipe",
	"shavehud_enemy_butler": "Aldstone",
	"shavehud_enemy_vlad": "Vlad",
	"shavehud_enemy_kento": "Kento",
	"shavehud_enemy_boom": "Grenadeiro",
	"shavehud_enemy_omnia_lpf": "OMNIA L.P.F.",
	"shavehud_enemy_summers": "Capitão Summers",
	"shavehud_enemy_boom_summers": "Major Molly",
	"shavehud_enemy_taser_summers": "Engineer Electrika",
	"shavehud_enemy_medic_summers": "Sergeant Doc",
	"shavehud_enemy_spring": "Captain Spring",
	"shavehud_enemy_fbi_vet": "Veteran Cop",
	"shavehud_enemy_deathvox_light": "ZEAL Unit",
	"shavehud_enemy_deathvox_heavy": "Heavy ZEAL",
	"shavehud_multiselect_all": "Tudo",
	"shavehud_multiselect_none": "Nenhum",
	"shavehud_multiselect_disabled": "Desativado",
	"shavehud_multiselect_random": "Aleatório",
	"shavehud_multiselect_left": "Esquerda",
	"shavehud_multiselect_center": "Centro",
	"shavehud_multiselect_right": "Direita",
	"shavehud_colors_white" : "Branco",
	"shavehud_colors_light_yellow" : "Amarelo claro",
	"shavehud_colors_light_orange" : "Laranja claro",
	"shavehud_colors_light_red" : "Vermelho claro",
	"shavehud_colors_light_purple" : "Roxo claro",
	"shavehud_colors_light_green" : "Verde claro",
	"shavehud_colors_light_blue" : "Azul claro",
	"shavehud_colors_light_gray": "Cinza claro",
	"shavehud_colors_yellow" : "Amarelo",
	"shavehud_colors_orange" : "Laranja",
	"shavehud_colors_red": "Vermelho",
	"shavehud_colors_purple": "Roxo",
	"shavehud_colors_green": "Verde",
	"shavehud_colors_blue": "Azul",
	"shavehud_colors_gray": "Cinza",
	"shavehud_colors_black": "Preto",
	"shavehud_colors_rainbow": "Arco-íris",
	"shavehud_options_name": "Configurações do ShaveHUD",
	"shavehud_options_help": "Customize o ShaveHUD com as suas prefências.",
	"shavehud_language_title": "Language",
	"shavehud_language_desc": "Select a localization for ShaveHUD.\n(A Map change is needed to apply...)",
	"shavehud_languages_english": "English",
	"shavehud_languages_german": "German",
	"shavehud_languages_dutch": "Dutch",
	"shavehud_languages_french": "French",
	"shavehud_languages_italian": "Italian",
	"shavehud_languages_spanish": "Spanish",
	"shavehud_languages_portuguese": "Portugese",
	"shavehud_languages_russian": "Russian",
	"shavehud_languages_chinese": "Chinese",
	"shavehud_languages_korean": "Korean",
	"shavehud_straight_to_main_menu_title": "Straight to Main Menu",
	"shavehud_straight_to_main_menu_desc": "Automatically skips intros and goes straight to the main menu.",
	"shavehud_skip_blackscreen_title": "Pular tela preta",
	"shavehud_skip_blackscreen_desc": "Pular a tela preta automaticamente no início da missão.\n(Apenas o Host)",
	"shavehud_instant_restart_title": "Reinício Imediato",
	"shavehud_instant_restart_desc": "Pular o timer de 5 segundos automaticamente em lobbies públicos.\n(Apenas o Host)",
	"shavehud_stat_screen_speedup_title": "Acelerar a tela de estatísticas",
	"shavehud_stat_screen_speedup_desc": "Acelerar a contagem de experiência automaticamente, sem segurar a barra de espaço.",
	"shavehud_stat_screen_delay_title": "Atraso na tela de estatísticas",
	"shavehud_stat_screen_delay_desc": "Continuar em X segundos, após a sua contagem de EXP.\n(Apenas o Host) ",
	"shavehud_loot_screen_pick_card_title": "Escolha automática de carta",
	"shavehud_loot_screen_pick_card_desc": "Escolhe uma carta automaticamente, quando a tela de loot aparecer.",
	"shavehud_loot_screen_pick_specific_card_title": "Especificar carta",
	"shavehud_loot_screen_pick_specific_card_desc": "Especifica que carta pegar automaticamente.",
	"shavehud_loot_screen_instant_cardflip_title": "Instant Cardflip",
	"shavehud_loot_screen_instant_cardflip_desc": "Instantly flip selected card.",
	"shavehud_loot_screen_delay_title": "Atraso na tela de cartas",
	"shavehud_loot_screen_delay_desc": "Continua em X segundos depois de pegar o seu loot drop.\n(Apenas o Host, 0 = desativado)",
	"shavehud_replace_weapon_names_title": "Nomes reais das armas",
	"shavehud_replace_weapon_names_desc": "Substitui os nomes das armas com seus nomes reais.\n(É necessária uma mudança de mapa para aplicar...)",
	"shavehud_inventory_tab_names_title": "Usar nomes nas abas de inventário",
	"shavehud_inventory_tab_names_desc": "Customize os nomes nas abas de inventário.\n(Mude os nomes editando '/mods/saves/ShaveHUD_InventoryNames.txt')",
	"shavehud_inventory_names_title": "Mostrar os nomes das caixas de inventário",
	"shavehud_inventory_names_desc": "Mostra os nomes das suas armas, colete, deployables, etc. dentro da caixa no inventário.",
	"shavehud_skill_names_title": "Mostrar o nome das Skills",
	"shavehud_skill_names_desc": "Sempre mostrar os nomes das skills na árvore de habilidades.",
	"shavehud_show_contractor_job_heat_title":"Show Contractor Heat",
	"shavehud_show_contractor_job_heat_desc":"Shows job heat in the contract broker list.",
	"shavehud_show_mini_icons_title": "Sempre mostrar Mini-Icons",
	"shavehud_show_mini_icons_desc": "Sempre mostrar os mod icons de todas as armas, não apenas as selecionadas.",
	"shavehud_no_slowmotion_title": "Sem Slow Motion",
	"shavehud_no_slowmotion_desc": "Desativa o Slow Motion quando colocar a máscara ou quando cair.",
	"shavehud_reset_options_title": "Resetar configurações",
	"shavehud_reset_options_desc": "Resetar todas as configurações para os valores padrão.",
	"shavehud_reset_options_confirm": "Você tem certeza que quer resetar todas as configurações para os valores padrão?",
	"shavehud_panels_options_name": "Opções gerais do painel do HUD",
	"shavehud_panels_options_help": "Opções gerais para todos os painéis do HUD, como CustomHUD, Suspeita, Indicador de dano, DrivingHUD e muito mais.",
	"shavehud_use_customhud_title": "Usar CustomHUD",
	"shavehud_use_customhud_desc": "Substitui o HUD padrão pelo CustomHUD avançado, criado pelo Se7en.\n(Mudar de mapa é necessário para aplicar...)",
	"shavehud_adv_assault_title": "Banner de Assault Avançado",
	"shavehud_adv_assault_desc": "Mostra a etapa do assault, o tempo e os spawns restantes durante o assault.\n(Apenas o Host)",
	"shavehud_assault_position_title": "Banner de Assault",
	"shavehud_assault_position_desc": "Posição horizontal do Banner de Assault.",
	"shavehud_pacified_civs_title": "Mostrar civis pacificados",
	"shavehud_pacified_civs_desc": "Muda a posição dos civis desamarrados, enquanto estiverem pacificados.",
	"shavehud_use_realammo_title": "Usar munição real",
	"shavehud_use_realammo_desc": "Mostra a munição restante, sem considerar a contagem de balas do magazine.",
	"shavehud_auto_discard_parachute_title": "Auto Discard Parachute",
	"shavehud_auto_discard_parachute_desc": "Automatically discard parachute after landing.",	
	"shavehud_enable_burstmode_title": "Ativar modo rajada",
	"shavehud_enable_burstmode_desc": "Ativa o modo rajada para suas armas.",
	"shavehud_playerpanel_options_name": "Painel do jogador",
	"shavehud_playerpanel_options_help": "Configura seu próprio painel de HUD.",
	"shavehud_teampanels_options_name": "Painel da equipe",
	"shavehud_teampanels_options_help": "Configura o painel do HUD da sua equipe.",
	"shavehud_panels_position_title": "Posição",
	"shavehud_panels_position_desc": "Posição horizontal do painel do HUD.",
	"shavehud_panels_scale_title": "Escala",
	"shavehud_panels_scale_desc": "Fator de escala do painel do HUD.",
	"shavehud_panels_oppacity_title": "Opacidade",
	"shavehud_panels_oppacity_desc": "Seleciona a opacidade do painel do HUD.",
	"shavehud_panels_show_name_title": "Mostrar nome",
	"shavehud_panels_show_name_desc": "Mostra os nomes dos jogadores.",
	"shavehud_panels_show_rank_title": "Mostrar o Rank",
	"shavehud_panels_rank_name_desc": "Mostrar o rank dos jogadores.",
	"shavehud_panels_truncate_tags_title": "Truncar tags",
	"shavehud_panels_truncate_tags_desc": "Tenta truncar tags de clã dos nomes dos jogadores.",
	"shavehud_panels_show_char_title": "Mostrar personagem",
	"shavehud_panels_show_char_desc": "Mostra o personagem selecionado.",
	"shavehud_panels_show_ping_title": "Mostrar o Ping",
	"shavehud_panels_show_ping_desc": "Mostra o ping entre você e os jogadores.",
	"shavehud_panels_show_status_title": "Mostrar o status",
	"shavehud_panels_show_status_desc": "Mostra o status dos jogadores (HP, colete, etc.)",
	"shavehud_panels_condition_icon_color_title": "Ícone do condição",
	"shavehud_panels_condition_icon_color_desc": "Configura a cor do ícone de condição (caído, detido, swan song, etc.)",
	"shavehud_panels_show_equip_title": "Mostrar equipamento",
	"shavehud_panels_show_equip_desc": "Mostra o equipamento dos jogadores.",
	"shavehud_panels_show_special_equip_title": "Mostrar equipamento especial",
	"shavehud_panels_show_special_equip_desc": "Mostra o equipamento especial que os jogadores pegaram.",
	"shavehud_panels_special_equip_rows_title": "Fileira dos equipamentos especiais",
	"shavehud_panels_special_equip_rows_desc": "Número de itens especiais colocados em uma coluna.",
	"shavehud_panels_show_callsign_title": "Mostrar Chamada",
	"shavehud_panels_show_callsign_desc": "Mostra a chamada feita por aquele jogador.",
	"shavehud_panels_show_stamina_title": "Mostra Stamina",
	"shavehud_panels_show_stamina_desc": "Mostra um círculo de Stamina dentro da barra de vida.",
	"shavehud_panels_show_downcounter_title": "Mostra contagem de quedas",
	"shavehud_panels_show_downcounter_desc": "Mostra um contador de quedas de cada jogador não-AI. \nO contador mostra a sua contagem de quedas e da sua equipe.",
	"shavehud_panels_show_carry_title": "Mostrar Carry",
	"shavehud_panels_show_carry_desc": "Mostra as informações do carry.",
	"shavehud_panels_build_show_title": "Mostrar Build",
	"shavehud_panels_build_show_desc": "Mostra a build dos jogadores.",
	"shavehud_panels_build_time_title": "Tempo de exibição da build",
	"shavehud_panels_build_time_desc": "Mostra a build dos jogadores por X segundos.\n(0 = Sempre)",
	"shavehud_panels_weapon_icon_title": "Icones das armas",
	"shavehud_panels_weapon_icon_desc": "Que ícone de arma você quer ver?",
	"shavehud_panels_weapon_name_title": "Nomes das armas",
	"shavehud_panels_weapon_name_desc": "Exibir os nomes das armas?",
	"shavehud_panels_weapon_ammo_title": "Munição da arma",
	"shavehud_panels_weapon_ammo_desc": "Modo de exibição de munição das armas.",
	"shavehud_panels_weapon_firemode_title": "Modo de tiro da arma",
	"shavehud_panels_weapon_firemode_desc": "Mostra o modo de tiro da arma, ou oculta.",
	"shavehud_panels_hide": "Ocultar",
	"shavehud_panels_selected": "Apenas a selecionada",
	"shavehud_panels_unselected": "Apenas a não selecionada",
	"shavehud_panels_both": "Ambos(as)",
	"shavehud_panels_ammo_total": "Apenas a munição total",
	"shavehud_panels_show_interaction_title": "Mostrar interação",
	"shavehud_panels_show_interaction_desc": "Mostrar a interação dos colegas de equipe.",
	"shavehud_panels_show_interaction_number_title": "Timer de interação",
	"shavehud_panels_show_interaction_number_desc": "Mostra um indicador numérico",
	"shavehud_panels_show_interaction_text_title": "Texto de interação",
	"shavehud_panels_show_interaction_text_desc": "Mostrar texto de interação",
	"shavehud_panels_interaction_time_title": "Duração mínima de interação",
	"shavehud_panels_interaction_time_desc": "Mostrar apenas a interação dos colegas de equipe, se não for mais que X segundos.",
	"shavehud_panels_use_ai_color_title": "Usar cor customizada para o bot",
	"shavehud_panels_use_ai_color_desc": "Usar uma cor customizada para os nomes dos bots. (Também afeta os popups de dano)",
	"shavehud_panels_ai_color_title": "Cor customizada para o bot",
	"shavehud_panels_ai_color_desc": "Configura a cor para usar nos nomes dos bots. (Também afeta os popups de dano)",
	"shavehud_chat_options_name": "Opções do chat",
	"shavehud_chat_options_help": "Opções para o comportamento do chat.",
	"shavehud_chat_waittime_title": "Tempo de desaparecimento do chat",
	"shavehud_chat_waittime_desc": "Quantidade de tempo para o chat desaparecer\n(0 = Nunca)",
	"shavehud_chat_fontsize_title": "Tamanho da fonte do chat",
	"shavehud_chat_fontsize_desc": "Tamanho da fonte do Chat-Box ingame.",
	"shavehud_chat_outputlines_title": "Quantidade máxima de linhas do chat",
	"shavehud_chat_outputlines_desc": "Quantidade máxima de linhas antes de ativar a barra de rolagem.",
	"shavehud_spam_filter_title": "Filtro de spam do chat",
	"shavehud_spam_filter_desc": "Remove as mensagens de spam do PocoHUD e do [NGBTO] do seu chat.",
	"shavehud_chat_width_title": "Largura do Chat",
	"shavehud_chat_width_desc": "Largura da janela do chat",
	"shavehud_chat_inputlines_title": "Quantidade máxima de linhas de chat",
	"shavehud_chat_inputlines_desc": "Número de linhas de texto que você pode digitar",
	"shavehud_chat_colored_bg_title": "Plano de fundo colorido",
	"shavehud_chat_colored_bg_desc": "Colore o fundo da linha baseado na origem da mensagem",
	"shavehud_chat_scrollbar_align_title": "Alinhar Scrollbar",
	"shavehud_chat_scrollbar_align_desc": "Alinhamento da scroll bar",
	"shavehud_suspicion_options_name": "Opções de suspeita",
	"shavehud_suspicion_options_help": "Opções do tamanho do painel de suspeita, assim como os componentes visíveis.",
	"shavehud_suspicion_scale_title": "Escala da suspeita",
	"shavehud_suspicion_scale_desc": "Fator de escala para os elementos do painel de suspeita.",
	"shavehud_susp_eye_title": "Exibir olhar de suspeita",
	"shavehud_susp_eye_desc": "Exibe os elementos padrão de suspeita.",
	"shavehud_susp_numeric_title": "Mostrar suspeita numérica",
	"shavehud_susp_numeric_desc": "Mostrar valor numérico de suspeita.",
	"shavehud_susp_numeric_outline_title": "Contorno preto",
	"shavehud_susp_numeric_outline_desc": "Mostra um contorno preto ao redor do texto numérico de suspeita.",
	"shavehud_killcounter_options_name": "Opções do Killcounter",
	"shavehud_killcounter_options_help": "Opções de aparência do kill counter",
	"shavehud_killcounter_player_show_killcount_title": "Exibir Killcounter do jogador",
	"shavehud_killcounter_player_show_killcount_desc": "Exibie um killcounter no seu HUD.",
	"shavehud_killcounter_player_color_title": "Killcounter (jogador)",
	"shavehud_killcounter_player_color_desc": "Seleciona a cor do seu killcounter.",
	"shavehud_killcounter_player_show_special_title": "Contar mortes de cops especiais (jogador)",
	"shavehud_killcounter_player_show_special_desc": "Exibe as mortes de inimigos especiais separadamente.",
	"shavehud_killcounter_player_show_head_title": "Contar Headshots do jogador",
	"shavehud_killcounter_player_show_head_desc": "Exibe os headshots separadamente.",
	"shavehud_killcounter_player_show_accuracy_title": "Mostrar a precisão do jogador",
	"shavehud_killcounter_player_show_accuracy_desc": "Exibe a precisão atual no seu HUD.",
	"shavehud_killcounter_team_show_killcount_title": "Exibir Killcounter da equipe",
	"shavehud_killcounter_team_show_killcount_desc": "Exibir um killcounter dos membros da equipe.",
	"shavehud_killcounter_team_color_title": "Killcounter (equipe)",
	"shavehud_killcounter_team_color_desc": "Seleciona a cor dos killcounters da sua equipe.",
	"shavehud_killcounter_team_show_special_title": "Contar mortes de especiais (equipe)",
	"shavehud_killcounter_team_show_special_desc": "Exibir mortes de inimigos especiais separadamente.",
	"shavehud_killcounter_team_show_head_title": "Contar Headshots da equipe",
	"shavehud_killcounter_team_show_head_desc": "Exibe os headshots separadamente.",
	"shavehud_killcounter_team_show_ai_title": "Killcounter da IA",
	"shavehud_killcounter_team_show_ai_desc": "Os bots tem um Killcounter também?",
	"shavehud_corpse_limit_title": "Limite de corpos",
	"shavehud_corpse_limit_desc": "Quantos cadáveres devemos permitir ao mesmo tempo?\n(Mudar de mapa é necessário para aplicar...)",
	"shavehud_drivinghud_options_name": "Opções do DrivingHUD",
	"shavehud_drivinghud_options_help": "Algumas opções para o DrivingHUD.",
	"shavehud_show_drivinghud_title": "Mostrar Driving HUD",
	"shavehud_show_drivinghud_desc": "Mostra um pequeno HUD no canto inferior direito enquanto dirige.\n(Mudar de mapa é necessário para aplicar...)",
	"shavehud_drivinghud_scale_title": "Escala",
	"shavehud_drivinghud_scale_desc": "Fator de escala para o DrivingHUD.",
	"shavehud_drivinghud_show_vehicle_title": "Mostrar imagem do veículo",
	"shavehud_drivinghud_show_vehicle_desc": "Mostra uma pequena imagem do veículo e as máscaras dos jogadores com você.",
	"shavehud_drivinghud_show_health_title": "Mostrar o HP",
	"shavehud_drivinghud_show_health_desc": "Exibir a barra de HP do veículo.",
	"shavehud_drivinghud_show_loot_title": "Mostrar Loot",
	"shavehud_drivinghud_show_loot_desc": "Exibe os veículos carregadoe e o número máximo de loot.",
	"shavehud_drivinghud_show_passengers_title": "Mostrar passageiros",
	"shavehud_drivinghud_show_passengers_desc": "Mostra a quantidade de passageiros no veículo e a quantidade total de cadeiras.",
	"shavehud_drivinghud_show_gear_title": "Mostrar equipamento",
	"shavehud_drivinghud_show_gear_desc": "Exibie que equipamento você está dirigindo.",
	"shavehud_drivinghud_show_speed_title": "Mostrar velocidade",
	"shavehud_drivinghud_show_speed_desc": "Exibe a velocidade atual do veículo.",
	"shavehud_drivinghud_speed_in_mph_title": "Velocidade em mph",
	"shavehud_drivinghud_speed_in_mph_desc": "Exibe a velocidade em mph.\n(Caso contrário, usa km/h.)",
	"shavehud_drivinghud_show_rpm_title": "Mostrar RPM",
	"shavehud_drivinghud_show_rpm_desc": "Exibe as RPM do motor do veículo.",
	"shavehud_infopanels_options_name": "Opções do HUD de Informação",
	"shavehud_infopanels_options_help": "Opções das info boxes do HUD List.",
	"shavehud_use_hudlist_title": "Usar HUDList",
	"shavehud_use_hudlist_desc": "O HUDList pode exibir muitas coisas úteis, incluindo. tempo da Drill, inimigos ou quantidade de loot, assets no mapa, etc. (Mudar de mapa é necessário para aplicar...)",
	"shavehud_hudlist_scale_right_title": "Escala da Lista da direita",
	"shavehud_hudlist_scale_right_desc": "Fator de escala dos itens da lista da direita.",
	"shavehud_hudlist_scale_left_title": "Escala da lista da esquerda",
	"shavehud_hudlist_scale_left_desc": "Fator de escala dos itens da lista da esquerda.",
	"shavehud_hudlist_scale_buff_title": "Escala do Buff List",
	"shavehud_hudlist_scale_buff_desc": "Fator de escala dos itens do buff list.",
	"shavehud_hudlist_box_color_title": "Cor da fonte da caixa",
	"shavehud_hudlist_box_color_desc": "Cor da esquerda e da direita das List Boxes.\n(Atualmente mudar de mapa é necessário para aplicar...)",
	"shavehud_hudlist_box_bg_color_title": "Cor de fundo da caixa",
	"shavehud_hudlist_box_bg_color_desc": "Cor de fundo da esquerda e da direita das List Boxes.\n(Atualmente mudar de mapa é necessário para aplicar...)",
	"shavehud_hudlist_civcolor_title": "Cor do civil",
	"shavehud_hudlist_civcolor_desc": "Cor para civis e reféns no contador de inimigos.",
	"shavehud_hudlist_thugcolor_title": "Cor do bandido",
	"shavehud_hudlist_thugcolor_desc": "Cor para os bandidos e mafiosos no contador de inimigos.",
	"shavehud_hudlist_copcolor_title": "Cor dos inimigos",
	"shavehud_hudlist_copcolor_desc": "Cor para os Cops, SWATs e Heavy SWATs no contador de inimigos.",
	"shavehud_hudlist_specialcolor_title": "Cor para os especiais",
	"shavehud_hudlist_specialcolor_desc": "Cor para os cops especiais e Turrets no contador de inimigos.",
	"shavehud_hudlist_progress_alpha_left_title": "Progresso Alpha da esquerda",
	"shavehud_hudlist_progress_alpha_left_desc": "Valor Alpha para as barras de progresso na lista de itens da esquerda.",
	"shavehud_hudlist_progress_alpha_right_title": "Progresso Alpha da direita",
	"shavehud_hudlist_progress_alpha_right_desc": "Valor Alpha para as barras de progresso na lista de itens da direita.",
	"shavehud_hudlist_progress_alpha_buff_title": "Progresso Alpha do Buff",
	"shavehud_hudlist_progress_alpha_buff_desc": "Valor Alpha para as barras de progresso dos itens na lista de buff.",
	"shavehud_hudlist_timers_in_seconds_title": "Timers in seconds",
	"shavehud_hudlist_timers_in_seconds_desc": "Always display timers in seconds.",
	"shavehud_infopanels_left_options_name": "Opções da lista da esquerda",
	"shavehud_infopanels_left_options_help": "Opções para a lista de informações da esquerda.",
	"shavehud_hudlist_show_timers_title": "Mostrar os Timers",
	"shavehud_hudlist_show_timers_desc": "Exibe os tempos das Drills, Hacks, etc.",
	"shavehud_hudlist_show_equipment_desc": "Determina se exibe o equipamento no lado direito da tela.",
	"shavehud_hudlist_show_ammo_bags_title": "Mostrar Ammo Bags",
	"shavehud_hudlist_show_doc_bags_title": "Mostrar Medic Bags",
	"shavehud_hudlist_show_first_aid_kits_title": "Mostrar First Aid Kits",
	"shavehud_hudlist_show_body_bags_title": "Mostrar Body Bags",
	"shavehud_hudlist_show_grenade_crates_title": "Mostrar Granadas",
	"shavehud_hudlist_sentries_title": "Mostrar Sentries",
	"shavehud_hudlist_sentries_desc": "Mostrar HP e munição da Sentry.",
	"shavehud_hudlist_hide_empty_sentries_title": "Ocultar Sentries vazias",
	"shavehud_hudlist_hide_empty_sentries_desc": "Ocultar caixas de sentry vazias.",
	"shavehud_hudlist_show_ecms_title": "Mostrar ECMs",
	"shavehud_hudlist_show_ecms_desc": "Mostrar o Timer das ECM's ",
	"shavehud_hudlist_show_ecm_retrigger_title": "Mostrar ECM reativadas",
	"shavehud_hudlist_show_ecm_retrigger_desc": "Mostrar, quando uma ECM estiver pronta para ser reativada.",
	"shavehud_hudlist_show_minions_title": "Mostrar Jokers",
	"shavehud_hudlist_show_minions_desc": "Mostrar o HP de todos os policiais convertidos.",
	"shavehud_hudlist_show_own_minions_only_title": "Apenas os próprios jokers",
	"shavehud_hudlist_show_own_minions_only_desc": "Exibir apenas os policiais convertidos por você.",
	"shavehud_hudlist_show_pagers_title": "Mostrar Pager",
	"shavehud_hudlist_show_pagers_desc": "Mostrar o tempo restante do pager, antes de ativar o alarme.",
	"shavehud_hudlist_show_tape_loop_title": "Mostrar o  loop da camera",
	"shavehud_hudlist_show_tape_loop_desc": "Mostra a contagem regressiva do loop da camera.",
	"shavehud_hudlist_remove_answered_pagers_title": "Remover o contorno do pager",
	"shavehud_hudlist_remove_answered_pagers_desc": "...se já estiver sendo respondido.",
	"shavehud_infopanels_right_options_name": "Opções da lista da direita",
	"shavehud_infopanels_right_options_help": "Opções para a lista de informações da direita.",
	"shavehud_hudlist_show_enemies_title": "Mostrar inimigos",
	"shavehud_hudlist_show_enemies_desc": "Mostra a quantidade de inimigos no mapa.",
	"shavehud_hudlist_aggregate_enemies_title": "Agregar inimigos",
	"shavehud_hudlist_aggregate_enemies_desc": "Mostra todos os inimigos em uma única info box.",
	"shavehud_hudlist_show_turrets_title": "Mostrar Turrets",
	"shavehud_hudlist_show_turrets_desc": "Mostrar a quantidade de turret vans no mapa.",
	"shavehud_hudlist_show_civilians_title": "Mostrar civis",
	"shavehud_hudlist_show_civilians_desc": "Mostrar quantidade de civis desamarrados no mapa.",
	"shavehud_hudlist_show_hostages_title": "Mostrar reféns",
	"shavehud_hudlist_show_hostages_desc": "mostrar a quantidade de civis amarrados.",
	"shavehud_hudlist_aggregate_hostages_title": "Agregar reféns",
	"shavehud_hudlist_aggregate_hostages_desc": "Mostrar todos os tipos de reféns em uma única info box.",
	"shavehud_hudlist_show_minion_count_title": "Mostrar a quantidade de minions",
	"shavehud_hudlist_show_minion_count_desc": "Mostrar a quantidade de policiais rendidos.",
	"shavehud_hudlist_show_pager_count_title": "Mostrar a quantidade de Pagers",
	"shavehud_hudlist_show_pager_count_desc": "Exibe a quantidade de pagers ativos no stealth.",
	"shavehud_hudlist_show_cam_count_title": "Mostrar quantidade de Cameras",
	"shavehud_hudlist_show_cam_count_desc": "Mostrar quantidade de câmeras ativas no stealth.",
	"shavehud_hudlist_show_bodybags_count_title": "Mostrar quantidade de body bags",
	"shavehud_hudlist_show_bodybags_count_desc": "Mostra a quantidade de bodybags do seu inventário estendido diretamente na sua tela no stealth.",
	"shavehud_hudlist_show_corpse_count_title": "Mostrar quantidade de corpos",
	"shavehud_hudlist_show_corpse_count_desc": "Mostra a quantidade de cadáveres e corpos ensacados no mapa em stealth.",
	"shavehud_hudlist_show_loot_title": "Mostrar o Loot",
	"shavehud_hudlist_show_loot_desc": "Conta o loot ensacável no mapa atual.",
	"shavehud_hudlist_aggregate_loot_title": "Agregar Loot",
	"shavehud_hudlist_aggregate_loot_desc": "Exibe todos os tipos de loot em um único valor.",
	"shavehud_hudlist_separate_bagged_loot_title": "Separar Loot ensacado",
	"shavehud_hudlist_separate_bagged_loot_desc": "Conta o loot ensacado e não ensacado separadamente.",
	"shavehud_hudlist_show_potential_loot_title": "Mostrar o loot em potencial",
	"shavehud_hudlist_show_potential_loot_desc": "Mostra a quantidade de caixas no mapa no contador de loot. \n(Lembre-se, as caixas podem estar vazias...)",
	"shavehud_hudlist_show_special_pickups_title": "Mostrar Pickups especiais",
	"shavehud_hudlist_show_special_pickups_desc": "Mostra a quantidade de químicos, keycards e outras coisas presentes no mapa.",
	"shavehud_hudlist_show_mission_pickups_title": "Mostrar Pickups da Missão presentes no mapa",
	"shavehud_hudlist_show_mission_pickups_desc": "Mostra a quantidade de químicos, keycards, tábuas e outros pickups da missão presentes no mapa.",
	"shavehud_hudlist_show_collectables_pickups_title": "Mostrar os pickups coletáveis",
	"shavehud_hudlist_show_collectables_pickups_desc": "Mostra a quantidade de pacotes do gage, Caixas do Spec-Ops, Keys presentes no mapa.",
	"shavehud_hudlist_show_valuables_pickups_title": "Mostrar Loot pickups presentes no mapa",
	"shavehud_hudlist_show_valuables_pickups_desc": "Mostra a quantidade de itens valiosos, como pacotes de dinheiro ou colares presentes no mapa.",
	"shavehud_infopanels_buff_options_name": "Opções da lista de buffs",
	"shavehud_infopanels_buff_options_help": "Opções para a lista de informações de buffs.",
	"shavehud_infopanels_buff_mastermind_options_name": "Mastermind Skills",
	"shavehud_infopanels_buff_mastermind_options_help": "Ativa ou desativa os indicadores visuais para as Skills de Mastermind.",
	"shavehud_infopanels_buff_enforcer_options_name": "Enforcer Skills",
	"shavehud_infopanels_buff_enforcer_options_help": "Enable or Disable visual indicators for Enforcer Skills.",
	"shavehud_infopanels_buff_technician_options_name": "Technician Skills",
	"shavehud_infopanels_buff_technician_options_help": "Ativa ou desativa os indicadores visuais para as Skills de Technician.",
	"shavehud_infopanels_buff_ghost_options_name": "Ghost Skills",
	"shavehud_infopanels_buff_ghost_options_help": "Ativa ou desativa os indicadores visuais para as Skills de Ghost.",
	"shavehud_infopanels_buff_fugitive_options_name": "Fugitive Skills",
	"shavehud_infopanels_buff_fugitive_options_help": "Ativa ou desativa os indicadores visuais para as Skills de Fugitive.",
	"shavehud_infopanels_buff_perkdecks_options_name": "Perk Decks",
	"shavehud_infopanels_buff_perkdecks_options_help": "Ativa ou desativa os indicadores visuais para os Perk Decks.",
	"shavehud_infopanels_buff_gageboosts_options_name": "Gage Boosts",
	"shavehud_infopanels_buff_gageboosts_options_help": "Ativa ou desativa os indicadores visuais para os Gage Boosts.",
	"shavehud_infopanels_buff_henchmen_options_name": "Henchmen Skills",
	"shavehud_infopanels_buff_henchmen_options_help": "Ativa ou desativa os indicadores visuais para as Skills de Henchmen.",
	"shavehud_hudlist_show_buffs_title": "Mostrar Buffs",
	"shavehud_hudlist_show_buffs_desc": "Exibe os Buffs ativos na parte de baixo no centro da tela.",
	"shavehud_hudlist_damage_increase_compbuff_title": "Buff de aumento de dano",
	"shavehud_hudlist_damage_increase_compbuff_desc": "Item de Buff composto, exibe o valor de toda a habilidade de dano adicionada.",
	"shavehud_hudlist_damage_reduction_compbuff_title": "Buff de redução de dano",
	"shavehud_hudlist_damage_reduction_compbuff_desc": "Item de Buff composto, exibe o valor de toda a habilidade de redução de dano adicionada.",
	"shavehud_hudlist_melee_damage_increase_compbuff_title": "Buff de aumento de dano com melee",
	"shavehud_hudlist_melee_damage_increase_compbuff_desc": "Item de Buff composto, exibe o valor de toda a habilidade de dano com melee adicionada.",
	"shavehud_hudlist_passive_health_regen_compbuff_title": "Regeneração de vida passiva",
	"shavehud_hudlist_passive_health_regen_compbuff_desc": "Item de Buff composto, exibe o valor de todo o efeito de regeneração de vida passiva.",
	"shavehud_hudlist_total_dodge_chance_compbuff_title": "Chance total de dodge",
	"shavehud_hudlist_total_dodge_chance_compbuff_desc": "Item de Buff composto, exibe o valor de toda a habilidade de dodge adicionada.",
	"shavehud_hudlist_aggressive_reload_aced_buff_title": "Aggressive Reload",
	"shavehud_hudlist_aggressive_reload_aced_buff_desc": "",
	"shavehud_hudlist_ammo_efficiency_buff_title": "Ammo Efficiency",
	"shavehud_hudlist_ammo_efficiency_buff_desc": "",
	"shavehud_hudlist_armor_break_invulnerable_buff_title": "Blitzkrieg Bop (Anarchist)",
	"shavehud_hudlist_armor_break_invulnerable_buff_desc": "",
	"shavehud_hudlist_berserker_buff_title": "Berserker",
	"shavehud_hudlist_berserker_buff_desc": "Parte dos Buffs compostos.",
	"shavehud_hudlist_biker_buff_title": "Regen Debuff (Biker)",
	"shavehud_hudlist_biker_buff_desc": "",
	"shavehud_hudlist_bloodthirst_basic_buff_title": "Bloodthirst (Basic)",
	"shavehud_hudlist_bloodthirst_basic_buff_desc": "Parte dos Buffs compostos.",
	"shavehud_hudlist_bloodthirst_aced_buff_title": "Bloodthirst (Aced)",
	"shavehud_hudlist_bloodthirst_aced_buff_desc": "",
	"shavehud_hudlist_bullet_storm_buff_title": "Bullet Storm",
	"shavehud_hudlist_bullet_storm_buff_desc": "",
	"shavehud_hudlist_close_contact_buff_title": "Close Contact (Infiltrator)",
	"shavehud_hudlist_close_contact_buff_desc": "Parte dos Buffs compostos.",
	"shavehud_hudlist_combat_medic_buff_title": "Combat Medic (Active)",
	"shavehud_hudlist_combat_medic_buff_desc": "Parte dos Buffs compostos.",
	"shavehud_hudlist_combat_medic_passive_buff_title": "Combat Medic (Passive)",
	"shavehud_hudlist_combat_medic_passive_buff_desc": "Parte dos Buffs compostos.",
	"shavehud_hudlist_desperado_buff_title": "Desperado",
	"shavehud_hudlist_desperado_buff_desc": "",
	"shavehud_hudlist_die_hard_buff_title": "Die Hard",
	"shavehud_hudlist_die_hard_buff_desc": "Parte dos Buffs compostos.",
	"shavehud_hudlist_dire_need_buff_title": "Dire Need",
	"shavehud_hudlist_dire_need_buff_desc": "",
	"shavehud_hudlist_frenzy_buff_title": "Frenzy",
	"shavehud_hudlist_frenzy_buff_desc": "Parte dos Buffs compostos.",
	"shavehud_hudlist_grinder_buff_title": "Health Regen (Grinder)",
	"shavehud_hudlist_grinder_buff_desc": "",
	"shavehud_hudlist_chico_injector_buff_title": "Injector Duration (Kingpin)",
	"shavehud_hudlist_chico_injector_buff_desc": "",
	"shavehud_hudlist_damage_control_debuff_title": "Flask Duration (Stoic)",
	"shavehud_hudlist_damage_control_debuff_desc": "",
	"shavehud_hudlist_delayed_damage_buff_title": "Delayed Damage (Stoic)",
	"shavehud_hudlist_delayed_damage_buff_desc": "",
	"shavehud_hudlist_hostage_situation_buff_title": "Hostage Situation (Crew Chief)",
	"shavehud_hudlist_hostage_situation_buff_desc": "Parte dos Buffs compostos.",
	"shavehud_hudlist_hostage_taker_buff_title": "Hostage Taker",
	"shavehud_hudlist_hostage_taker_buff_desc": "",
	"shavehud_hudlist_inspire_buff_title": "Inspire (Boost)",
	"shavehud_hudlist_inspire_buff_desc": "",
	"shavehud_hudlist_lock_n_load_buff_title": "Lock 'n' Load",
	"shavehud_hudlist_lock_n_load_buff_desc": "",
	"shavehud_hudlist_melee_stack_damage_buff_title": "Melee Stack damage (Infiltrator)",
	"shavehud_hudlist_melee_stack_damage_buff_desc": "Parte dos Buffs compostos.",
	"shavehud_hudlist_maniac_buff_title": "Damage Reduction (Maniac)",
	"shavehud_hudlist_maniac_buff_desc": "",
	"shavehud_hudlist_muscle_regen_buff_title": "Health Regen (Muscle)",
	"shavehud_hudlist_muscle_regen_buff_desc": "",
	"shavehud_hudlist_messiah_buff_title": "Messiah",
	"shavehud_hudlist_messiah_buff_desc": "",
	"shavehud_hudlist_overdog_buff_title": "Overdog (Infiltrator)",
	"shavehud_hudlist_overdog_buff_desc": "",
	"shavehud_hudlist_overkill_buff_title": "Overkill",
	"shavehud_hudlist_overkill_buff_desc": "Parte dos Buffs compostos.",
	"shavehud_hudlist_painkiller_buff_title": "Painkiller",
	"shavehud_hudlist_painkiller_buff_desc": "Parte dos Buffs compostos.",
	"shavehud_hudlist_partner_in_crime_buff_title": "Partner in Crime",
	"shavehud_hudlist_partner_in_crime_buff_desc": "Parte dos Buffs compostos.",
	"shavehud_hudlist_running_from_death_buff_title": "Running from Death",
	"shavehud_hudlist_running_from_death_buff_desc": "",
	"shavehud_hudlist_pocket_ecm_jammer_buff_title": "Pocket ECM Duration (Hacker)",
	"shavehud_hudlist_pocket_ecm_jammer_buff_desc": "",
	"shavehud_hudlist_pocket_ecm_kill_dodge_buff_title": "Pocket ECM Dodge (Hacker)",
	"shavehud_hudlist_pocket_ecm_kill_dodge_buff_desc": "Part of Composite Buffs.",
	"shavehud_hudlist_quick_fix_buff_title": "Quick Fix",
	"shavehud_hudlist_quick_fix_buff_desc": "Parte dos Buffs compostos.",
	"shavehud_hudlist_second_wind_buff_title": "Second Wind",
	"shavehud_hudlist_second_wind_buff_desc": "",
	"shavehud_hudlist_sixth_sense_buff_title": "Sixth Sense",
	"shavehud_hudlist_sixth_sense_buff_desc": "",
	"shavehud_hudlist_sicario_dodge_buff_title": "Additional Dodge (Sicario)",
	"shavehud_hudlist_sicario_dodge_buff_desc": "",
	"shavehud_hudlist_smoke_screen_buff_title": "Smoke Bomb (Sicario)",
	"shavehud_hudlist_smoke_screen_buff_desc": "",
	"shavehud_hudlist_tag_team_buff_title": "Gas Dispenser (Tag Team)",
	"shavehud_hudlist_tag_team_buff_desc": "",
	"shavehud_hudlist_swan_song_buff_title": "Swan Song",
	"shavehud_hudlist_swan_song_buff_desc": "",
	"shavehud_hudlist_tooth_and_claw_buff_title": "Tooth and Claw (Hitman)",
	"shavehud_hudlist_tooth_and_claw_buff_desc": "",
	"shavehud_hudlist_trigger_happy_buff_title": "Trigger Happy",
	"shavehud_hudlist_trigger_happy_buff_desc": "Parte dos Buffs compostos.",
	"shavehud_hudlist_underdog_buff_title": "Underdog",
	"shavehud_hudlist_underdog_buff_desc": "Parte dos Buffs compostos.",
	"shavehud_hudlist_unseen_strike_buff_title": "Unseen Strike",
	"shavehud_hudlist_unseen_strike_buff_desc": "",
	"shavehud_hudlist_up_you_go_buff_title": "Up you Go",
	"shavehud_hudlist_up_you_go_buff_desc": "Parte dos Buffs compostos.",
	"shavehud_hudlist_uppers_buff_title": "Uppers",
	"shavehud_hudlist_uppers_buff_desc": "",
	"shavehud_hudlist_yakuza_buff_title": "Armor Regen Speed (Yakuza)",
	"shavehud_hudlist_yakuza_buff_desc": "",
	"shavehud_hudlist_anarchist_armor_recovery_debuff_title": "Lust for Life (Anarchist)",
	"shavehud_hudlist_anarchist_armor_recovery_debuff_desc": "",
	"shavehud_hudlist_ammo_give_out_debuff_title": "Ammo give out Debuff (Gambler)",
	"shavehud_hudlist_ammo_give_out_debuff_desc": "",
	"shavehud_hudlist_bullseye_debuff_title": "Bullseye Debuff",
	"shavehud_hudlist_bullseye_debuff_desc": "",
	"shavehud_hudlist_inspire_debuff_title": "Inspire Boost Debuff",
	"shavehud_hudlist_inspire_debuff_desc": "",
	"shavehud_hudlist_inspire_revive_debuff_title": "Inspire Revive Debuff",
	"shavehud_hudlist_inspire_revive_debuff_desc": "",
	"shavehud_hudlist_life_drain_debuff_title": "Life Drain Debuff (Infiltrator)",
	"shavehud_hudlist_life_drain_debuff_desc": "",
	"shavehud_hudlist_medical_supplies_debuff_title": "Medical Supplies Debuff (Gambler)",
	"shavehud_hudlist_medical_supplies_debuff_desc": "",
	"shavehud_hudlist_sociopath_debuff_title": "Regen Debuff (Sociopath)",
	"shavehud_hudlist_sociopath_debuff_desc": "",
	"shavehud_hudlist_armorer_teambuff_title": "Armor Increase Teambuff (Armorer)",
	"shavehud_hudlist_armorer_teambuff_desc": "",
	"shavehud_hudlist_bulletproof_teambuff_title": "Bulletproof Teambuff",
	"shavehud_hudlist_bulletproof_teambuff_desc": "",
	"shavehud_hudlist_crew_chief_teambuff_title": "Increased Stats Teambuff (Crew Chief)",
	"shavehud_hudlist_crew_chief_teambuff_desc": "Part of Composite Buffs.",
	"shavehud_hudlist_forced_friendship_teambuff_title": "Forced Friendship Teambuff",
	"shavehud_hudlist_forced_friendship_teambuff_desc": "",
	"shavehud_hudlist_life_steal_gage_debuff_title": "Life Steal",
	"shavehud_hudlist_life_steal_gage_debuff_desc": "",
	"shavehud_hudlist_invulnerable_gage_buff_title": "Invulnerability",
	"shavehud_hudlist_invulnerable_gage_buff_desc": "",
	"shavehud_hudlist_crew_inspire_debuff_title": "Inspiring",
	"shavehud_hudlist_crew_inspire_debuff_desc": "",
	"shavehud_hudlist_crew_throwable_regen_buff_title": "Stockpiler",
	"shavehud_hudlist_crew_throwable_regen_buff_desc": "",
	"shavehud_hudlist_crew_health_regen_buff_title": "Healer",
	"shavehud_hudlist_crew_health_regen_buff_desc": "",
	"shavehud_waypoints_options_name": "Opções do Custom Waypoints",
	"shavehud_waypoints_options_help": "Opções para o controle do Custom Waypoints.",
	"shavehud_waypoints_color_title": "Cor dos Waypoints",
	"shavehud_waypoints_color_desc": "A cor para os waypoints padrão da missão.",
	"shavehud_waypoints_show_ammo_bag_title": "Mostrar Ammo Bags",
	"shavehud_waypoints_show_ammo_bag_desc": "Mostra Waypoints para as Ammo bags, com a porcentagem de munição restante.",
	"shavehud_waypoints_show_doc_bag_title": "Mostrar Doctor Bags",
	"shavehud_waypoints_show_doc_bag_desc": "Mostra os Waypoints para as Doctor Bags, com o números de cargas restante.",
	"shavehud_waypoints_show_first_aid_kit_title": "Mostrar First Aid Kits",
	"shavehud_waypoints_show_first_aid_kit_desc": "Mostra os Waypoints para as First Aid Kits, com os seus efeitos de skill.",
	"shavehud_waypoints_show_body_bag_title": "Mostrar Bodybag Case",
	"shavehud_waypoints_show_body_bag_desc": "Mostra os Waypoints para as bodybag cases, com a quantidade de Bodybags restantes.",
	"shavehud_waypoints_show_grenade_crate_title": "Mostrar Grenade Case",
	"shavehud_waypoints_show_grenade_crate_desc": "Mostrar os Waypoints para as Grenade Cases, com a quantidade de granadas restante.",
	"shavehud_waypoints_show_sentries_title": "Mostrar Sentries",
	"shavehud_waypoints_show_sentries_desc": "Mostra os Waypoints para as Sentries, com a quantidade de munição restante.",
	"shavehud_waypoints_show_ecms_title": "Mostrar ECMs",
	"shavehud_waypoints_show_ecms_desc": "Mostra os Waypoints para as ECMs, com a bateria restante e a duração do feedback.",
	"shavehud_waypoints_show_timers_title": "Mostrar Timers",
	"shavehud_waypoints_show_timers_desc": "Mostra os Waypoints para os timers, com o tempo restante e upgrades ativos.",
	"shavehud_waypoints_show_loot_title": "Mostrar Loot",
	"shavehud_waypoints_show_loot_desc": "Mostra o nome do loot sobre ele, quando olhar de perto.",
	"shavehud_waypoints_loot_icon_title": "Ícone da Bag",
	"shavehud_waypoints_loot_icon_desc": "Mostra um ícone da bag no loot ensacado.",
	"shavehud_waypoints_loot_offset_title": "Deslocamento de altura",
	"shavehud_waypoints_loot_offset_desc": "Configura o deslocamento de altura do rótulo de texto no loot.",
	"shavehud_waypoints_loot_bagged_offset_title": "Compensação de altura do loot ensacado",
	"shavehud_waypoints_loot_bagged_offset_desc": "Configura a compensação de altura do rótulo de texto do loot ensacado.",
	"shavehud_waypoints_loot_angle_title": "Ângulo visível",
	"shavehud_waypoints_loot_angle_desc": "Configura o ângulo do texto visível.",
	"shavehud_waypoints_show_special_equipment_title": "Mostrar equipamento especial",
	"shavehud_waypoints_show_special_equipment_desc": "Mostra os waypoints para vários equipamentos diferentes. Bom para aprender as diferentes localizações.",
	"shavehud_waypoints_show_minions_title": "Mostrar os Minions",
	"shavehud_waypoints_show_minions_desc": "Mostra o nome do minion acima da cabeça dele, da cor do player que o converteu.\nTambém exibe a Killcount dele.",
	"shavehud_waypoints_show_pager_title": "Mostrar Pager",
	"shavehud_waypoints_show_pager_desc": "Mostra um waypoint para os pagers ativos. Muda a cor dele, quando alguém está respondendo.",
	"shavehud_tabstats_options_name": "Opções do TabStats",
	"shavehud_tabstats_options_help": "Configure o visual do seu Tabscreen.",
	"shavehud_tabstats_clock_mode_title": "Formato do relógio",
	"shavehud_tabstats_clock_mode_desc": "Qual o formato que o relógio usa?",
	"shavehud_tabstats_clock_mode_a": "12-h",
	"shavehud_tabstats_clock_mode_b": "24-h",
	"shavehud_tabstats_clock_mode_c": "Tempo do assalto",
	"shavehud_use_tabstats_title": "Usar TabStats",
	"shavehud_use_tabstats_desc": "Mostra suas estatísticas na tela de inventário estendido, em vez do sumário da missão.\n(Uma mudança de mapa é necessária para aplicar...)",
	"shavehud_tabstats_font_size_title": "Tamanho da fonte da lista",
	"shavehud_tabstats_font_size_desc": "Tamanho da fonte da lista avançada de estatísticas.",
	"shavehud_tabstats_color_title": "Cor da lista",
	"shavehud_tabstats_color_desc": "Cor da lista avançada de estatísticas.",
	"shavehud_tabstats_actual_mask_title": "Usar máscara vigente",
	"shavehud_tabstats_actual_mask_desc": "Usa a máscara vigente em vez da máscara do personagem.",
	"shavehud_tabstats_numeric_loot_title": "Contador numérico de loot",
	"shavehud_tabstats_numeric_loot_desc": "Desativa o minigame de contagem de sacos e mostra o número imediato.",
	"shavehud_crewloadout_options_name": "Opções do Crew Loadout",
	"shavehud_crewloadout_options_help": "Escolha onde você deseja obter Informações sobre quais equipamentos e habilidades seus companheiros de equipe estão trazendo.",
	"shavehud_crewloadout_lobby_title": "Mostrar no Lobby",
	"shavehud_crewloadout_lobby_desc": "Adiciona um botão na tela do lobby, que exibe o seu equipamento e o da equipe.",
	"shavehud_crewloadout_cs_lobby_title": "Mostrar no Lobby do Crimespree",
	"shavehud_crewloadout_cs_lobby_desc": "Adiciona uma nova aba a direita dos modificadores e recompensas no lobby do CrimeSpree.",
	"shavehud_crewloadout_briefing_title": "Substituir no sumário",
	"shavehud_crewloadout_briefing_desc": "Substitui o painel padrão do Crew Loadout no sumário da missão.",
	"shavehud_crewloadout_tabscreen_title": "Mostrar no inventário estendido",
	"shavehud_crewloadout_tabscreen_desc": "Exibe as Skills, Perk e o ping atual dos jogadores no seu lobby. \n(Fica desativado se você usar esse recurso do LobbyPlayerInfo)",
    	"shavehud_profilemenu_replace_title": "Substituir o menu de perfil",
    	"shavehud_profilemenu_replace_desc": " Substitui o seletor de perfil padrão pelo do ShaveHUD.",
	"shavehud_dmgindicator_options_name": "Indicador de dano",
	"shavehud_dmgindicator_options_help": "Configura o tempo de desaparecimento, o tamanho e cor ou os seus indicadores de dano.",
	"shavehud_show_dmg_indicator_title": "Indicador de dano dinâmico",
	"shavehud_show_dmg_indicator_desc": "Transforma os 4 indicadores de danos estáticos em vários tipos dinâmicos, movendo-se de acordo com sua posição e a posição da qual você foi danificado.",
	"shavehud_dmg_ind_time_title": "Duração do indicador",
	"shavehud_dmg_ind_time_desc": "Determina o tempo que o indicador será mostrado.",
	"shavehud_dmg_ind_size_title": "Tamanho do indicador",
	"shavehud_dmg_ind_size_desc": "Determina o tamanho do círculo e os indicadores são colocados ao redor.",
	"shavehud_dmg_indicator_max_count_title": "Contagem máxima de indicadores",
	"shavehud_dmg_indicator_max_count_desc": "Especifica a quantidade máxima de indicadores de dano na tela.",
	"shavehud_dmg_shield_color_title": "Cor do colete",
	"shavehud_dmg_shield_color_desc": "Cor do indicador, quando apenas você perder armor.",
	"shavehud_dmg_health_color_title": "Cor do HP",
	"shavehud_dmg_health_color_desc": "Cor do indicador, quando você perder saúde.",
	"shavehud_dmg_crit_color_title": "Cor de vida baixo",
	"shavehud_dmg_crit_color_desc": "Cor do indicador, quando a vida estiver baixando.",
	"shavehud_dmg_vehicle_color_title": "Cor do veículo",
	"shavehud_dmg_vehicle_color_desc": "Cor do indicador, quando o veículo que você está levar dano.",
	"shavehud_dmg_friendlyfire_color_title": "Cor do fogo amigo",
	"shavehud_dmg_friendlyfire_color_desc": "Cor do indicador, quando você levar dano de tiro ou explosivos.",
	"shavehud_dmgpopup_options_name": "Popup de dano no inimigo",
	"shavehud_dmgpopup_options_help": "Um Popup próximo da cabeça dos inimigos, exibindo o dano tomado.",
	"shavehud_show_dmg_popup_title": "Exibir Popup de dano",
	"shavehud_show_dmg_popup_desc": "Ativa o popup de dano.",
	"shavehud_dmg_popup_player": "Jogador",
	"shavehud_dmg_popup_all": "Todos",
	"shavehud_dmg_popup_scale_title": "Escala do Popup",
	"shavehud_dmg_popup_scale_desc": "Muda o tamanho dos popups de dano.",
	"shavehud_dmg_popup_skull_scale_title": "Escala da caveira",
	"shavehud_dmg_popup_skull_scale_desc": "Muda o tamanho do ícone da caveira quando matar um inimigo.",
	"shavehud_dmg_popup_skull_align_title": "Posição da caveira",
	"shavehud_dmg_popup_skull_align_desc": "Muda o alinhamento do ícone da caveira quando matar um inimigo.",
	"shavehud_dmg_popup_time_title": "Tempo do Popup",
	"shavehud_dmg_popup_time_desc": "Determina quanto tempo o popup vai ficar.",
	"shavehud_dmg_popup_height_title": "Altura do Popup",
	"shavehud_dmg_popup_height_desc": "Determina quão alto o popup aperecerá sobre o inimigo.",
	"shavehud_dmg_popup_alpha_title": "Opacidade do Popup",
	"shavehud_dmg_popup_alpha_desc": "Configura a opacidade do popup.",
	"shavehud_dmg_popup_color_title": "Popup do BodyShots",
	"shavehud_dmg_popup_color_desc": "Configura a cor do popup para os tiros no corpo",
	"shavehud_dmg_popup_critical_color_title": "Popup de dano crítico",
	"shavehud_dmg_popup_critical_color_desc": "Configura a cor do popup para danos críticos.",
	"shavehud_dmg_popup_headshot_color_title": "Popup dos Headshots",
	"shavehud_dmg_popup_headshot_color_desc": "Configura a cor do popup para headshots.",
	"shavehud_enemyhealthbar_options_name": "Barra de vida do inimigo",
	"shavehud_enemyhealthbar_options_help": "Determine quais unidades tem uma barra de vida.",
	"shavehud_show_floatinghealthbar_title": "Show Floating Enemy Healthbar",
	"shavehud_show_floatinghealthbar_desc": "Display Floating Enemy Healthbar, when aiming at an enemy.",
	"shavehud_fhb_custom_fix_title": "Custom Health Texture Fix",
	"shavehud_fhb_custom_fix_desc": "Fixes rendering of custom health textures. Toggle on/off if the FHB health texture's size seems wrong.",
	"shavehud_show_enemyhealthbar_title": "Mostrar barra de vida do inimigo",
	"shavehud_show_enemyhealthbar_desc": "Exibe uma barra de vida no centro da tela, ao almejar um inimigo.\n(Uma mudança de mapa é necessária para aplicar...)",
	"shavehud_show_civhealthbar_title": "Barra de vida dos civis",
	"shavehud_show_civhealthbar_desc": "Também mostra uma barra de vida para os civis e a IA aliada.",
	"shavehud_show_carhealthbar_title": "Mostrar barra de vida dos veículos",
	"shavehud_show_carhealthbar_desc": "Mostra uma barra de vida para veículos dirigíveis.",
	"shavehud_show_healthbar_pointer_title": "Mostrar cursor",
	"shavehud_show_healthbar_pointer_desc": "Mostra uma flecha abaixo da barra de vida, indicando o dono da barra de vida.",
	"shavehud_interaction_options_name": "Opções de interação",
	"shavehud_interaction_options_help": "Escolha suas preferências pessoais de interação.",
	"shavehud_press2hold_lock_mode_title": "Modo Lock",
	"shavehud_press2hold_lock_mode_desc": "Trava, quando a interação for maior que X segundos. (Progresso)\nTrava, quando o tempo total de interação for maior que X segundos. (Total)",
	"shavehud_press2hold_lock_mode_a": "Progresso",
	"shavehud_press2hold_lock_mode_b": "Total",
	"shavehud_press2hold_lock_mode_c": "Pagers+lockpick",
	"shavehud_press2hold_lock_mode_d": "Apenas Pagers",
	"shavehud_press2hold_min_timer_duration_title": "Tempo minímo de duração",
	"shavehud_press2hold_min_timer_duration_desc": "A duração mínima para a interação travar.",
	"shavehud_press2hold_show_lockindicator_title": "Mostrar indicador de trava",
	"shavehud_press2hold_show_lockindicator_desc": "Mostrar círculo de sobreposição vermelho/verde transparente, para indicar que o tempo de duração está travado ou não.",
	"shavehud_press2hold_equipment_cancel_title": "Interrupção de Equipamento",
	"shavehud_press2hold_equipment_cancel_desc": "Interrompe a interação travada com o seu equipamento.\n(Caso contrário pressione a tecla de duração novamente.)",
	"shavehud_press2hold_interrupt_hint_title": "Mostrar sugestão de interrupção",
	"shavehud_press2hold_interrupt_hint_desc": "Exibe um texto para lembrar que botão interromperá a sua interação.",
	"shavehud_press2hold_show_timer_title": "Mostrar tempo restante",
	"shavehud_press2hold_show_timer_desc": "Exibe o tempo restante dentro do circulo de interação.",
	"shavehud_press2hold_show_circle_title": "Mostrar círculo de interação",
	"shavehud_press2hold_show_circle_desc": "Determina se o círculo de interação padrão deve ser exibido.",
	"shavehud_press2hold_circle_scale_title": "Escala do círculo",
	"shavehud_press2hold_circle_scale_desc": "Fator de escala do circulo de interação.",
	"shavehud_press2hold_timer_scale_title": "Escala do timer",
	"shavehud_press2hold_timer_scale_desc": "Fator de escala do timer do centro (Leva em conta a escala do círculo).",
	"shavehud_press2hold_text_scale_title": "Escala do texto",
	"shavehud_press2hold_text_scale_desc": "Fator de escala do texto de interação abaixo do círculo.",
	"shavehud_press2hold_show_reload_circle_title": "Mostrar o tempo de reload",
	"shavehud_press2hold_show_reload_circle_desc": "Determina se deve exibir o  tempo de recarregamento da arma no hud.",
	"shavehud_press2hold_show_melee_circle_title": "Mostrar carregamento de melee",
	"shavehud_press2hold_show_melee_circle_desc": "Determina se deve exibir o tempo que leva para carregar um golpe, no hud em forma de interação.",
	"shavehud_press2hold_timer_color_start_title": "Cor do timer (Início)",
	"shavehud_press2hold_timer_color_start_desc": "Cor para o timer de início.",
	"shavehud_press2hold_timer_color_title": "Cor do timer (Fim)",
	"shavehud_press2hold_timer_color_desc": "Cor para o timer a ser concluido.",
	"shavehud_press2hold_show_timer_outline_title": "Contorno preto",
	"shavehud_press2hold_show_timer_outline_desc": "Mostra um contorno preto ao redor do texto de tempo restante.",
	"shavehud_doubletap_nades_stealth_title": "Supressão de granadas no Stealth",
	"shavehud_doubletap_nades_stealth_desc": "Quando marcado, você precisa apertar a tecla 2x para arremessar uma granada no stealth. \nApenas para prevenir acidentes.",
	"shavehud_hold_to_pick_title": "Pickup automático",
	"shavehud_hold_to_pick_desc": "Automatically pick up small loot.",
	"shavehud_press_to_mask_title": "Press to Mask Up",
	"shavehud_press_to_mask_desc": "When checked, you only have to press (rather than hold) to mask up.",
	"shavehud_inventory_options_name": "Opções de melhoria no inventário",
	"shavehud_inventory_options_help": "Opções para mudar o visual e o comportamento do seu inventário.",
	"shavehud_equipment_senty_auto_ap_title": "Modo AP automático da Sentry",
	"shavehud_equipment_senty_auto_ap_desc": "As Sentries vão dar spawn em modo AP, se você tiver a Skill.",
	"shavehud_equipment_tripmine_auto_sensor_stealth_title": "Trip-Mine com modo sensor automático",
	"shavehud_equipment_tripmine_auto_sensor_stealth_desc": "Trip-Mines vão dar spawn em modo Sensor, no stealth.",
	"shavehud_equipment_ecm_feedback_disabled_stealth_title": "Supressão de feedback do ECM",
	"shavehud_equipment_ecm_feedback_disabled_stealth_desc": "ECM Feedback será desativado no stealth.(para evitar acidentes)",
	"shavehud_equipment_shaped_charge_disabled_stealth_title": "Supressão da Shaped Charge",
	"shavehud_equipment_shaped_charge_disabled_stealth_desc": "Quando marcado, você precisa apertar a tecla 2x para dar deploy em shaped charges no stealth. \nApenas para prevenir acidentes.",
	"shavehud_equipment_keycard_doors_disabled_title": "Supressão de Keycard para portas",
	"shavehud_equipment_keycard_doors_disabled_desc": "Quando marcado, você precisa apertar a tecla 2x para fechar portas na hoxton breakout dia 2. \nApenas para prevenir acidentes.",
	"shavehud_override_fedinv": "Enable Federal Inventory",
	"shavehud_override_fedinv_desc": "Enable colorized Inventory icons.\nRequires game restart to fully take effect.",
	"shavehud_gadget_options_name": "Opções para os gadgets das armas",
	"shavehud_gadget_options_help": "Especifica a cor dos lasers.",
	"shavehud_laser_autoon_title": "Ativar laser automaticamente",
	"shavehud_laser_autoon_desc": "Ativa o laser automaticamente ao iniciar, nas armas que o possui.",
	"shavehud_show_angled_sight_title": "Mostra mira angulada",
	"shavehud_show_angled_sight_desc": "Inclina a arma na sua mão, enquanto a mira angulada estiver habilitada.",
	"shavehud_gadget_player_laser_options_name": "Laser do jogador",
	"shavehud_gadget_player_laser_options_help": "Configuração do seu laser.",
	"shavehud_gadget_player_sentry_laser_options_name": "Opções para a Sentry do jogador",
	"shavehud_gadget_player_sentry_laser_options_help": "Configurações para os lasers das sentries.",
	"shavehud_gadget_team_laser_options_name": "Lasers da equipe",
	"shavehud_gadget_team_laser_options_help": "Opções para os lasers da equipe.",
	"shavehud_gadget_team_sentry_laser_options_name": "Lasers das Sentries da equipe",
	"shavehud_gadget_team_sentry_laser_options_help": "Opções para os lasers das Sentries da equipe.",
	"shavehud_gadget_sniper_laser_options_name": "Laser do Sniper",
	"shavehud_gadget_sniper_laser_options_help": "Configuração para o laser dos snipers inimigos.",
	"shavehud_gadget_turret_laser_active_options_name": "Laser da turret (ativa)",
	"shavehud_gadget_turret_laser_active_options_help": "Configuração do lasers para a SWAT Turret ativa.",
	"shavehud_gadget_turret_laser_rearming_options_name": "Laser da turret (Rearmando)",
	"shavehud_gadget_turret_laser_rearming_options_help": "Configuraçes para o Laser da SWAT turret recarregando.",
	"shavehud_gadget_turret_laser_mad_options_name": "Laser da Turret (Doidona)",
	"shavehud_gadget_turret_laser_mad_options_help": "Configuraçes de laser para a SWAT turret sob o efeito de ECM.",
	"shavehud_gadget_player_flashlight_options_name": "Lanterna do jogador",
	"shavehud_gadget_player_flashlight_options_help": "Configuraçes para a sua lanterna.",
	"shavehud_gadget_team_flashlight_options_name": "Lanterna da equipe",
	"shavehud_gadget_team_flashlight_options_help": "Opções para as lanternas da equipe.",
	"shavehud_gadgets_enabled_title": "Sobrescrever Cor",
	"shavehud_gadgets_enabled_desc": "Usar esta definição em vez da configuração do gadget.",
	"shavehud_gadgets_beam_r_title": "Feixe de Laser (R)",
	"shavehud_gadgets_beam_r_desc": "Componente de cor vermelha do laser.",
	"shavehud_gadgets_beam_g_title": "Feixe de Laser (G)",
	"shavehud_gadgets_beam_g_desc": "Componente de cor verde do laser.",
	"shavehud_gadgets_beam_b_title": "Laser Beam (B)",
	"shavehud_gadgets_beam_b_desc": "Componente de cor azul do laser.",
	"shavehud_gadgets_beam_a_title": "Feixe de laser Alpha",
	"shavehud_gadgets_beam_a_desc": "Opacidade do feixe de laser.",
	"shavehud_gadgets_dot_match_title": "Cor do ponto",
	"shavehud_gadgets_dot_match_desc": "Determina, se o ponto e o feixe do laser devem ser da mesma cor.",
	"shavehud_gadgets_dot_r_title": "Ponto do Laser (R)",
	"shavehud_gadgets_dot_r_desc": "Componente de ponto na cor vermelha.",
	"shavehud_gadgets_dot_g_title": "Ponto do laser (G)",
	"shavehud_gadgets_dot_g_desc": "Componente de ponto na cor verde.",
	"shavehud_gadgets_dot_b_title": "Ponto do laser (B)",
	"shavehud_gadgets_dot_b_desc": "Componente de ponto na cor azul.",
	"shavehud_gadgets_dot_a_title": "Alpha do ponto do laser",
	"shavehud_gadgets_dot_a_desc": "Opacidade do ponto do laser.",
	"shavehud_gadgets_glow_match_title": "Cor do brilho",
	"shavehud_gadgets_glow_match_desc": "Determina, se a cor do brilho do laser deve ser igual ao do feixe.",
	"shavehud_gadgets_glow_r_title": "Brilho do laser (R)",
	"shavehud_gadgets_glow_r_desc": "Componente brilho do laser de cor vermelha.",
	"shavehud_gadgets_glow_g_title": "Brilho do laser (G)",
	"shavehud_gadgets_glow_g_desc": "Componente brilho do laser de cor verde.",
	"shavehud_gadgets_glow_b_title": "Brilho do laser (B)",
	"shavehud_gadgets_glow_b_desc": "Componente brilho do laser de cor azul.",
	"shavehud_gadgets_glow_a_title": "Alpha do brilho do laser",
	"shavehud_gadgets_glow_a_desc": "Opacidade do brilho do laser.",
	"shavehud_gadgets_light_r_title": "Lanterna (R)",
	"shavehud_gadgets_light_r_desc": "Componente da lanterna de cor vermelha.",
	"shavehud_gadgets_light_g_title": "Lanterna (G)",
	"shavehud_gadgets_light_g_desc": "Componente da lanterna de cor verde.",
	"shavehud_gadgets_light_b_title": "Lanterna (B)",
	"shavehud_gadgets_light_b_desc": "Componente da lanterna de cor azul.",
	"shavehud_gadgets_light_brightness_title": "Brilho da lanterna",
	"shavehud_gadgets_light_brightness_desc": "Intensidade do brilho da lanterna.",
	"shavehud_gadgets_light_angle_title": "Angulo da lanterna",
	"shavehud_gadgets_light_angle_desc": "O ângulo que a lanterna ilumina.",
	"shavehud_gadgets_light_range_title": "Alcance da lanterna",
	"shavehud_gadgets_light_range_desc": "A distância que a lanterna pode cobrir.",
	"shavehud_gadgets_rainbow_enabled_title": "Ativar arco-íris",
	"shavehud_gadgets_rainbow_enabled_desc": "Ativa o modo arco-iris.",
	"shavehud_gadgets_rainbow_frequency_title": "Frequencia do arco-iris",
	"shavehud_gadgets_rainbow_frequency_desc": "Determina o quão rápido o arco-íris muda de cor.",
	"shavehud_gadgets_pulse_enabled_title": "Ativar Pulse",
	"shavehud_gadgets_pulse_enabled_desc": "Ativa o modo pulse.",
	"shavehud_gadgets_pulse_min_title": "Pulso Minimo",
	"shavehud_gadgets_pulse_min_desc": "Modificador de Opacidade Mínima a usar.",
	"shavehud_gadgets_pulse_max_title": "Pulse Maximo",
	"shavehud_gadgets_pulse_max_desc": "Modificador de Opacidade Máxima a usar.",
	"shavehud_gadgets_pulse_frequency_title": "Frequencia do pulso",
	"shavehud_gadgets_pulse_frequency_desc": "Determina o tempo que o multiplicador leva do pulso mínimo ao máximo.",
	"shavehud_skipit_options_name": "Opções de pulo",
	"shavehud_skipit_options_help": "Opções para pular menus desnecessários automaticamente e poupar seu tempo.",
	"shavehud_assaultbanner_options_name": "Opções do Assault Banner",
	"shavehud_assaultbanner_options_help": "Opções para mudar o Assault Banner.",
	"shavehud_create_empty_lobby_title": "Create Empty Lobby",
	"shavehud_create_empty_lobby_desc": "Create a contractless multiplayer lobby.\n(defaults to friends-only, changeable to public or private)",
	"shavehud_item_insta_custody_mod_id": "Go into custody",
	"shavehud_item_insta_custody_mod_desc": "Do you want to go into custody?",
	"shavehud_chat_insta_custody_mod_msg": "\"Instant Custody\" mod was used.",
	"shavehud_dialog_insta_custody_mod_yes": "Yes",
	"shavehud_dialog_insta_custody_mod_no": "No",
	"shavehud_autokick_cheat_mods_title": "Autokick Cheat Mods",
    "shavehud_autokick_cheat_mods_desc": "Automatically kick players using cheat mods (that can impact your gameplay)",
    "shavehud_badass_camera_title": "Badass Camera",
    "shavehud_badass_camera_desc": "Enable cinematic camera effects in main menu",
    "shavehud_bag_tilt_removal_title": "Bag Carry Tilt Removal",
    "shavehud_bag_tilt_removal_desc": "Disable the camera tilt when carrying bags",
    "shavehud_bigger_better_replaced_title": "Bigger Better Replaced",
    "shavehud_bigger_better_replaced_desc": "Replaces \"The Bigger The Better\" with \"SpecOps Suppressor\" (model only)",
    "shavehud_bullet_decapitations_title": "Bullet Dismemberment",
    "shavehud_bullet_decapitations_desc": "Improved gore effects",
    "shavehud_clear_descriptions_title": "Clear Descriptions",
    "shavehud_clear_descriptions_desc": "Improved descriptions for weapon gadgets and special ammo",
    "shavehud_correct_armor_sorting_title": "Correct Armor Sorting",
    "shavehud_correct_armor_sorting_desc": "Order armor by protection in ascending order",
    "shavehud_fix_counter_taser_title": "Counter-Taser Animation",
    "shavehud_fix_counter_taser_desc": "Restore the counter-taser animation",
    "shavehud_difficulty_animation_title": "Blackscreen Difficulty Animation",
    "shavehud_difficulty_animation_desc": "Animated difficulty indicator on blackscreen",
    "shavehud_disable_telemetry_title": "Disable Spyware",
    "shavehud_disable_telemetry_desc": "Disable the game's built-in telemetry",
    "shavehud_enable_akimbo_mode_title": "Akimbo Firemode Toggle",
    "shavehud_enable_akimbo_mode_desc": "Activate Akimbo Firemode Toggle Keybind",
    "shavehud_fix_ability_use_title": "Perkdeck Ability Use Fix",
    "shavehud_fix_ability_use_desc": "Allow using perkdeck abilities while driving or shooting",
    "shavehud_fix_auto_fire_sound_title": "Autofire Sound Fix",
    "shavehud_fix_auto_fire_sound_desc": "Prevent duplicate sound playback on single shots",
    "shavehud_fix_bot_bullet_collision_title": "Disable Bot Bullet Collision",
    "shavehud_fix_bot_bullet_collision_desc": "Allow player shots to pass through Team AI",
    "shavehud_fix_bullet_push_title": "Disable Killing Bullet Push",
    "shavehud_fix_bullet_push_desc": "Disable the killing bullet push that causes visual glitches (Shotguns and Stealth unaffected)",
    "shavehud_fix_cloaker_cam_lock_title": "Disable Cloaker Camera Lock",
    "shavehud_fix_cloaker_cam_lock_desc": "Prevents Cloakers from locking your camera",
    "shavehud_fix_correct_diff_enemies_title": "Correct Difficulty Enemies",
    "shavehud_fix_correct_diff_enemies_desc": "Prevent wrong enemies spawning",
    "shavehud_fix_crimespree_crash_loss_title": "Crimespree Crash Loss Fix",
    "shavehud_fix_crimespree_crash_loss_desc": "Prevents losing your crimespree after crashing",
    "shavehud_fix_crimespree_phalanx_spawn_limit_title": "Crimespree Phalanx Spawn Limit",
    "shavehud_fix_crimespree_phalanx_spawn_limit_desc": "Forces Phalanx Shields to adhere to spawn limits",
    "shavehud_fix_crimespree_rankspread_filter_title": "Crimespree Rank Spread Filter Fix",
    "shavehud_fix_crimespree_rankspread_filter_desc": "Fixes the Rank Spread Filter",
    "shavehud_fix_diff_check_fallback_title": "Difficulty Check Fallback Fix",
    "shavehud_fix_diff_check_fallback_desc": "Fixes scripted spawns which are broken on Mayhem/Death Sentence",
    "shavehud_fix_dozer_sprint_title": "Bulldozer Sprint Fix",
    "shavehud_fix_dozer_sprint_desc": "Prevent Bulldozers from sprinting near players, as originally intended",
    "shavehud_fix_keep_heist_outfits_title": "Keep specific heist outfits",
    "shavehud_fix_keep_heist_outfits_desc": "Override outfits if the heist has a specific one (client-side only)",
    "shavehud_fix_logical_heist_outfits_title": "Extend specific heist outfits",
    "shavehud_fix_logical_heist_outfits_desc": "Use Parka for Boiling Point, Legacy Tactical for Slaughterhouse",
    "shavehud_fix_reload_speed_boost_title": "Reload Speed Boost Fix",
    "shavehud_fix_reload_speed_boost_desc": "Allow reload speed boost affectig single reload weapons",
    "shavehud_fix_shotgun_reload_title": "Shotgun Reload Fix",
    "shavehud_fix_shotgun_reload_desc": "Fix an issue where Shotguns and similar weapons only reload one round",
    "shavehud_fix_stale_lobby_title": "Stale Lobby Contract Fix",
    "shavehud_fix_stale_lobby_desc": "Report lobby as contractless to Steam rather than the last finished heist",
    "shavehud_fixes_options_name": "Bugfix Options",
    "shavehud_hidden_dlc_title": "Hide Latest DLC ad",
    "shavehud_hidden_dlc_desc": "Hide latest DLC advertisement on main menu",
    "shavehud_hidden_updates_title": "Hide Content Updates",
    "shavehud_hidden_updates_desc": "Hide Content Updates on main menu",
    "shavehud_instant_custody_title": "Instant Custody",
    "shavehud_instant_custody_desc": "Enables menu option to go into custody voluntarily",
    "shavehud_instant_pick_gage_title": "Instant Gage Package Pickup",
    "shavehud_instant_pick_gage_desc": "Instantly pick up Gage packages",
    "shavehud_inventory_count_title": "Inventory Count",
    "shavehud_inventory_count_desc": "Display additional information for throwables and equipment",
    "shavehud_kick_friend_title": "Don't Ban Friends",
    "shavehud_kick_friend_desc": "Allow friends to rejoin your lobby after a kick",
    "shavehud_ladder_improvements_title": "Ladder Improvements",
    "shavehud_ladder_improvements_desc": "Makes ladder handling much more intuitive, see modwork.shop/23192",
    "shavehud_mask_in_outfit_screen_title": "Show Mask in outfit screen",
    "shavehud_mask_in_outfit_screen_desc": "Display your mask in outfit screen",
    "shavehud_misc_options_name": "Other Options",
    "shavehud_mod_list_lite_title": "Modlist Lite",
    "shavehud_mod_list_lite_desc": "Prevent modlist from loading icons",
    "shavehud_no_fade_title": "Disable Fade to Black",
    "shavehud_no_fade_desc": "Remove Fade to Black in main menu",
    "shavehud_no_red_lasers_title": "No Red Teammate Lasers",
    "shavehud_no_red_lasers_desc": "Replaces red teammate lasers with the default green",
    "shavehud_no_sway_title": "Disable Fake Weapon Sway",
    "shavehud_no_sway_desc": "Remove fake weapon sway when aiming down sights",
    "shavehud_no_weapon_rotation_title": "Disable Weapon Rotation",
    "shavehud_no_weapon_rotation_desc": "Remove Weapon Preview Rotation in the Blackmarket",
    "shavehud_player_blood_title": "Player Bloodsplats",
    "shavehud_player_blood_desc": "Generate bloodsplats when players are hit",
    "shavehud_redundant_card_removal_title": "Remove Redundant Cards",
    "shavehud_redundant_card_removal_desc": "Remove money and experience from the loot table",
    "shavehud_returnable_mask_components_title": "Return Mask Components",
    "shavehud_returnable_mask_components_desc": "Allow returning mask components",
    "shavehud_shield_despawn_timer_title": "Shield Despawn Timer",
    "shavehud_shield_despawn_timer_desc": "Despawn dead Shields after a timeout",
    "shavehud_shield_despawn_timer_value_title": "Despawn Timeout",
    "shavehud_shield_despawn_timer_value_desc": "Timeout in seconds for despawning dead Shields",
    "shavehud_skin_hider_title": "Hide Skins in Lobby",
    "shavehud_skin_hider_desc": "Display Infamy cards instad of skins in lobby (where applicable)",
    "shavehud_starring_title": "Blackscreen Starring",
    "shavehud_starring_desc": "Display player and character names on blackscreen",
    "shavehud_vehicle_fov_title": "Vehicle FOV",
    "shavehud_vehicle_fov_desc": "Override FOV for all vehicles",
    "shavehud_vehicle_fov_value_title": "Override Value",
    "shavehud_vehicle_fov_value_desc": "Set FOV for all vehicles to this",
	"shavehud_fix_third_person_recoil_title": "Third Person Recoil",
	"shavehud_fix_third_person_recoil_desc": "Enable firing/recoil animations for most weapons in third person",
	"shavehud_fix_mag_drop_title": "Mag Drop Fixes",
	"shavehud_fix_mag_drop_desc": "Interrupted reloads no longer cause magazines to be stuck in a player's hands or disappear from the gun.",
	"shavehud_fix_mag_drop_limit_title": "Dropped Magazine Limit",
	"shavehud_fix_mag_drop_limit_desc": "Limit dropped magazines in the world",
	"shavehud_identify_vr_title": "Identify VR Players",
	"shavehud_identify_vr_desc": "Show in chat when someone else is using VR and announce in chat that you're using VR (if applicable)."
}