{
	"menu_jowi": "Wick",
	"hud_int_hold_grab_the_bag": "Oprime $INTERACT para agarrar $BAG",
	"shavehud_dialog_force_start_title": "¿Forzar inicio de partida?",
	"shavehud_dialog_force_start_desc": "¿Deseas forzar el inicio de la partida?Seg?\n\nPor favor solo usa esto en lobbies bugeados, o si un jugador esta afk.\nAsegurate de que todos tienen el tiempo suficiente para elegir su equipo.\n\nGracias :)",
	"shavehud_dialog_install_title": "Instalar: $NAME",
	"shavehud_dialog_install_desc": "Quieres instalar '$NAME'?",
	"shavehud_dialog_remind_later": "Preguntar luego",
	"shavehud_dialog_install_fed_inv_desc": "Federal Inventory es un mod, que te cambia los iconos de los items por sus versiones en color.",
	"shavehud_dialog_rename_inv_tab": "Renombrar la pagina del inventario",
	"shavehud_dialog_rename_inv_tab_desc": "Por favor ingresa el nuevo nombre para la esta pagina del inventario.",
	"shavehud_dialog_save": "Guardar",
	"shavehud_dialog_requires_superblt_title": "[ShaveHUD] No SuperBLT detected!",
	"shavehud_dialog_requires_superblt_desc_long": "ShaveHUD requires SuperBLT in order to work.\nSuperBLT is a fork of the BLT mod-loading hook for PAYDAY 2, with a number of major improvements. \nIt is fully backwards-compatable with regular BLT mods.\n\nYou can find further information and installation instructions here: \n$URL",
	"shavehud_dialog_requires_superblt_desc_short": "ShaveHUD is no longer compatable with regular BLT.\nPlease update to SuperBLT to continue using it.\nYou can find SuperBLT at '$URL'.",
	"shavehud_dialog_update_install_folder_title": "[ShaveHUD] Auto-Updates compromised!",
	"shavehud_dialog_update_install_folder_desc": "For automatic updates, ShaveHUD's install folder \nneeds to be named 'mods/ShaveHUD/'. \n(Currently its 'mods/$FOLDER/')",
	"shavehud_notification_disabled_override_title": "ShaveHUD: $NAME esta actualmente desactivado.",
	"shavehud_notification_disabled_override_desc": "Si cambiaste de opinion, da click para que te pregunten nuevamente.",
	"shavehud_notification_restart_override_title": "ShaveHUD: $NAME esta listo para ser instalado.",
	"shavehud_notification_restart_override_desc": "Por favor reinicia el juego para iniciar la descarga.",
	"shavehud_int_locked": "PRESIONA $BTN_CANCEL PARA CANCELAR",
	"shavehud_int_locked_pager": "PRESIONA $BTN_CANCEL PARA CANCELAR\n(ACTIVA LA ALARMA)"
	"shavehud_preplanning_save": "Guardar Planeación",
	"shavehud_preplanning_load": "Cargar Planeación",
	"shavehud_preplanning_reset": "Reiniciar Planeación",
	"shavehud_preplanning_reset_all": "Reiniciar todo",
	"shavehud_preplanning_delete": "Borrar Planeación",
	"shavehud_preplanning_save_tooltip_title": "Guardar Planeación actual:",
	"shavehud_preplanning_save_tooltip_desc": "Guarda tu Planeación actual, para cargarla rapidamente la siguiente vez que juegues este trabajo.",
	"shavehud_preplanning_load_tooltip_title": "Cargar última Planeación:",
	"shavehud_preplanning_load_tooltip_desc": "Abre un menu con todas las planeaciones guardadas.",
	"shavehud_preplanning_reset_tooltip_title": "Reinicia la Planeación actual:",
	"shavehud_preplanning_reset_tooltip_desc": "Remueve todos tus assets de la planeación actual, incluyendo tus votos.",
	"shavehud_preplanning_reset_all_tooltip_title": "Reiniciar la planeación completamente:",
	"shavehud_preplanning_reset_all_tooltip_desc": "Remueve todos tus assets de la planeación actual, incluyendo tus votos.",
	"shavehud_preplanning_delete_tooltip_title": "Borrar Planeación guardado",
	"shavehud_preplanning_delete_tooltip_desc": "Limpia tus planeaciones guardadas y elimina algunas.",
	"shavehud_preplanning_manager_title": "Administrador de Planeaciones",
	"shavehud_preplanning_error_no_saved_plans": "No se han guardado Planeaciones.",
	"shavehud_preplanning_error_max_plans_reached": "Máxima cantidad de Planeaciones alcanzada.",
	"shavehud_preplanning_votes_title": "Votos:",
	"shavehud_preplanning_assets_title": "Assets:",
	"shavehud_preplanning_dialog_save": "¿Guardar Planeación?",
	"shavehud_preplanning_dialog_save_desc": "$PLAN\n\n\nPor favor ingresa un nombre para esta planeación.\n(Usando el nombre de una planeción esistente lo sobreescribirá.)",
	"shavehud_preplanning_dialog_delete": "¿Borrar Plan?",
	"shavehud_preplanning_dialog_delete_desc": "Estás seguro que deseas borrar la planeación'$NAME'?",
	"shavehud_preplanning_msg_saved_success": "Planeación actual guardada correctamente.",
	"shavehud_preplanning_msg_saved_failed": "Ha ocurrido un error guardando la planeación.",
	"shavehud_preplanning_msg_no_save_slot": "Cantidad máxima de Planeaciones alcanzada.",
	"shavehud_preplanning_msg_no_current_plan": "No tienes nada planeado, que puede ser guardado.",
	"shavehud_preplanning_msg_loaded_success": "Planeación fue guardada correctamente.",
	"shavehud_preplanning_msg_loaded_failed": "Un error ha ocurrido al cargar la planeación.",
	"shavehud_preplanning_msg_loaded_partitially": "Planeación cargada parcialmente: $ERRORMSG",
	"shavehud_preplanning_msg_loaded_missing_skill": "Olvidaste una Habilidad",
	"shavehud_preplanning_msg_loaded_missing_favours": "No alcanzan tus favores",
	"shavehud_preplanning_msg_loaded_missing_money": "No alcanza tu dinero",
	"shavehud_preplanning_msg_reseted_success": "Reinicio de la planeación actual.",
	"shavehud_preplanning_msg_reseted_failed": "Un error ha ocurrido al reiniciar la planeación actual.",
	"shavehud_preplanning_msg_deleted_success": "Planeación eliminada correctamente.",
	"shavehud_preplanning_msg_deleted_failed": "Un error ha ocurrido al borrar la planeación guardada.",
	"shavehud_preplanning_msg_folder_creation_failed": "Error al crear la carpeta: $FOLDER \nAsegúrate de que el juego tiene permisos de creación o créala manualmente.",
	"shavehud_preplanning_msg_file_creation_failed": "Error al crear el archivo: $FILE \nAsegúrate de que el juego tiene permisos de creación o créalo manualmente.",
	"shavehud_inv_tab_rename_hint": "Doble click en la pestaña del inventario seleccionada para renombrarla.",
	"shavehud_loadout_hours_played": "$HOURS horas.",
    "shavehud_profile_switch_title": "Cambiar Perfiles",
    "shavehud_profile_switch_title_profiles": "Perfil:",
	"victory_most_damage": "Daño más Alto:",
	"victory_session_damage": "Daño Total:",
	"shavehud_advassault_phase_title": "Fase de Asalto: ",
	"shavehud_advassault_spawns_title": "Apariciones Restantes: ",
	"shavehud_advassault_time_title": "Tiempo Restante: ",
	"shavehud_advassault_phase_anticipation": "Anticipo",
	"shavehud_advassault_phase_build": "Inicio",
	"shavehud_advassault_phase_sustain": "Carga",
	"shavehud_advassault_phase_fade": "Fin",
	"shavehud_advassault_time_overdue": "Atraso",
	"shavehud_locked_assault": "Asalto Sin Fin!!!  Sal de una vez!!!",
	"shavehud_customhud_interaction_done": "HECHO",
	"shavehud_customhud_interaction_aborted": "ABORTADO",
	"shavehud_hudlist_device_timer": "Contador",
	"shavehud_hudlist_device_drill": "Taladro",
	"shavehud_hudlist_device_hack": "Hackeo",
	"shavehud_hudlist_device_saw": "Sierra",
	"shavehud_hudlist_device_security": "Hackeos",
	"shavehud_hudlist_device_security_bar": "Hackear $CURRENT/$TOTAL",
	"shavehud_hudlist_loot_armor": "Armadura",
	"shavehud_hudlist_loot_bomb": "Bomba",
	"shavehud_hudlist_loot_weapon": "Arma",
	"shavehud_hudlist_loot_diamond": "Diamante",
	"shavehud_hudlist_loot_evidence": "Evidencia",
	"shavehud_hudlist_loot_toast": "Tostada",
	"shavehud_hudlist_loot_crate": "Caja",
	"shavehud_hudlist_loot_toothbrush": "Cepillo",
	"shavehud_hudlist_loot_bag": "Bolsa",
	"shavehud_hudlist_loot_shoes": "Zapato",
	"shavehud_hudlist_loot_toy": "Juguete",
	"shavehud_hudlist_loot_vr": "Casco",
	"shavehud_hudlist_loot_egg": "Huevo",
	"shavehud_hudlist_loot_treasure": "Tesoro",
	"shavehud_hudlist_showcase": "Vitrina",
	"shavehud_hudlist_buff_basic": "Básico",
	"shavehud_hudlist_buff_aced": "As",
	"shavehud_hudlist_buff_boost": "Boost",
	"shavehud_hudlist_buff_revive": "Revivir",
	"shavehud_hudlist_buff_crew_inspire_debuff": "Revivir (AI)",
	"shavehud_hudlist_buff_dmg_inc": "+Dmg",
	"shavehud_hudlist_buff_dmg_dec": "-Dmg",
	"shavehud_hudlist_buff_mdmg_inc": "+M.Dmg",
	"shavehud_hudlist_buff_phealth_reg": "+HP",
	"shavehud_hudlist_buff_tot_dodge": "%Dodge",
	"shavehud_tabstats_total_damage": "Daño Total:",
	"shavehud_tabstats_tanks_killed": "Bulldozers Asesinados:",
	"shavehud_tabstats_cloakers_killed": "Cloakers Asesinados:",
	"shavehud_tabstats_shields_killed": "Escudos Asesinados:",
	"shavehud_tabstats_snipers_killed": "Snipers Asesinados:",
	"shavehud_tabstats_tasers_killed": "Tasers Asesinados:",
	"shavehud_tabstats_gensec_killed": "GENSEC Asesinados:",
	"shavehud_tabstats_medic_killed": "Medicos Asesinados:",
	"shavehud_tabstats_melee_kills": "Bajas Cuerpo a Cuerpo:",
	"shavehud_tabstats_explosion_kills": "Bajas Explosivas:",
	"shavehud_tabstats_nonspecial_kills": "Bajas no Especiales:",
	"shavehud_tabstats_total_kills": "Total Kills:",
	"shavehud_tabstats_total_revives": "Revividos Totales (P/AI):",
	"shavehud_tabstats_alltime_stat": "Todo el Tiempo:",
	"shavehud_enemy_civilian": "CIVIL",
	"shavehud_enemy_mariachi": "MARIACHI",
	"shavehud_enemy_gangster": "GANGSTER",
	"shavehud_enemy_biker": "MOTOCILISTA",
	"shavehud_enemy_bolivian_security_mex": "Guarda Coyopa",
	"shavehud_enemy_bolivian_security": "Seguridad de Sosa",
	"shavehud_enemy_bolivian_thug": "Gangster de Sosa",
	"shavehud_enemy_mobster": "GANGSTER RUSO",
	"shavehud_enemy_security": "GUARDIA",
	"shavehud_enemy_gensec": "SOLDADO GENSEC",
	"shavehud_enemy_cop": "OFICIAL",
	"shavehud_enemy_fbi": "SOLDADO FBI",
	"shavehud_enemy_swat": "SOLDADO SWAT",
	"shavehud_enemy_heavy_swat": "SOLDADO PESADO SWAT",
	"shavehud_enemy_heavy_swat_sniper": "SNIPER SWAT PESADO",
	"shavehud_enemy_city_swat": "SOLDADO ELITE",
	"shavehud_enemy_shield": "ESCUDO",
	"shavehud_enemy_spook": "CLOAKER",
	"shavehud_enemy_shadow_spook" :"Cloaker de Sombra",
	"shavehud_enemy_taser": "TASER",
	"shavehud_enemy_sniper": "SNIPER",
	"shavehud_enemy_medic": "MEDICO",
	"shavehud_enemy_tank": "BULLDOZER",
	"shavehud_enemy_tank_hw": "DOZER SIN CABEZA",
	"shavehud_enemy_tank_medic": "DOZER MEDICO",
	"shavehud_enemy_tank_mini": "DOZER CON MINIGUN",
	"shavehud_enemy_phalanx_minion": "ESCUDO WINTERS",
	"shavehud_enemy_phalanx_vip": "CAPITAN WINTERS",
	"shavehud_enemy_swat_van": "TORRETA SWAT",
	"shavehud_enemy_ceiling_turret": "TORRETA",
	"shavehud_enemy_aa_turret": "TORRETA ANTI AÉREA",
	"shavehud_enemy_crate_turret": "TORRETA",
	"shavehud_enemy_sentry_gun": "TORRETA ALIADA",
	"shavehud_enemy_mobster_boss": "EL COMISARIO",
	"shavehud_enemy_chavez_boss": "CHAVEZ",
	"shavehud_enemy_druglord_boss": "ERNESTO SOSA",
	"shavehud_enemy_druglord_boss_stealth": "ERNESTO SOSA",
	"shavehud_enemy_biker_boss": "JEFE MOTOCICLISTA",
	"shavehud_enemy_bank_manager": "GERENTE DE BANCO",
	"shavehud_enemy_dah_ralph": "Ralph Garnet",
	"shavehud_enemy_inside_man": "INTERNO",
	"shavehud_enemy_escort_undercover": "HOMBRE DE IMPUESTOS",
	"shavehud_enemy_escort_heatstreet": "MATT",
	"shavehud_enemy_escort_chinese_prisoner": "KAZO",
	"shavehud_enemy_escort_cfo": "Garnett CFO",
	"shavehud_enemy_escort_reservoirdogs": "Mr. Pink",
	"shavehud_enemy_escort_bain_locke": "Locke / Bain",
	"shavehud_enemy_drunk_pilot": "PILOTO BORRACHO",
	"shavehud_enemy_escort": "ESCOLTA",
	"shavehud_enemy_boris": "Boris",
	"shavehud_enemy_spa_vip": "Charon",
	"shavehud_enemy_spa_vip_hurt": "Charon (Herido)",
	"shavehud_enemy_old_hoxton_mission": "Hoxton",
	"shavehud_enemy_locke_mission": "Locke",
	"shavehud_enemy_hector_boss": "HECTOR BLINDADO",
	"shavehud_enemy_hector_boss_no_armor": "HECTOR",
	"shavehud_enemy_reservoirdogs": "Mr. Blonde",
	"shavehud_enemy_crew": "ALIADO",
	"shavehud_enemy_butler": "Aldstone",
	"shavehud_enemy_vlad": "Vlad",
	"shavehud_enemy_kento": "Kento",
	"shavehud_enemy_boom": "Granadero",
	"shavehud_enemy_omnia_lpf": "OMNIA L.P.F.",
	"shavehud_enemy_summers": "Capitán Summers",
	"shavehud_enemy_boom_summers": "Mayor Molly",
	"shavehud_enemy_taser_summers": "Ingeniero Electrika",
	"shavehud_enemy_medic_summers": "Sargento Doc",
	"shavehud_enemy_spring": "Capitán Spring",
	"shavehud_enemy_fbi_vet": "Oficial Veterano",
	"shavehud_enemy_deathvox_light": "ZEAL Unit",
	"shavehud_enemy_deathvox_heavy": "Heavy ZEAL",
	"shavehud_multiselect_all": "Todos",
	"shavehud_multiselect_none": "Ninguno",
	"shavehud_multiselect_disabled": "Desactivado",
	"shavehud_multiselect_random": "Random",
	"shavehud_multiselect_left": "Izquierda",
	"shavehud_multiselect_center": "Centro",
	"shavehud_multiselect_right": "Derecha",
	"shavehud_colors_white" : "Blanco",
	"shavehud_colors_light_yellow" : "Amarillo Claro",
	"shavehud_colors_light_orange" : "Naranjo Claro",
	"shavehud_colors_light_red" : "Rojo Claro",
	"shavehud_colors_light_purple" : "Morado Claro",
	"shavehud_colors_light_green" : "Verde Claro",
	"shavehud_colors_light_blue" : "Celeste",
	"shavehud_colors_light_gray": "Gris Claro",
	"shavehud_colors_yellow" : "Amarillo",
	"shavehud_colors_orange" : "Naranjo",
	"shavehud_colors_red": "Rojo",
	"shavehud_colors_purple": "Morado",
	"shavehud_colors_green": "Verde",
	"shavehud_colors_blue": "Azul",
	"shavehud_colors_gray": "Gris",
	"shavehud_colors_black": "Blanco",
	"shavehud_colors_rainbow": "Arcoíris",
	"shavehud_options_name": "Ajustes de ShaveHUD",
	"shavehud_options_help": "Personaliza ShaveHUD a tu estilo.",
	"shavehud_language_title": "Idioma",
	"shavehud_language_desc": "Elige un Idioma para ShaveHUD.\n(Un Cambio de Mapa es necesario...)",
	"shavehud_languages_english": "Inglés",
	"shavehud_languages_german": "Alemán",
	"shavehud_languages_dutch": "Holandés",
	"shavehud_languages_french": "Francés",
	"shavehud_languages_italian": "Italiano",
	"shavehud_languages_spanish": "Español",
	"shavehud_languages_portuguese": "Portugués",
	"shavehud_languages_russian": "Ruso",
	"shavehud_languages_chinese": "Chino",
	"shavehud_languages_korean": "Coreano",
	"shavehud_straight_to_main_menu_title": "Straight to Main Menu",
	"shavehud_straight_to_main_menu_desc": "Automatically skips intros and goes straight to the main menu.",
	"shavehud_skip_blackscreen_title": "Saltar Pantalla Negra",
	"shavehud_skip_blackscreen_desc": "Automáticamente saltar la pantalla negra al iniciar la misión.\n(Solo Host)",
	"shavehud_instant_restart_title": "Reinicio Instántaneo",
	"shavehud_instant_restart_desc": "Saltar automáticamente la cuenta regresiva de 5 segundos antes de reiniciar lobbies online.\n(Solo Host)",
	"shavehud_stat_screen_speedup_title": "Aumento de Velocidad en Estadísticas",
	"shavehud_stat_screen_speedup_desc": "Aumentar automáticamente la velocidad al contar la experiencia, sin tener que mantener presionado espacio.",
	"shavehud_stat_screen_delay_title": "Delay de la pantalla de Estadísticas",
	"shavehud_stat_screen_delay_desc": "Procede X segundos, despues de que tu experiencia sea contada.\n(Host) ",
	"shavehud_loot_screen_pick_card_title": "Automáticamente elegir una tarjeta",
	"shavehud_loot_screen_pick_card_desc": "Elige Automáticamente una tarjeta, cuando la pantalla de selección se muestra.",
	"shavehud_loot_screen_pick_specific_card_title": "Elige Automáticamente una Tarjeta",
	"shavehud_loot_screen_pick_specific_card_desc": "Elige que tarjeta seleccionar.",
	"shavehud_loot_screen_instant_cardflip_title": "Instant Cardflip",
	"shavehud_loot_screen_instant_cardflip_desc": "Instantly flip selected card.",
	"shavehud_loot_screen_delay_title": "Delay de la selección de tarjeta",
	"shavehud_loot_screen_delay_desc": "Procede X segundos después de que hayas la recibido tarjeta.\n(Host, 0 = desactivado)",
	"shavehud_replace_weapon_names_title": "Nombres reales de armas",
	"shavehud_replace_weapon_names_desc": "Reemplaza los nombres de la armas con sus contrapartes del Mundo Real.\n(Un cambio de mapa es requerido para aplicar...)",
	"shavehud_inventory_tab_names_title": "Usar nombres en pestañas del inventario",
	"shavehud_inventory_tab_names_desc": "Personaliza los nombres de las pestañas de tu inventario.\n(Cambia los nombres editando '/mods/saves/ShaveHUD_InventoryNames.txt')",
	"shavehud_inventory_names_title": "Mostrar nombre de objeto en inventario",
	"shavehud_inventory_names_desc": "Muestra los nombres de tus armas, armadura, desplegables, etc. dentro de su espacio en el inventario.",
	"shavehud_skill_names_title": "Mostrar nombre de las habilidades",
	"shavehud_skill_names_desc": "Mostrar siempre el nombre de las habilidades en la vista del árbol de habilidades.",
	"shavehud_show_contractor_job_heat_title":"Show Contractor Heat",
	"shavehud_show_contractor_job_heat_desc":"Shows job heat in the contract broker list.",
	"shavehud_show_mini_icons_title": "Siempre mostrar Mini-Iconos",
	"shavehud_show_mini_icons_desc": "Siempre mostrar los iconos de las modificaciones de todas las armas, no solo la seleccionada.",
	"shavehud_no_slowmotion_title": "Sin Slow Motion",
	"shavehud_no_slowmotion_desc": "Desactiva el Slow Motion al colocarse la máscara o ser derribado.",
	"shavehud_reset_options_title": "Reiniciar Ajustes",
	"shavehud_reset_options_desc": "Reinicia todos los Ajustes a su valor por defecto.",
	"shavehud_reset_options_confirm": "¿Deseas reiniciar todos los Ajustes a su valor por defecto?",
	"shavehud_panels_options_name": "Opciones generales de la HUD",
	"shavehud_panels_options_help": "Opciones para todos los paneles generales de la HUD, como CustomHUD, Suspicion, Indicadores de Daño, DrivingHUD y mucho más.",
	"shavehud_use_customhud_title": "Usar CustomHUD",
	"shavehud_use_customhud_desc": "Reemplaza la HUD por defecto con la avanzada CustomHUD, creada por Se7en.\n(Un cambio de mapa es requerido para aplicar...)",
	"shavehud_adv_assault_title": "Banner de Asalto Avanzado",
	"shavehud_adv_assault_desc": "Muestra la fase de asalto, tiempo y apariciones restantes durante el asalto.\n(Solo Host)",
	"shavehud_assault_position_title": "Posición del banner",
	"shavehud_assault_position_desc": "En la pantalla del banner de Asalto.",
	"shavehud_pacified_civs_title": "Mostrar Civiles Calmados",
	"shavehud_pacified_civs_desc": "Cambia el marcador de los civiles no atados, mientras que esten calmados.",
	"shavehud_use_realammo_title": "Usar munición real",
	"shavehud_use_realammo_desc": "Muestra la munición restante, sin contar las balas dentro de tu cargador actual.",
	"shavehud_auto_discard_parachute_title": "Auto Discard Parachute",
	"shavehud_auto_discard_parachute_desc": "Automatically discard parachute after landing.",	
	"shavehud_enable_burstmode_title": "Activar el modo Ráfaga",
	"shavehud_enable_burstmode_desc": "Activa el modo Ráfaga para tus armas.",
	"shavehud_playerpanel_options_name": "Panel del Jugador",
	"shavehud_playerpanel_options_help": "Ajustes para tu propio panel en la HUD.",
	"shavehud_teampanels_options_name": "Panel de Compañeros",
	"shavehud_teampanels_options_help": "Ajustes para los paneles de tus compañeros en la HUD.",
	"shavehud_panels_position_title": "Posición",
	"shavehud_panels_position_desc": "Posición Horizontal en el panel de la HUD",
	"shavehud_panels_scale_title": "Escala",
	"shavehud_panels_scale_desc": "Factor de escalado del panel de la HUD.",
	"shavehud_panels_oppacity_title": "Opacidad",
	"shavehud_panels_oppacity_desc": "Selecciona la opacidad del panel de la HUD.",
	"shavehud_panels_show_name_title": "Mostrar Nombre",
	"shavehud_panels_show_name_desc": "Muestra el nombre de los jugadores.",
	"shavehud_panels_show_rank_title": "Mostrar Rango",
	"shavehud_panels_rank_name_desc": "Muestra el rango de los jugadores.",
	"shavehud_panels_truncate_tags_title": "Pestañas en Itálica",
	"shavehud_panels_truncate_tags_desc": "Intentar mostrar los tags en Itálica de los nombres de jugadores.",
	"shavehud_panels_show_char_title": "Mostrar Personaje",
	"shavehud_panels_show_char_desc": "Mostrar el personaje elegido por el jugador.",
	"shavehud_panels_show_ping_title": "Mostrar Ping",
	"shavehud_panels_show_ping_desc": "Mostrar el Ping de los jugadores hacia ti (recomendado).",
	"shavehud_panels_show_status_title": "Mostrar Estado",
	"shavehud_panels_show_status_desc": "Muestra el estado actual del icono del jugador (salud, armadura, etc.)",
	"shavehud_panels_condition_icon_color_title": "Color de condición",
	"shavehud_panels_condition_icon_color_desc": "Muestra el color de el icono de la condición (derribado, en custodia, swan song, etc.)",
	"shavehud_panels_show_equip_title": "Mostrar equipamiento",
	"shavehud_panels_show_equip_desc": "Muestra el equipamiento de los jugadores.",
	"shavehud_panels_show_special_equip_title": "Mostrar equipamiento especial",
	"shavehud_panels_show_special_equip_desc": "Mostrar el equipamiento especial tomado por los jugadores.",
	"shavehud_panels_special_equip_rows_title": "Mostrar casillas de equipamiento adicional",
	"shavehud_panels_special_equip_rows_desc": "Cantidad de items de equipamiento especial que pueden ser colocados en una columna.",
	"shavehud_panels_show_callsign_title": "Mostrar la señal de llamada",
	"shavehud_panels_show_callsign_desc": "Mostrar la señal de llamada de un jugador.",
	"shavehud_panels_show_stamina_title": "Mostrar resistencia",
	"shavehud_panels_show_stamina_desc": "Muestra un circulo con tu resistencia dentro de tu barra de salud.",
	"shavehud_panels_show_downcounter_title": "Mostrar contador de bajas",
	"shavehud_panels_show_downcounter_desc": "Muestra un contador de incapacitaciones para cada jugador no IA. \nEl contador muestra tus incapacitaciones restantes y las de tus compañeros.",
	"shavehud_panels_show_carry_title": "Muestra lo que llevas durante la partida",
	"shavehud_panels_show_carry_desc": "Muestra info acerca de lo que llevas en la partida.",
	"shavehud_panels_build_show_title": "Mostrar Build",
	"shavehud_panels_build_show_desc": "Mostrar la build de otros jugadores.",
	"shavehud_panels_build_time_title": "Mostrar el tiempo de Build",
	"shavehud_panels_build_time_desc": "Mostrar la build de otro jugador por X segundos.\n(0 = Always)",
	"shavehud_panels_weapon_icon_title": "Iconos de Armas",
	"shavehud_panels_weapon_icon_desc": "Cuáles armas quieres ver?",
	"shavehud_panels_weapon_name_title": "Nombres de Armas",
	"shavehud_panels_weapon_name_desc": "Mostrar nombres verdaderos de Armas?",
	"shavehud_panels_weapon_ammo_title": "Munición",
	"shavehud_panels_weapon_ammo_desc": "Mostrar munición.",
	"shavehud_panels_weapon_firemode_title": "Modo de disparo",
	"shavehud_panels_weapon_firemode_desc": "Mostrar o esconder el modo de disparo del arma",
	"shavehud_panels_hide": "Esconder",
	"shavehud_panels_selected": "Solo Seleccionados",
	"shavehud_panels_unselected": "Solo Deseleccionados",
	"shavehud_panels_both": "Ambos",
	"shavehud_panels_ammo_total": "Solo munición total",
	"shavehud_panels_show_interaction_title": "Mostrar Interacción",
	"shavehud_panels_show_interaction_desc": "Mostrar la Interacción de tus compañeros.",
	"shavehud_panels_show_interaction_number_title": "Contador de Interacción",
	"shavehud_panels_show_interaction_number_desc": "Muestra un indicador numérico",
	"shavehud_panels_show_interaction_text_title": "Texto de interacción",
	"shavehud_panels_show_interaction_text_desc": "Mostrar texto de interacción",
	"shavehud_panels_interaction_time_title": "Duración mínima de la interacción",
	"shavehud_panels_interaction_time_desc": "Mostrar sólo la interacción de tus compañeros, sólo si es de más de X segundos.",
	"shavehud_panels_use_ai_color_title": "Usar color personalizado para los bots",
	"shavehud_panels_use_ai_color_desc": "Usar color personalizado para nombres de los bots. (También afecta los popups de daño)",
	"shavehud_panels_ai_color_title": "Color para los bots",
	"shavehud_panels_ai_color_desc": "Elije el color personalizado para nombres de los bots. (También afecta los popups de daño)",
	"shavehud_chat_options_name": "Opciones del Chat",
	"shavehud_chat_options_help": "Opciones para personalizar el comportamiento del Chat.",
	"shavehud_chat_waittime_title": "Tiempo de desaparición del Chat",
	"shavehud_chat_waittime_desc": "Es el tiempo en que el chat desaparece de la pantalla\n(0 = Nunca)",
	"shavehud_chat_fontsize_title": "Tamaño de la letra del Chat",
	"shavehud_chat_fontsize_desc": "Tamaño de la letra del Chat durante el juego.",
	"shavehud_chat_outputlines_title": "Número máximo de mensajes de Chat",
	"shavehud_chat_outputlines_desc": "Número máximo de mensajes de Chat antes de que se habilite el poder desplazarse por los mensajes.",
	"shavehud_spam_filter_title": "Filtro de Spam para el Chat",
	"shavehud_spam_filter_desc": "Quita los mensajes de Spam de PocoHUD y [NGBTO] del chat.",
	"shavehud_chat_width_title": "Grosor del Chat",
	"shavehud_chat_width_desc": "Grosor de la ventana del Chat",
	"shavehud_chat_inputlines_title": "Número máximo de mensajes de Chat",
	"shavehud_chat_inputlines_desc": "Número máximo de mensajes de Chat que puedes escribir",
	"shavehud_chat_colored_bg_title": "Fondo Colorido",
	"shavehud_chat_colored_bg_desc": "Usa el color del jugador que mandó el mensaje para el fondo de su mensaje",
	"shavehud_chat_scrollbar_align_title": "Alinear desplazamiento",
	"shavehud_chat_scrollbar_align_desc": "Alineación de la barra de desplazamiento",
	"shavehud_suspicion_options_name": "Opciones del Suspicion",
	"shavehud_suspicion_options_help": "Opciones para el tamaño del panel del suspicion y sus elementos visibles.",
	"shavehud_suspicion_scale_title": " Escala del Suspicion",
	"shavehud_suspicion_scale_desc": "Factor de escala para los elementos del Suspicion.",
	"shavehud_susp_eye_title": "Mostrar Ojo del Suspicion",
	"shavehud_susp_eye_desc": "Mostrar los elementos por default del suspicion.",
	"shavehud_susp_numeric_title": "Mostrar Suspicion Numérico",
	"shavehud_susp_numeric_desc": "Mostrar el valor numérico del suspicion.",
	"shavehud_susp_numeric_outline_title": "Borde Negro",
	"shavehud_susp_numeric_outline_desc": "Muestra un borde negro alrededor del texto del Suspicion.",
	"shavehud_killcounter_options_name": "Opciones para el Killcounter",
	"shavehud_killcounter_options_help": "Opciones de apariencia del Killcounter",
	"shavehud_killcounter_player_show_killcount_title": "Mostrar Killcounter del jugador",
	"shavehud_killcounter_player_show_killcount_desc": "Mostrar un killcounter en tu HUD.",
	"shavehud_killcounter_player_color_title": "Color de tu Killcounter",
	"shavehud_killcounter_player_color_desc": "Elige el color para tu killcounter.",
	"shavehud_killcounter_player_show_special_title": "Contar las bajas especiales del jugador",
	"shavehud_killcounter_player_show_special_desc": "Mostrar las bajas especiales del jugador por separado.",
	"shavehud_killcounter_player_show_head_title": "Contar los disparos a la cabeza del jugador",
	"shavehud_killcounter_player_show_head_desc": "Mostrar los disparos a la cabeza del gugador por separado.",
	"shavehud_killcounter_player_show_accuracy_title": "Mostrar la puntería del jugador",
	"shavehud_killcounter_player_show_accuracy_desc": "Mostrar tu puntería en el HUD",
	"shavehud_killcounter_team_show_killcount_title": "Mostrar la puntería de un compañero",
	"shavehud_killcounter_team_show_killcount_desc": "Mostrar un killcounter en el HUD de tus compañeros.",
	"shavehud_killcounter_team_color_title": "Color Killcounter (equipo)",
	"shavehud_killcounter_team_color_desc": "Elige el color de los killcounters para tus compañeros.",
	"shavehud_killcounter_team_show_special_title": "Contar los especiales de tus compañeros",
	"shavehud_killcounter_team_show_special_desc": "Muestra las bajas especiales de tus compañeros por separado.",
	"shavehud_killcounter_team_show_head_title": "Contar disparos a la cabeza (compañeros)",
	"shavehud_killcounter_team_show_head_desc": "Mostrar los disparos a la cabeza de tus compañeros por separado.",
	"shavehud_killcounter_team_show_ai_title": "Killcounter para la AI",
	"shavehud_killcounter_team_show_ai_desc": "Tienen los bots un Killcounter también?",
	"shavehud_corpse_limit_title": "Límite de Cuerpos",
	"shavehud_corpse_limit_desc": "´Cuantos cuerpos se deberían permitir en el mapa al mismo tiempo?\n(Cambio de mapa necesario para aplicar...)",
	"shavehud_drivinghud_options_name": "Opciones del DrivingHUD",
	"shavehud_drivinghud_options_help": "Algunas opciones para el DrivingHUD.",
	"shavehud_show_drivinghud_title": "Mostrar Driving HUD",
	"shavehud_show_drivinghud_desc": "Muestra un HUD pequeño en la esquina inferior derecha al manejar.\n(Cambio de mapa necesario para aplicar...)",
	"shavehud_drivinghud_scale_title": "Escala",
	"shavehud_drivinghud_scale_desc": "Factor de escala para el DrivingHUD.",
	"shavehud_drivinghud_show_vehicle_title": "Mostrar imagen del Vehículo",
	"shavehud_drivinghud_show_vehicle_desc": "Muestra una pequeña imagen del vehículo y de las máscaras de los compañeros que te acompañan.",
	"shavehud_drivinghud_show_health_title": "Mostrar HP",
	"shavehud_drivinghud_show_health_desc": "Muestra la barra de vida del vehículo.",
	"shavehud_drivinghud_show_loot_title": "Mostrar Loot",
	"shavehud_drivinghud_show_loot_desc": "Muestra la cantidad de Loot máxima y la actual que tienes en el vehículo.",
	"shavehud_drivinghud_show_passengers_title": "Mostrar pasajeros",
	"shavehud_drivinghud_show_passengers_desc": "Muestra la cantidad máxima de pasajeros y las sillas disponibles.",
	"shavehud_drivinghud_show_gear_title": "Mostrar equipamiento",
	"shavehud_drivinghud_show_gear_desc": "Mostrar el equipamiento en el que estás manejando.",
	"shavehud_drivinghud_show_speed_title": "Mostrar Velocidad",
	"shavehud_drivinghud_show_speed_desc": "Mostrar la velocidad del vehículo.",
	"shavehud_drivinghud_speed_in_mph_title": "Velocidad en mph",
	"shavehud_drivinghud_speed_in_mph_desc": "Muestra la velocidad en mph.\n(Si se deselecciona se muestran km/h.)",
	"shavehud_drivinghud_show_rpm_title": "Mostrar las Revoluciones Por Minuto",
	"shavehud_drivinghud_show_rpm_desc": "Muestra las revoluciones por minuto del vehículo.",
	"shavehud_infopanels_options_name": "Opciones del info HUD",
	"shavehud_infopanels_options_help": "Opciones para las cajas de información del HUD.",
	"shavehud_use_hudlist_title": "Usar HUDList",
	"shavehud_use_hudlist_desc": "HUDList puede mostrar aspectos útiles en el juego, incl. Temporizador de taladros, enemigos o un contador de Loot, Assets en un mapa, etc. (Cambio de mapa necesario para aplicar...)",
	"shavehud_hudlist_scale_right_title": "Escala de la lista en la derecha",
	"shavehud_hudlist_scale_right_desc": "Factor de escala de la lista en la derecha.",
	"shavehud_hudlist_scale_left_title": "Escala de la lista en la izquierda",
	"shavehud_hudlist_scale_left_desc": "Factor de escala de la lista en la izquierda.",
	"shavehud_hudlist_scale_buff_title": "Escala de la lista de los Buffs",
	"shavehud_hudlist_scale_buff_desc": "Factor de escala de la lista de los Buffs.",
	"shavehud_hudlist_box_color_title": "Color de la fuente",
	"shavehud_hudlist_box_color_desc": "Color de la fuente de las cajas izquierda y derecha.\n(Cambio de mapa necesario para aplicar...)",
	"shavehud_hudlist_box_bg_color_title": "Color del fondo de la caja",
	"shavehud_hudlist_box_bg_color_desc": "Color de fondo para las cajas izquierda y derecha.\n(Cambio de mapa necesario para aplicar...)",
	"shavehud_hudlist_civcolor_title": "Color de los Civiles",
	"shavehud_hudlist_civcolor_desc": "Color para los civiles y rehenes en el EnemyCounter (contador de enemigos).",
	"shavehud_hudlist_thugcolor_title": "Color de los matones",
	"shavehud_hudlist_thugcolor_desc": "Color para los gangsters y matones en el EnemyCounter (contador de enemigos).",
	"shavehud_hudlist_copcolor_title": "Color de los enemigos",
	"shavehud_hudlist_copcolor_desc": "Color para los pilicías, SWATs y SWATs pesados en el EnemyCounter (contador de enemigos).",
	"shavehud_hudlist_specialcolor_title": "Color de los especiales",
	"shavehud_hudlist_specialcolor_desc": "Color para los enemigos especiales y torretas en el EnemyCounter (contador de enemigos).",
	"shavehud_hudlist_progress_alpha_left_title": "Progreso Alfa Izquierdo",
	"shavehud_hudlist_progress_alpha_left_desc": "Valor Alfa para las barras de progreso en la lista izquierda.",
	"shavehud_hudlist_progress_alpha_right_title": "Progreso Alfa Derecho",
	"shavehud_hudlist_progress_alpha_right_desc": "Valor Alfa para las barras de progreso en la lista derecha.",
	"shavehud_hudlist_progress_alpha_buff_title": "Progreso Alfa de los Buffs",
	"shavehud_hudlist_progress_alpha_buff_desc": "Valor Alfa para las barras de progreso en la lista de Buffs.",
	"shavehud_hudlist_timers_in_seconds_title": "Timers in seconds",
	"shavehud_hudlist_timers_in_seconds_desc": "Always display timers in seconds.",
	"shavehud_infopanels_left_options_name": "Opciones de la lista izquierda",
	"shavehud_infopanels_left_options_help": "Opciones para la lista izquierda de ítems.",
	"shavehud_hudlist_show_timers_title": "Mostrar Contadores",
	"shavehud_hudlist_show_timers_desc": "Mostrar Contadores de Taladros, Hackeos, etc.",
	"shavehud_hudlist_show_equipment_desc": "Determina si se muestra el equipamiento en el lado derecho de tu pantalla.",
	"shavehud_hudlist_show_ammo_bags_title": "Mostrar Bolsas de munición",
	"shavehud_hudlist_show_doc_bags_title": "Mostrar Bolsas Médicas",
	"shavehud_hudlist_show_first_aid_kits_title": "Mostrar Botuqines",
	"shavehud_hudlist_show_body_bags_title": "Mostrar Bolsas de Cadáveres",
	"shavehud_hudlist_show_grenade_crates_title": "Mostrar Granadas",
	"shavehud_hudlist_sentries_title": "Mostrar Torretas (aliadas)",
	"shavehud_hudlist_sentries_desc": "Mostrar munición y vida de las torretas (aliadas).",
	"shavehud_hudlist_hide_empty_sentries_title": "Ocultar Torretas (aliadas) vacías ",
	"shavehud_hudlist_hide_empty_sentries_desc": "Ocultar Cajas de las Torretas (aliadas) vacías.",
	"shavehud_hudlist_show_ecms_title": "Mostrar ECMs",
	"shavehud_hudlist_show_ecms_desc": "Mostrar contador de ECM's ",
	"shavehud_hudlist_show_ecm_retrigger_title": "Mostrar reactivación de los ECM",
	"shavehud_hudlist_show_ecm_retrigger_desc": "Muestra cuando un ECM puede reactivarse.",
	"shavehud_hudlist_show_minions_title": "Mostrar Enemigos Convertidos",
	"shavehud_hudlist_show_minions_desc": "Mostrar la vida de los Enemigos Convertidos.",
	"shavehud_hudlist_show_own_minions_only_title": "Sólo Enemigos Convertidos por el jugador",
	"shavehud_hudlist_show_own_minions_only_desc": "Muestra Sólo Enemigos Convertidos por el jugador.",
	"shavehud_hudlist_show_pagers_title": "Mostrar Intercomunicadores",
	"shavehud_hudlist_show_pagers_desc": "Muestra un contador con el tiempo restante antes de que se active la alarma.",
	"shavehud_hudlist_show_tape_loop_title": "Mostrar Loop de las Cámaras",
	"shavehud_hudlist_show_tape_loop_desc": "Mostrar el contador del Loop de las Cámaras.",
	"shavehud_hudlist_remove_answered_pagers_title": "Remover Contorno del Intercomunicador",
	"shavehud_hudlist_remove_answered_pagers_desc": "Remueve el Contorno del Intercomunicador si ya se está respondiendo.",
	"shavehud_infopanels_right_options_name": "Opciones de la lista de la derecha",
	"shavehud_infopanels_right_options_help": "Opciones de la lista de la derecha.",
	"shavehud_hudlist_show_enemies_title": "Mostrar Enemigos",
	"shavehud_hudlist_show_enemies_desc": "Muestra la cantidad de enemigos en el mapa.",
	"shavehud_hudlist_aggregate_enemies_title": "Juntar Enemigos",
	"shavehud_hudlist_aggregate_enemies_desc": "Juntar los enemigos en una sola caja del HUD.",
	"shavehud_hudlist_show_turrets_title": "Mostrar Torretas",
	"shavehud_hudlist_show_turrets_desc": "Muestra la cantidad de Torretas (enemigas) en el mapa.",
	"shavehud_hudlist_show_civilians_title": "Mostrar Civiles",
	"shavehud_hudlist_show_civilians_desc": "Muestra la cantidad de civiles",
	"shavehud_hudlist_show_hostages_title": "Mostrar Rehenes",
	"shavehud_hudlist_show_hostages_desc": "Muestra la cantidad de rehenes que tienes.",
	"shavehud_hudlist_aggregate_hostages_title": "Juntar Rehenes",
	"shavehud_hudlist_aggregate_hostages_desc": "Juntar todos los tipos de rehenes en una sola caja.",
	"shavehud_hudlist_show_minion_count_title": "Mostrar enemigos dominados",
	"shavehud_hudlist_show_minion_count_desc": "Muestra la cantidad de enemigos dominados.",
	"shavehud_hudlist_show_pager_count_title": "Mostrar cantidad de Intercomunicadores",
	"shavehud_hudlist_show_pager_count_desc": "Muestra la cantidad de Intercomunicadores activados durante Sigilo.",
	"shavehud_hudlist_show_cam_count_title": "Mostrar cámaras",
	"shavehud_hudlist_show_cam_count_desc": "Muestra la cantidad de cámaras activas durante Sigilo.",
	"shavehud_hudlist_show_bodybags_count_title": "Mostrar Bolsas de Cadáveres",
	"shavehud_hudlist_show_bodybags_count_desc": "Muestra la cantidad de bolsas de cadáveres en tu inventario durante sigilo.",
	"shavehud_hudlist_show_corpse_count_title": "Mostrar Cadáveres",
	"shavehud_hudlist_show_corpse_count_desc": "Muestra la cantidad de Cadáveres y cuerpos embolsados en Sigilo.",
	"shavehud_hudlist_show_loot_title": "Mostrar Loot",
	"shavehud_hudlist_show_loot_desc": "Muestra la cantidad de Loot disponible en el mapa.",
	"shavehud_hudlist_aggregate_loot_title": "Juntar Loot",
	"shavehud_hudlist_aggregate_loot_desc": "Junta todos los tipos de Loot en una sola caja.",
	"shavehud_hudlist_separate_bagged_loot_title": "Separar Loot embolsado",
	"shavehud_hudlist_separate_bagged_loot_desc": "Separa el Loot embolsado y por embolsar.",
	"shavehud_hudlist_show_potential_loot_title": "Mostrar Loot Potencial",
	"shavehud_hudlist_show_potential_loot_desc": "Muestra la cantidad de Cajas y vitrinas. \n(Las cajas y vitrinas pueden estar vacías..)",
	"shavehud_hudlist_show_special_pickups_title": "Mostrar equipamiento obtenible",
	"shavehud_hudlist_show_special_pickups_desc": "Muestra la cantidad de químicos, tarjetas de acceso, etc en el mapa.",
	"shavehud_hudlist_show_mission_pickups_title": "Mostrar objetos de misión",
	"shavehud_hudlist_show_mission_pickups_desc": "Muestra la cantidad de químicos, tarjetas de acceso, tablas y otros objetos útiles para la misión.",
	"shavehud_hudlist_show_collectables_pickups_title": "Mostrar Coleccionables",
	"shavehud_hudlist_show_collectables_pickups_desc": "Muestra la cantidad de paquetes de Gage, llaves, trofeos, etc en el mapa.",
	"shavehud_hudlist_show_valuables_pickups_title": "Mostrar la cantidad de items de valor",
	"shavehud_hudlist_show_valuables_pickups_desc": "Muestra la cantidad de items de valor en el mapa, como fajos de billetes o piezas de joyería.",
	"shavehud_infopanels_buff_options_name": "Opciones de la lista de los buffs",
	"shavehud_infopanels_buff_options_help": "Opciones para la lista de los buffs.",
	"shavehud_infopanels_buff_mastermind_options_name": "Habilidades de Mente Maestra",
	"shavehud_infopanels_buff_mastermind_options_help": "Habilita o deshabilita indicadores visuales de las habilidades de Mente Maestra en el HUD.",
	"shavehud_infopanels_buff_enforcer_options_name": "Habilidades de Matón",
	"shavehud_infopanels_buff_enforcer_options_help": "Habilita o deshabilita indicadores visuales de las habilidades de Matón en el HUD.",
	"shavehud_infopanels_buff_technician_options_name": "Habilidades de Técnico",
	"shavehud_infopanels_buff_technician_options_help": "Habilita o deshabilita indicadores visuales de las habilidades de técnico en el HUD.",
	"shavehud_infopanels_buff_ghost_options_name": "Habilidades de Fantasma",
	"shavehud_infopanels_buff_ghost_options_help": "Habilita o deshabilita indicadores visuales de las habilidades de fantasma en el HUD.",
	"shavehud_infopanels_buff_fugitive_options_name": "Habilidades de Fugitivo",
	"shavehud_infopanels_buff_fugitive_options_help": "Habilita o deshabilita indicadores visuales de las habilidades de Fugitivo en el HUD.",
	"shavehud_infopanels_buff_perkdecks_options_name": "Talentos",
	"shavehud_infopanels_buff_perkdecks_options_help": "Habilita o deshabilita indicadores visuales de los Talentos.",
	"shavehud_infopanels_buff_gageboosts_options_name": "Potenciadores de Gage",
	"shavehud_infopanels_buff_gageboosts_options_help": "Habilita o deshabilita indicadores visuales para los potenciadores de Gage.",
	"shavehud_infopanels_buff_henchmen_options_name": "Habilidades de la IA",
	"shavehud_infopanels_buff_henchmen_options_help": "Habilita o deshabilita indicadores visuales para las habilidades de la IA.",
	"shavehud_hudlist_show_buffs_title": "Mostrar Buffs",
	"shavehud_hudlist_show_buffs_desc": "Muestra los buffs activos en el centro inferior de tu pantalla.",
	"shavehud_hudlist_damage_increase_compbuff_title": "Aumento de daño",
	"shavehud_hudlist_damage_increase_compbuff_desc": "Muestra el aumento de daño causado por habilidades.",
	"shavehud_hudlist_damage_reduction_compbuff_title": "Reducción de daño",
	"shavehud_hudlist_damage_reduction_compbuff_desc": "Muestra la reducción de daño causada por habilidades.",
	"shavehud_hudlist_melee_damage_increase_compbuff_title": "Aumento de daño CaC",
	"shavehud_hudlist_melee_damage_increase_compbuff_desc": "Muestra el aumento de daño cuerpo a cuerpo causado por habilidades.",
	"shavehud_hudlist_passive_health_regen_compbuff_title": "Regeneración Pasiva de Salud",
	"shavehud_hudlist_passive_health_regen_compbuff_desc": "Muestra los efectos de regeneración pasiva de salud causada por habilidades.",
	"shavehud_hudlist_total_dodge_chance_compbuff_title": "Oportunidad total de evasión",
	"shavehud_hudlist_total_dodge_chance_compbuff_desc": "Muestra la Posibilidad de evasión causada por habilidades.",
	"shavehud_hudlist_aggressive_reload_aced_buff_title": "Recarga Agresiva",
	"shavehud_hudlist_aggressive_reload_aced_buff_desc": "",
	"shavehud_hudlist_ammo_efficiency_buff_title": "Eficiencia de munición",
	"shavehud_hudlist_ammo_efficiency_buff_desc": "",
	"shavehud_hudlist_armor_break_invulnerable_buff_title": "Blitzkrieg Bop (Anarquista)",
	"shavehud_hudlist_armor_break_invulnerable_buff_desc": "",
	"shavehud_hudlist_berserker_buff_title": "Furia Berserker",
	"shavehud_hudlist_berserker_buff_desc": "Berserker.",
	"shavehud_hudlist_biker_buff_title": "Disminución de Regeneración (Motociclista)",
	"shavehud_hudlist_biker_buff_desc": "",
	"shavehud_hudlist_bloodthirst_basic_buff_title": "Sed de Sangre (Básico)",
	"shavehud_hudlist_bloodthirst_basic_buff_desc": "Sed de Sangre.",
	"shavehud_hudlist_bloodthirst_aced_buff_title": "Sed de Sangre (As)",
	"shavehud_hudlist_bloodthirst_aced_buff_desc": "",
	"shavehud_hudlist_bullet_storm_buff_title": "Lluvia de Balas",
	"shavehud_hudlist_bullet_storm_buff_desc": "",
	"shavehud_hudlist_close_contact_buff_title": "CqC(Espía)",
	"shavehud_hudlist_close_contact_buff_desc": "Talento de Espía.",
	"shavehud_hudlist_combat_medic_buff_title": "Médico Combatiente (Activo)",
	"shavehud_hudlist_combat_medic_buff_desc": "Médico Combatiente.",
	"shavehud_hudlist_combat_medic_passive_buff_title": "Médico Combatiente (Passivo)",
	"shavehud_hudlist_combat_medic_passive_buff_desc": "Médico Combatiente.",
	"shavehud_hudlist_desperado_buff_title": "Desperado",
	"shavehud_hudlist_desperado_buff_desc": "",
	"shavehud_hudlist_die_hard_buff_title": "Intransigente",
	"shavehud_hudlist_die_hard_buff_desc": "Intransigente.",
	"shavehud_hudlist_dire_need_buff_title": "Desesperación",
	"shavehud_hudlist_dire_need_buff_desc": "",
	"shavehud_hudlist_frenzy_buff_title": "Frenesí",
	"shavehud_hudlist_frenzy_buff_desc": "Frenesí.",
	"shavehud_hudlist_grinder_buff_title": "Regen vida (Grinder)",
	"shavehud_hudlist_grinder_buff_desc": "",
	"shavehud_hudlist_chico_injector_buff_title": "Duración de la adrenalina (Kingpin)",
	"shavehud_hudlist_chico_injector_buff_desc": "",
	"shavehud_hudlist_damage_control_debuff_title": "Duración de la petaca (Stoic)",
	"shavehud_hudlist_damage_control_debuff_desc": "",
	"shavehud_hudlist_delayed_damage_buff_title": "Daño demorado (Stoic)",
	"shavehud_hudlist_delayed_damage_buff_desc": "",
	"shavehud_hudlist_hostage_situation_buff_title": "Situación con rehenes (jefe de equipo)",
	"shavehud_hudlist_hostage_situation_buff_desc": "Talento de Jefe de equipo.",
	"shavehud_hudlist_hostage_taker_buff_title": "Secuestrador",
	"shavehud_hudlist_hostage_taker_buff_desc": "",
	"shavehud_hudlist_inspire_buff_title": "Inspiración (Boost)",
	"shavehud_hudlist_inspire_buff_desc": "",
	"shavehud_hudlist_lock_n_load_buff_title": "Listo para la acción",
	"shavehud_hudlist_lock_n_load_buff_desc": "",
	"shavehud_hudlist_melee_stack_damage_buff_title": "Aumento de CaC (Espía)",
	"shavehud_hudlist_melee_stack_damage_buff_desc": "Talento del Espía.",
	"shavehud_hudlist_maniac_buff_title": "Reducción de Daño (Maníaco)",
	"shavehud_hudlist_maniac_buff_desc": "",
	"shavehud_hudlist_muscle_regen_buff_title": "Regen Vida (Gorila)",
	"shavehud_hudlist_muscle_regen_buff_desc": "",
	"shavehud_hudlist_messiah_buff_title": "Mesías",
	"shavehud_hudlist_messiah_buff_desc": "",
	"shavehud_hudlist_overdog_buff_title": "Mal Ganador (Espía)",
	"shavehud_hudlist_overdog_buff_desc": "",
	"shavehud_hudlist_overkill_buff_title": "Overkill",
	"shavehud_hudlist_overkill_buff_desc": "Overkill.",
	"shavehud_hudlist_painkiller_buff_title": "Analgésicos",
	"shavehud_hudlist_painkiller_buff_desc": "Analgésicos.",
	"shavehud_hudlist_partner_in_crime_buff_title": "Cómplices",
	"shavehud_hudlist_partner_in_crime_buff_desc": "Cómplices.",
	"shavehud_hudlist_running_from_death_buff_title": "Evitando la Muerte",
	"shavehud_hudlist_running_from_death_buff_desc": "",
	"shavehud_hudlist_pocket_ecm_jammer_buff_title": "Duración del ECM de bolsillo (Hacker)",
	"shavehud_hudlist_pocket_ecm_jammer_buff_desc": "",
	"shavehud_hudlist_pocket_ecm_kill_dodge_buff_title": "Evasión del ECM de bolsillo (Hacker)",
	"shavehud_hudlist_pocket_ecm_kill_dodge_buff_desc": "Mejoras mixtas (Hacker).",
	"shavehud_hudlist_quick_fix_buff_title": "Urgencia Médica",
	"shavehud_hudlist_quick_fix_buff_desc": "Urgencia Médica.",
	"shavehud_hudlist_second_wind_buff_title": "Segundas Oportunidades",
	"shavehud_hudlist_second_wind_buff_desc": "",
	"shavehud_hudlist_sixth_sense_buff_title": "Sexto Sentido",
	"shavehud_hudlist_sixth_sense_buff_desc": "",
	"shavehud_hudlist_sicario_dodge_buff_title": "Evasión Adicional (Sicario)",
	"shavehud_hudlist_sicario_dodge_buff_desc": "",
	"shavehud_hudlist_smoke_screen_buff_title": "Bomba de Humo (Sicario)",
	"shavehud_hudlist_smoke_screen_buff_desc": "",
	"shavehud_hudlist_tag_team_buff_title": "Dispensador de Humo (Pareja)",
	"shavehud_hudlist_tag_team_buff_desc": "",
	"shavehud_hudlist_swan_song_buff_title": "Canto del Cisne",
	"shavehud_hudlist_swan_song_buff_desc": "",
	"shavehud_hudlist_tooth_and_claw_buff_title": "Dientes y garras (Asesino)",
	"shavehud_hudlist_tooth_and_claw_buff_desc": "",
	"shavehud_hudlist_trigger_happy_buff_title": "Gatillo Fácil",
	"shavehud_hudlist_trigger_happy_buff_desc": "Gatillo Fácil.",
	"shavehud_hudlist_underdog_buff_title": "Mal Perdedor",
	"shavehud_hudlist_underdog_buff_desc": "Mal Perdedor.",
	"shavehud_hudlist_unseen_strike_buff_title": "Ataque Sorpresa",
	"shavehud_hudlist_unseen_strike_buff_desc": "",
	"shavehud_hudlist_up_you_go_buff_title": "Como nuevo",
	"shavehud_hudlist_up_you_go_buff_desc": "Como nuevo.",
	"shavehud_hudlist_uppers_buff_title": "Estimulantes",
	"shavehud_hudlist_uppers_buff_desc": "",
	"shavehud_hudlist_yakuza_buff_title": "Velocidad de Regen Armadura (Yakuza)",
	"shavehud_hudlist_yakuza_buff_desc": "",
	"shavehud_hudlist_anarchist_armor_recovery_debuff_title": "Lust for Life (Anarquista)",
	"shavehud_hudlist_anarchist_armor_recovery_debuff_desc": "",
	"shavehud_hudlist_ammo_give_out_debuff_title": "Recuperación de Distribución de Munición (Apostador)",
	"shavehud_hudlist_ammo_give_out_debuff_desc": "",
	"shavehud_hudlist_bullseye_debuff_title": "Recuperación del Implacable",
	"shavehud_hudlist_bullseye_debuff_desc": "",
	"shavehud_hudlist_inspire_debuff_title": "Recuperación del Boost de Inspiración",
	"shavehud_hudlist_inspire_debuff_desc": "",
	"shavehud_hudlist_inspire_revive_debuff_title": "Recuperación de Inspiración (Revivir)",
	"shavehud_hudlist_inspire_revive_debuff_desc": "",
	"shavehud_hudlist_life_drain_debuff_title": "Recuperación de la absorción de salud (Espía)",
	"shavehud_hudlist_life_drain_debuff_desc": "",
	"shavehud_hudlist_medical_supplies_debuff_title": "Recuperación de Suministros Médicos (Apostador)",
	"shavehud_hudlist_medical_supplies_debuff_desc": "",
	"shavehud_hudlist_sociopath_debuff_title": "Recuperación de la Regen de Salud (Sociópata)",
	"shavehud_hudlist_sociopath_debuff_desc": "",
	"shavehud_hudlist_armorer_teambuff_title": "Aumento de Armadura del Equipo(Armero)",
	"shavehud_hudlist_armorer_teambuff_desc": "",
	"shavehud_hudlist_bulletproof_teambuff_title": "Aumento de Armadura",
	"shavehud_hudlist_bulletproof_teambuff_desc": "",
	"shavehud_hudlist_crew_chief_teambuff_title": "Mejora de Estadísticas (Jefe de Equipo)",
	"shavehud_hudlist_crew_chief_teambuff_desc": "Mejora de estadísticas.",
	"shavehud_hudlist_forced_friendship_teambuff_title": "Mejora de Amistad Forzada",
	"shavehud_hudlist_forced_friendship_teambuff_desc": "",
	"shavehud_hudlist_life_steal_gage_debuff_title": "Robavida",
	"shavehud_hudlist_life_steal_gage_debuff_desc": "",
	"shavehud_hudlist_invulnerable_gage_buff_title": "Invulnerabilidad",
	"shavehud_hudlist_invulnerable_gage_buff_desc": "",
	"shavehud_hudlist_crew_inspire_debuff_title": "Inspiración",
	"shavehud_hudlist_crew_inspire_debuff_desc": "",
	"shavehud_hudlist_crew_throwable_regen_buff_title": "Suministrador",
	"shavehud_hudlist_crew_throwable_regen_buff_desc": "",
	"shavehud_hudlist_crew_health_regen_buff_title": "Curador",
	"shavehud_hudlist_crew_health_regen_buff_desc": "",
	"shavehud_waypoints_options_name": "Opciones de Waypoints Personalizados",
	"shavehud_waypoints_options_help": "Opciones para personalizar los waypoints.",
	"shavehud_waypoints_color_title": "Color de los Waypoints",
	"shavehud_waypoints_color_desc": "El color predeterminado de los Waypoints.",
	"shavehud_waypoints_show_ammo_bag_title": "Mostrar Bolsas de Munición",
	"shavehud_waypoints_show_ammo_bag_desc": "Muestra Waypoints para las bolsas de munición, te muestra la munición restante.",
	"shavehud_waypoints_show_doc_bag_title": "Mostrar Bolsas Médicas",
	"shavehud_waypoints_show_doc_bag_desc": "Muestra Waypoints para las bolsas médicas, te muestra las cargas restantes.",
	"shavehud_waypoints_show_first_aid_kit_title": "Mostrar Botiquines",
	"shavehud_waypoints_show_first_aid_kit_desc": "Muestra Waypoints para los botiquines.",
	"shavehud_waypoints_show_body_bag_title": "Mostrar Cajas de Bolsas para Cadáveres",
	"shavehud_waypoints_show_body_bag_desc": "Muestra Waypoints para las cajas de bolsas para cadáveres, te muestra las bolsas restantes.",
	"shavehud_waypoints_show_grenade_crate_title": "Mostrar maletín de arrojadizas",
	"shavehud_waypoints_show_grenade_crate_desc": "Muestra Waypoints para maletines de arrojadizas, te muestra la cantidad de arrojadizas restantes.",
	"shavehud_waypoints_show_sentries_title": "Mostrar Torretas (aliadas)",
	"shavehud_waypoints_show_sentries_desc": "Muestra Waypoints para tus torretas, te muestra la cantidad de munición restante en ellas.",
	"shavehud_waypoints_show_ecms_title": "Mostrar ECMs",
	"shavehud_waypoints_show_ecms_desc": "Muestra Waypoints para los ECMs, te muestra la batería restante y la duración de su retroalmentación.",
	"shavehud_waypoints_show_timers_title": "Mostrar contadores",
	"shavehud_waypoints_show_timers_desc": "Muestra Waypoints para los contadores, te muestra su tiempo restante y las mejoras activas en ellos.",
	"shavehud_waypoints_show_loot_title": "Mostrar Loot",
	"shavehud_waypoints_show_loot_desc": "Muestra el nombre del Loot encima de el estando cerca de él.",
	"shavehud_waypoints_loot_icon_title": "Ícono de Bolsa",
	"shavehud_waypoints_loot_icon_desc": "Muestra un ícono de bolsa sobre el loot embolsado.",
	"shavehud_waypoints_loot_offset_title": "Altura del texto 1",
	"shavehud_waypoints_loot_offset_desc": "Configura la altura del texto sobre el Loot.",
	"shavehud_waypoints_loot_bagged_offset_title": "Altura del texto 2",
	"shavehud_waypoints_loot_bagged_offset_desc": "Configura la altura del texto sobre el Loot embolsado.",
	"shavehud_waypoints_loot_angle_title": "Ángulo visible",
	"shavehud_waypoints_loot_angle_desc": "Configura el ángulo desde donde es visible el texto del Loot.",
	"shavehud_waypoints_show_special_equipment_title": "Mostrar equipamiento especial",
	"shavehud_waypoints_show_special_equipment_desc": "Muestra waypoints para los distintos equipamientos especiales.",
	"shavehud_waypoints_show_minions_title": "Mostrar enemigos convertidos",
	"shavehud_waypoints_show_minions_desc": "Muestra el nombre de la unidad convertida encima de su cabeza y el color del jugador que lo convirtió \n También muestra las bajas del convertido.",
	"shavehud_waypoints_show_pager_title": "Mostrar Intercomunicador",
	"shavehud_waypoints_show_pager_desc": "Muestra un waypoint para los intercomunicadores activados. Cambia su color cuando alguien lo está respondiendo.",
	"shavehud_tabstats_options_name": "Opciones de TabStats",
	"shavehud_tabstats_options_help": "Configura cómo se ve tus TabStats.",
	"shavehud_tabstats_clock_mode_title": "Modo del Reloj",
	"shavehud_tabstats_clock_mode_desc": "Qué modo se debería usar? 12-h o 24-h",
	"shavehud_tabstats_clock_mode_a": "12-h",
	"shavehud_tabstats_clock_mode_b": "24-h",
	"shavehud_tabstats_clock_mode_c": "Tiempo de la misión",
	"shavehud_use_tabstats_title": "Usar TabStats",
	"shavehud_use_tabstats_desc": "Muestra tus estadísticas en la pantalla de Tab en vez de información de la misión.\n(Un cambio en el mapa es necesario para aplicar...)",
	"shavehud_tabstats_font_size_title": "Tamaño de la fuente",
	"shavehud_tabstats_font_size_desc": "Tamaño de la fuente para la lista de estadísticas avanzadas.",
	"shavehud_tabstats_color_title": "Color de la lista",
	"shavehud_tabstats_color_desc": "Color de la lista de estadísticas avanzadas.",
	"shavehud_tabstats_actual_mask_title": "Usar máscara actual",
	"shavehud_tabstats_actual_mask_desc": "Usa tu máscara actual en vez de la imagen de tu personaje.",
	"shavehud_tabstats_numeric_loot_title": "Contador numérico de Loot",
	"shavehud_tabstats_numeric_loot_desc": "Desactiva el contador de Loot y muestra el número inmediatamente en el TabStats.",
	"shavehud_crewloadout_options_name": "Opciones del equipamieinto de tu equipo",
	"shavehud_crewloadout_options_help": "Elige si quieres información acerca de qué equipo y habilidades están usando tus compañoeros.",
	"shavehud_crewloadout_lobby_title": "Mostrar en el Lobby",
	"shavehud_crewloadout_lobby_desc": "Añade un botón a tu pantallad e lobby, que te muestra tu equipamiento y el de tu equipo.",
	"shavehud_crewloadout_cs_lobby_title": "Mostrar Racha Criminal en el Lobby",
	"shavehud_crewloadout_cs_lobby_desc": "Añade una nueva pestaña al lado de los modificadores y recompensas en el lobby de Racha Criminal.",
	"shavehud_crewloadout_briefing_title": "Reemplazar las instrucciones",
	"shavehud_crewloadout_briefing_desc": "Reemplaza el panel de equipamiento de tu equipo por instrucciones de la misión.",
	"shavehud_crewloadout_tabscreen_title": "Mosttrar en la pantalla (Presionar Tab)",
	"shavehud_crewloadout_tabscreen_desc": "Muestra las habilidades, talentos y ping de los jugadores en el lobby. \n(Deshabilita si ya usas esta característica del LobbyPlayerInfo)",
    "shavehud_profilemenu_replace_title": "Reemplazar el menú del perfil",
    "shavehud_profilemenu_replace_desc": "Reemplaza el menú del perfil básico por uno avanzado de ShaveHUD",
	"shavehud_dmgindicator_options_name": "Indicador de daño",
	"shavehud_dmgindicator_options_help": "Configura el tamaño y colores de tus indicadores de daño.",
	"shavehud_show_dmg_indicator_title": "Indicador de daño dinámico",
	"shavehud_show_dmg_indicator_desc": "Cambia los 4 indicadores de daño estáticos en varios que se mueven de acuerdo con tu posición y la posición de tu atacante.",
	"shavehud_dmg_ind_time_title": "Indicador de duración",
	"shavehud_dmg_ind_time_desc": "Determina el tiempo en que es mostrado el indicador.",
	"shavehud_dmg_ind_size_title": "Tamaño del indicador",
	"shavehud_dmg_ind_size_desc": "Determina el tamaño del círculo donde se ubican los indicadores.",
	"shavehud_dmg_indicator_max_count_title": "Cantidad máxima de indicadores de daño",
	"shavehud_dmg_indicator_max_count_desc": "Especifica la cantidad máxima de indicadores de daño en tu pantalla.",
	"shavehud_dmg_shield_color_title": "Color de Armadura",
	"shavehud_dmg_shield_color_desc": "Color del indicador cuando pierdes armadura.",
	"shavehud_dmg_health_color_title": "Color de vida",
	"shavehud_dmg_health_color_desc": "Color del indicador, cuando pierdes vida.",
	"shavehud_dmg_crit_color_title": "Color de vida baja",
	"shavehud_dmg_crit_color_desc": "Color del indicador cuando tu vida está baja.",
	"shavehud_dmg_vehicle_color_title": "Color del vehículo",
	"shavehud_dmg_vehicle_color_desc": "Color del indicador cuando el vehículo en el que estás, está siendo disparado.",
	"shavehud_dmg_friendlyfire_color_title": "Color de explosivos",
	"shavehud_dmg_friendlyfire_color_desc": "Color del indicador, cuando recives daño de fuego y explosivos",
	"shavehud_dmgpopup_options_name": "Indicadores de daño enemigo",
	"shavehud_dmgpopup_options_help": "Ubica un indicador cerca a la cabeza del enemigo mostrando el daño causado.",
	"shavehud_show_dmg_popup_title": "Indicador de daño enemigo",
	"shavehud_show_dmg_popup_desc": "Habilita el indicador de daño enemigo.",
	"shavehud_dmg_popup_player": "Jugador",
	"shavehud_dmg_popup_all": "Todos",
	"shavehud_dmg_popup_scale_title": "Escala del indicador",
	"shavehud_dmg_popup_scale_desc": "Cambia el tamaño de los indicadores de daño.",
	"shavehud_dmg_popup_skull_scale_title": "Tamaño de la calavera",
	"shavehud_dmg_popup_skull_scale_desc": "Cambia el tamaño del indicador cuando obtienes una baja.",
	"shavehud_dmg_popup_skull_align_title": "Alineación de la calavera",
	"shavehud_dmg_popup_skull_align_desc": "Cambia la alineación de la calavera cuando obtienes una baja.",
	"shavehud_dmg_popup_time_title": "Tiempo del indicador",
	"shavehud_dmg_popup_time_desc": "Determina el tiempo en el que el indicador aparece.",
	"shavehud_dmg_popup_height_title": "Altura del indicador",
	"shavehud_dmg_popup_height_desc": "Determina la altura desde el enemigo del indicador.",
	"shavehud_dmg_popup_alpha_title": "Opacidad del indicador",
	"shavehud_dmg_popup_alpha_desc": "Configura la opacidad del indicador.",
	"shavehud_dmg_popup_color_title": "Color de los bodyshots",
	"shavehud_dmg_popup_color_desc": "Configura el color de los disparos al cuerpo del enemigo",
	"shavehud_dmg_popup_critical_color_title": "Color del disparo crítico",
	"shavehud_dmg_popup_critical_color_desc": "Configura el color de los disparos críticos.",
	"shavehud_dmg_popup_headshot_color_title": "Color de los headshots",
	"shavehud_dmg_popup_headshot_color_desc": "Configura el color de los disparos a la cabeza del enemigo.",
	"shavehud_enemyhealthbar_options_name": "Barra de vida enemiga",
	"shavehud_enemyhealthbar_options_help": "Determina que unidades tienen una barra de vida.",
	"shavehud_show_floatinghealthbar_title": "Show Floating Enemy Healthbar",
	"shavehud_show_floatinghealthbar_desc": "Display Floating Enemy Healthbar, when aiming at an enemy.",
	"shavehud_fhb_custom_fix_title": "Custom Health Texture Fix",
	"shavehud_fhb_custom_fix_desc": "Fixes rendering of custom health textures. Toggle on/off if the FHB health texture's size seems wrong.",
	"shavehud_show_enemyhealthbar_title": "Mostrar Barra de vida",
	"shavehud_show_enemyhealthbar_desc": "Muestra la barra de vida cuando apuntas a un enemigo.\n(Cambio de mapa necesario para aplicar...)",
	"shavehud_show_civhealthbar_title": "Barra de vida de los civiles",
	"shavehud_show_civhealthbar_desc": "Muestra una barra de vida para los civiles y los bots.",
	"shavehud_show_carhealthbar_title": "Mostrar barra de vida del vehículo",
	"shavehud_show_carhealthbar_desc": "Muestra una barra de vida para los vehículps.",
	"shavehud_show_healthbar_pointer_title": "Mostrar puntero",
	"shavehud_show_healthbar_pointer_desc": "Muestra un puntero debajo de la barra de vida apuntando al propietario de la barra.",
	"shavehud_interaction_options_name": "Opciones de interacción",
	"shavehud_interaction_options_help": "Elige tus preferencias de interacción.",
	"shavehud_press2hold_lock_mode_title": "Modo de bloqueo",
	"shavehud_press2hold_lock_mode_desc": "Se bloquea, cuando una interacción dura más de X segundos. (Progreso)\nSe bloquea, Cuando el tiempo de interacción es de más de X segundos. (Total)",
	"shavehud_press2hold_lock_mode_a": "Progreso",
	"shavehud_press2hold_lock_mode_b": "Total",
	"shavehud_press2hold_lock_mode_c": "Intercomunicadores y cerraduras",
	"shavehud_press2hold_lock_mode_d": "Sólo intercomunicadores",
	"shavehud_press2hold_min_timer_duration_title": "Duración mínima",
	"shavehud_press2hold_min_timer_duration_desc": "La duración minima de interacción para que se bloquee.",
	"shavehud_press2hold_show_lockindicator_title": "Mostrar indicador de bloqueo",
	"shavehud_press2hold_show_lockindicator_desc": "Muestra un círculo rojo/verde para indicar cuano la interacción está bloqueada.",
	"shavehud_press2hold_equipment_cancel_title": "Interrumpir Bloqueo",
	"shavehud_press2hold_equipment_cancel_desc": "Interrumpe una interacción bloqueada con una tecla elegida .\n(De otra manera se cancela volviendo a oprimir la tecla de bloqueo.)",
	"shavehud_press2hold_interrupt_hint_title": "Mostrar pista de interrupción",
	"shavehud_press2hold_interrupt_hint_desc": "Muestra un texto que te acuerda de cúal botón cancela la interacción.",
	"shavehud_press2hold_show_timer_title": "Mostrar tiempo restante",
	"shavehud_press2hold_show_timer_desc": "Muestra el tiempo restante dentro del círculo de interacción.",
	"shavehud_press2hold_show_circle_title": "Mostrar Círculo de interacción",
	"shavehud_press2hold_show_circle_desc": "Determina si se muestra el círculo de interacción estándar.",
	"shavehud_press2hold_circle_scale_title": "Escala del círculo",
	"shavehud_press2hold_circle_scale_desc": "Factor de escala del círculo de interacción.",
	"shavehud_press2hold_timer_scale_title": "Escala del contador",
	"shavehud_press2hold_timer_scale_desc": "Factor de escala del contador (Toma en cuenta la escala del círculo de interacción).",
	"shavehud_press2hold_text_scale_title": "Escala del texto",
	"shavehud_press2hold_text_scale_desc": "Muestra el factor de escala del texto debajo del círculo de interacción.",
	"shavehud_press2hold_show_reload_circle_title": "Mostrar contador de recarga",
	"shavehud_press2hold_show_reload_circle_desc": "Determina si se cuenta la recarga como una interacción.",
	"shavehud_press2hold_show_melee_circle_title": "Mostrar la carga del CaC",
	"shavehud_press2hold_show_melee_circle_desc": "Determina si se cuenta la carga Cuerpo a Cuerpo como una interacción.",
	"shavehud_press2hold_timer_color_start_title": "Color del contador (Inicio)",
	"shavehud_press2hold_timer_color_start_desc": "Color con que empieza el contador.",
	"shavehud_press2hold_timer_color_title": "Color del contador (Fin)",
	"shavehud_press2hold_timer_color_desc": "Color con que termina el contador.",
	"shavehud_press2hold_show_timer_outline_title": "Borde Negro",
	"shavehud_press2hold_show_timer_outline_desc": "Muestra un borde negro alrededor del texto de interacción.",
	"shavehud_doubletap_nades_stealth_title": "Cancelar tiro de granada en sigilo",
	"shavehud_doubletap_nades_stealth_desc": "Cuando está activo necesitas oprimir el botón 2 veces para tirar la granada durante sigilo. \nSólo para prevenir accidentes.",
	"shavehud_hold_to_pick_title": "Recoger Automáticamente",
	"shavehud_hold_to_pick_desc": "Automatically pick up small loot.",
	"shavehud_press_to_mask_title": "Press to Mask Up",
	"shavehud_press_to_mask_desc": "When checked, you only have to press (rather than hold) to mask up.",
	"shavehud_inventory_options_name": "Opciones de ajustes de inventario",
	"shavehud_inventory_options_help": "Ajustes para cambiar el comportamiento de tu inventario y equipamiento.",
	"shavehud_equipment_senty_auto_ap_title": "Modo AP auto para las Torretas",
	"shavehud_equipment_senty_auto_ap_desc": "Tus torretas aparecerán en el modo AP si tienes la habilidad.",
	"shavehud_equipment_tripmine_auto_sensor_stealth_title": "Modo de sensor auto para las minas",
	"shavehud_equipment_tripmine_auto_sensor_stealth_desc": "Tus minas aparecerán en modo de sensor cuando estés en sigilo.",
	"shavehud_equipment_ecm_feedback_disabled_stealth_title": "Cancelación de la retroalimentación ECM",
	"shavehud_equipment_ecm_feedback_disabled_stealth_desc": "La retroalimentación de los ECM se cancelará en sigilo.",
	"shavehud_equipment_shaped_charge_disabled_stealth_title": "Cancelación de C4",
	"shavehud_equipment_shaped_charge_disabled_stealth_desc": "Cuando está activo necesitas oprimir 2 veces para usar C4 en sigilo. \nSólo prara prevenir accidentes.",
	"shavehud_equipment_keycard_doors_disabled_title": "Cancelación de puertas con Keycards",
	"shavehud_equipment_keycard_doors_disabled_desc": "Cuando está activado necesitas oprimir 2 veces para cerrar las puertas en el día 2 de la fuga de Hoxton. \nSólo prara prevenir accidentes.",
	"shavehud_override_fedinv": "Enable Federal Inventory",
	"shavehud_override_fedinv_desc": "Enable colorized Inventory icons.\nRequires game restart to fully take effect.",
	"shavehud_gadget_options_name": "Opciones de los dispositivos de armas",
	"shavehud_gadget_options_help": "Especifica tu color de laser favorito.",
	"shavehud_laser_autoon_title": "Laser Automático encendido",
	"shavehud_laser_autoon_desc": "Enciende el laser automáticamente al inicio de la misión en armas que tnegan uno.",
	"shavehud_show_angled_sight_title": "Mostrar mira angular",
	"shavehud_show_angled_sight_desc": "Inclina tu arma cuando la mira angular está activada.",
	"shavehud_gadget_player_laser_options_name": "Laser del jugador",
	"shavehud_gadget_player_laser_options_help": "Ajustes para tu laser.",
	"shavehud_gadget_player_sentry_laser_options_name": "Opciones de torretas del jugador",
	"shavehud_gadget_player_sentry_laser_options_help": "Opciones para los láseres de tus torretas.",
	"shavehud_gadget_team_laser_options_name": "Láseres de tus compañeros",
	"shavehud_gadget_team_laser_options_help": "Ajustes para los Láseres de tus compañeros.",
	"shavehud_gadget_team_sentry_laser_options_name": "Opciones de torretas de compañeros",
	"shavehud_gadget_team_sentry_laser_options_help": "Opciones para los láseres de las torretas de tus compañeros.",
	"shavehud_gadget_sniper_laser_options_name": "Laser del Sniper",
	"shavehud_gadget_sniper_laser_options_help": "Ajustes para los láseres de Snipers enemigos.",
	"shavehud_gadget_turret_laser_active_options_name": "Laser de la torreta (Activa)",
	"shavehud_gadget_turret_laser_active_options_help": "Ajustes del láser de la torreta SWAT activa.",
	"shavehud_gadget_turret_laser_rearming_options_name": "Laser de la torreta (Recargando)",
	"shavehud_gadget_turret_laser_rearming_options_help": "Ajustes del laser de la torreta SWAT cuando está recargando.",
	"shavehud_gadget_turret_laser_mad_options_name": "Laser de la torreta (Hackeada)",
	"shavehud_gadget_turret_laser_mad_options_help": "Ajustes del laser de la torreta SWAT cuando está hackeada.",
	"shavehud_gadget_player_flashlight_options_name": "Linterna del jugador",
	"shavehud_gadget_player_flashlight_options_help": "Ajustes para tu linterna.",
	"shavehud_gadget_team_flashlight_options_name": "Linterna de compañeros",
	"shavehud_gadget_team_flashlight_options_help": "Ajustes para las linternas de tus compañeros.",
	"shavehud_gadgets_enabled_title": "Sobreescribir Color",
	"shavehud_gadgets_enabled_desc": "Usa el laser del gadget de ShaveHUD en vez del que viene en el juego.",
	"shavehud_gadgets_beam_r_title": "Rayo Laser (R)",
	"shavehud_gadgets_beam_r_desc": "Componente rojo del color de tu laser.",
	"shavehud_gadgets_beam_g_title": "Rayo Laser (G)",
	"shavehud_gadgets_beam_g_desc": "Componente verde del color de tu laser.",
	"shavehud_gadgets_beam_b_title": "Rayo Laser (B)",
	"shavehud_gadgets_beam_b_desc": "Componente azul del color de tu laser.",
	"shavehud_gadgets_beam_a_title": "Rayo Laser Alfa",
	"shavehud_gadgets_beam_a_desc": "Opcaidad del Rayo Laser.",
	"shavehud_gadgets_dot_match_title": "Color del punto laser",
	"shavehud_gadgets_dot_match_desc": "Determina si el punto laser no debería igualar al color del laser.",
	"shavehud_gadgets_dot_r_title": "Punto Laser (R)",
	"shavehud_gadgets_dot_r_desc": "Componente rojo del color de los Puntos Laser.",
	"shavehud_gadgets_dot_g_title": "Punto Laser (G)",
	"shavehud_gadgets_dot_g_desc": "Componente verde del color de los Puntos Laser.",
	"shavehud_gadgets_dot_b_title": "Punto Laser (B)",
	"shavehud_gadgets_dot_b_desc": "Componente azul del color de los Puntos Laser.",
	"shavehud_gadgets_dot_a_title": "Punto Laser Alfa",
	"shavehud_gadgets_dot_a_desc": "Opacidad del Punto Laser.",
	"shavehud_gadgets_glow_match_title": "Color del brillo del laser",
	"shavehud_gadgets_glow_match_desc": "Determina si el brillo del laser debería igualar al color del rayo.",
	"shavehud_gadgets_glow_r_title": "Brillo Laser (R)",
	"shavehud_gadgets_glow_r_desc": "Componente rojo del color del Brillo del Laser.",
	"shavehud_gadgets_glow_g_title": "Brillo Laser (G)",
	"shavehud_gadgets_glow_g_desc": "Componente verde del color del Brillo del Laser.",
	"shavehud_gadgets_glow_b_title": "Brillo Laser (B)",
	"shavehud_gadgets_glow_b_desc": "Componente azul del color del Brillo del Laser.",
	"shavehud_gadgets_glow_a_title": " Brillo laser alfa",
	"shavehud_gadgets_glow_a_desc": "Opacidad del brillo del laser.",
	"shavehud_gadgets_light_r_title": "Linterna (Rojo)",
	"shavehud_gadgets_light_r_desc": "Porcentaje de Rojo en el color de la linterna.",
	"shavehud_gadgets_light_g_title": "Linterna (Verde)",
	"shavehud_gadgets_light_g_desc": "Porcentaje de Verde en el color de la linterna.",
	"shavehud_gadgets_light_b_title": "Linterna (Azul)",
	"shavehud_gadgets_light_b_desc": "Porcentaje de Azul en el color de la linterna.",
	"shavehud_gadgets_light_brightness_title": "Brillo de la linterna",
	"shavehud_gadgets_light_brightness_desc": "Brillo de la linterna.",
	"shavehud_gadgets_light_angle_title": "Ángulo de la linterna",
	"shavehud_gadgets_light_angle_desc": "El ángulo en el que brilla la linterna.",
	"shavehud_gadgets_light_range_title": "Rango de la Linterna",
	"shavehud_gadgets_light_range_desc": "Distancia que cubre la Linterna.",
	"shavehud_gadgets_rainbow_enabled_title": "Activar Arcoíris",
	"shavehud_gadgets_rainbow_enabled_desc": "Activa el modo arcoíris.",
	"shavehud_gadgets_rainbow_frequency_title": "Frecuencia del Arcoíris",
	"shavehud_gadgets_rainbow_frequency_desc": "Determina cuán rapido el arcoíris cambia de color.",
	"shavehud_gadgets_pulse_enabled_title": "Pulso",
	"shavehud_gadgets_pulse_enabled_desc": "Activa el modo pulso.",
	"shavehud_gadgets_pulse_min_title": "Pulso Mínimo",
	"shavehud_gadgets_pulse_min_desc": "Mínimo modificador de Opacidad usado.",
	"shavehud_gadgets_pulse_max_title": "Pulso máximo",
	"shavehud_gadgets_pulse_max_desc": "Máximo modificador de Opacidad usado.",
	"shavehud_gadgets_pulse_frequency_title": "Frecuencia de Pulso",
	"shavehud_gadgets_pulse_frequency_desc": "Detemina el tiempo que toma desde el Mínimo al máximo del multiplicador de opacidad.",
	"shavehud_skipit_options_name": "Opciones para Saltar",
	"shavehud_skipit_options_help": "Opciones para saltar los menús innecesarios automáticamente para guardar tiempo.",
	"shavehud_assaultbanner_options_name": "Opciones del Banner de Asalto",
	"shavehud_assaultbanner_options_help": "Opciones para cambiar el banner que muestra el estado del asalto.",
	"shavehud_create_empty_lobby_title": "Create Empty Lobby",
	"shavehud_create_empty_lobby_desc": "Create a contractless multiplayer lobby.\n(defaults to friends-only, changeable to public or private)",
	"shavehud_item_insta_custody_mod_id": "Go into custody",
	"shavehud_item_insta_custody_mod_desc": "Do you want to go into custody?",
	"shavehud_chat_insta_custody_mod_msg": "\"Instant Custody\" mod was used.",
	"shavehud_dialog_insta_custody_mod_yes": "Yes",
	"shavehud_dialog_insta_custody_mod_no": "No",
	"shavehud_autokick_cheat_mods_title": "Autokick Cheat Mods",
    "shavehud_autokick_cheat_mods_desc": "Automatically kick players using cheat mods (that can impact your gameplay)",
    "shavehud_badass_camera_title": "Badass Camera",
    "shavehud_badass_camera_desc": "Enable cinematic camera effects in main menu",
    "shavehud_bag_tilt_removal_title": "Bag Carry Tilt Removal",
    "shavehud_bag_tilt_removal_desc": "Disable the camera tilt when carrying bags",
    "shavehud_bigger_better_replaced_title": "Bigger Better Replaced",
    "shavehud_bigger_better_replaced_desc": "Replaces \"The Bigger The Better\" with \"SpecOps Suppressor\" (model only)",
    "shavehud_bullet_decapitations_title": "Bullet Dismemberment",
    "shavehud_bullet_decapitations_desc": "Improved gore effects",
    "shavehud_clear_descriptions_title": "Clear Descriptions",
    "shavehud_clear_descriptions_desc": "Improved descriptions for weapon gadgets and special ammo",
    "shavehud_correct_armor_sorting_title": "Correct Armor Sorting",
    "shavehud_correct_armor_sorting_desc": "Order armor by protection in ascending order",
    "shavehud_fix_counter_taser_title": "Counter-Taser Animation",
    "shavehud_fix_counter_taser_desc": "Restore the counter-taser animation",
    "shavehud_difficulty_animation_title": "Blackscreen Difficulty Animation",
    "shavehud_difficulty_animation_desc": "Animated difficulty indicator on blackscreen",
    "shavehud_disable_telemetry_title": "Disable Spyware",
    "shavehud_disable_telemetry_desc": "Disable the game's built-in telemetry",
    "shavehud_enable_akimbo_mode_title": "Akimbo Firemode Toggle",
    "shavehud_enable_akimbo_mode_desc": "Activate Akimbo Firemode Toggle Keybind",
    "shavehud_fix_ability_use_title": "Perkdeck Ability Use Fix",
    "shavehud_fix_ability_use_desc": "Allow using perkdeck abilities while driving or shooting",
    "shavehud_fix_auto_fire_sound_title": "Autofire Sound Fix",
    "shavehud_fix_auto_fire_sound_desc": "Prevent duplicate sound playback on single shots",
    "shavehud_fix_bot_bullet_collision_title": "Disable Bot Bullet Collision",
    "shavehud_fix_bot_bullet_collision_desc": "Allow player shots to pass through Team AI",
    "shavehud_fix_bullet_push_title": "Disable Killing Bullet Push",
    "shavehud_fix_bullet_push_desc": "Disable the killing bullet push that causes visual glitches (Shotguns and Stealth unaffected)",
    "shavehud_fix_cloaker_cam_lock_title": "Disable Cloaker Camera Lock",
    "shavehud_fix_cloaker_cam_lock_desc": "Prevents Cloakers from locking your camera",
    "shavehud_fix_correct_diff_enemies_title": "Correct Difficulty Enemies",
    "shavehud_fix_correct_diff_enemies_desc": "Prevent wrong enemies spawning",
    "shavehud_fix_crimespree_crash_loss_title": "Crimespree Crash Loss Fix",
    "shavehud_fix_crimespree_crash_loss_desc": "Prevents losing your crimespree after crashing",
    "shavehud_fix_crimespree_phalanx_spawn_limit_title": "Crimespree Phalanx Spawn Limit",
    "shavehud_fix_crimespree_phalanx_spawn_limit_desc": "Forces Phalanx Shields to adhere to spawn limits",
    "shavehud_fix_crimespree_rankspread_filter_title": "Crimespree Rank Spread Filter Fix",
    "shavehud_fix_crimespree_rankspread_filter_desc": "Fixes the Rank Spread Filter",
    "shavehud_fix_diff_check_fallback_title": "Difficulty Check Fallback Fix",
    "shavehud_fix_diff_check_fallback_desc": "Fixes scripted spawns which are broken on Mayhem/Death Sentence",
    "shavehud_fix_dozer_sprint_title": "Bulldozer Sprint Fix",
    "shavehud_fix_dozer_sprint_desc": "Prevent Bulldozers from sprinting near players, as originally intended",
    "shavehud_fix_keep_heist_outfits_title": "Keep specific heist outfits",
    "shavehud_fix_keep_heist_outfits_desc": "Override outfits if the heist has a specific one (client-side only)",
    "shavehud_fix_logical_heist_outfits_title": "Extend specific heist outfits",
    "shavehud_fix_logical_heist_outfits_desc": "Use Parka for Boiling Point, Legacy Tactical for Slaughterhouse",
    "shavehud_fix_reload_speed_boost_title": "Reload Speed Boost Fix",
    "shavehud_fix_reload_speed_boost_desc": "Allow reload speed boost affectig single reload weapons",
    "shavehud_fix_shotgun_reload_title": "Shotgun Reload Fix",
    "shavehud_fix_shotgun_reload_desc": "Fix an issue where Shotguns and similar weapons only reload one round",
    "shavehud_fix_stale_lobby_title": "Stale Lobby Contract Fix",
    "shavehud_fix_stale_lobby_desc": "Report lobby as contractless to Steam rather than the last finished heist",
    "shavehud_fixes_options_name": "Bugfix Options",
    "shavehud_hidden_dlc_title": "Hide Latest DLC ad",
    "shavehud_hidden_dlc_desc": "Hide latest DLC advertisement on main menu",
    "shavehud_hidden_updates_title": "Hide Content Updates",
    "shavehud_hidden_updates_desc": "Hide Content Updates on main menu",
    "shavehud_instant_custody_title": "Instant Custody",
    "shavehud_instant_custody_desc": "Enables menu option to go into custody voluntarily",
    "shavehud_instant_pick_gage_title": "Instant Gage Package Pickup",
    "shavehud_instant_pick_gage_desc": "Instantly pick up Gage packages",
    "shavehud_inventory_count_title": "Inventory Count",
    "shavehud_inventory_count_desc": "Display additional information for throwables and equipment",
    "shavehud_kick_friend_title": "Don't Ban Friends",
    "shavehud_kick_friend_desc": "Allow friends to rejoin your lobby after a kick",
    "shavehud_ladder_improvements_title": "Ladder Improvements",
    "shavehud_ladder_improvements_desc": "Makes ladder handling much more intuitive, see modwork.shop/23192",
    "shavehud_mask_in_outfit_screen_title": "Show Mask in outfit screen",
    "shavehud_mask_in_outfit_screen_desc": "Display your mask in outfit screen",
    "shavehud_misc_options_name": "Other Options",
    "shavehud_mod_list_lite_title": "Modlist Lite",
    "shavehud_mod_list_lite_desc": "Prevent modlist from loading icons",
    "shavehud_no_fade_title": "Disable Fade to Black",
    "shavehud_no_fade_desc": "Remove Fade to Black in main menu",
    "shavehud_no_red_lasers_title": "No Red Teammate Lasers",
    "shavehud_no_red_lasers_desc": "Replaces red teammate lasers with the default green",
    "shavehud_no_sway_title": "Disable Fake Weapon Sway",
    "shavehud_no_sway_desc": "Remove fake weapon sway when aiming down sights",
    "shavehud_no_weapon_rotation_title": "Disable Weapon Rotation",
    "shavehud_no_weapon_rotation_desc": "Remove Weapon Preview Rotation in the Blackmarket",
    "shavehud_player_blood_title": "Player Bloodsplats",
    "shavehud_player_blood_desc": "Generate bloodsplats when players are hit",
    "shavehud_redundant_card_removal_title": "Remove Redundant Cards",
    "shavehud_redundant_card_removal_desc": "Remove money and experience from the loot table",
    "shavehud_returnable_mask_components_title": "Return Mask Components",
    "shavehud_returnable_mask_components_desc": "Allow returning mask components",
    "shavehud_shield_despawn_timer_title": "Shield Despawn Timer",
    "shavehud_shield_despawn_timer_desc": "Despawn dead Shields after a timeout",
    "shavehud_shield_despawn_timer_value_title": "Despawn Timeout",
    "shavehud_shield_despawn_timer_value_desc": "Timeout in seconds for despawning dead Shields",
    "shavehud_skin_hider_title": "Hide Skins in Lobby",
    "shavehud_skin_hider_desc": "Display Infamy cards instad of skins in lobby (where applicable)",
    "shavehud_starring_title": "Blackscreen Starring",
    "shavehud_starring_desc": "Display player and character names on blackscreen",
    "shavehud_vehicle_fov_title": "Vehicle FOV",
    "shavehud_vehicle_fov_desc": "Override FOV for all vehicles",
    "shavehud_vehicle_fov_value_title": "Override Value",
    "shavehud_vehicle_fov_value_desc": "Set FOV for all vehicles to this",
	"shavehud_fix_third_person_recoil_title": "Third Person Recoil",
	"shavehud_fix_third_person_recoil_desc": "Enable firing/recoil animations for most weapons in third person",
	"shavehud_fix_mag_drop_title": "Mag Drop Fixes",
	"shavehud_fix_mag_drop_desc": "Interrupted reloads no longer cause magazines to be stuck in a player's hands or disappear from the gun.",
	"shavehud_fix_mag_drop_limit_title": "Dropped Magazine Limit",
	"shavehud_fix_mag_drop_limit_desc": "Limit dropped magazines in the world",
	"shavehud_identify_vr_title": "Identify VR Players",
	"shavehud_identify_vr_desc": "Show in chat when someone else is using VR and announce in chat that you're using VR (if applicable)."
}